site,year,ions,avg_ion_conc
Q1,1988-01-05,k_mg_l,0.8066666666666666
Q1,1988-01-05,nitrate_ug_l,155.06666666666666
Q1,1988-01-05,mg_mg_l,2.1926666666666668
Q1,1988-01-05,ca_mg_l,3.42
Q1,1988-01-05,amm_ug_l,27.533333333333335
Q1,1988-01-12,k_mg_l,0.7893333333333333
Q1,1988-01-12,nitrate_ug_l,155.86666666666667
Q1,1988-01-12,mg_mg_l,2.1566666666666667
Q1,1988-01-12,ca_mg_l,3.4086666666666665
Q1,1988-01-12,amm_ug_l,27.933333333333334
Q1,1988-01-19,k_mg_l,0.7846666666666666
Q1,1988-01-19,nitrate_ug_l,156.8
Q1,1988-01-19,mg_mg_l,2.164
Q1,1988-01-19,ca_mg_l,3.4046666666666665
Q1,1988-01-19,amm_ug_l,29
Q1,1988-01-26,k_mg_l,0.7833333333333333
Q1,1988-01-26,nitrate_ug_l,158.06666666666666
Q1,1988-01-26,mg_mg_l,2.17
Q1,1988-01-26,ca_mg_l,3.397333333333333
Q1,1988-01-26,amm_ug_l,28.466666666666665
Q1,1988-01-29,k_mg_l,0.884090909090909
Q1,1988-01-29,nitrate_ug_l,201.36363636363637
Q1,1988-01-29,mg_mg_l,1.835909090909091
Q1,1988-01-29,ca_mg_l,2.9395454545454545
Q1,1988-01-29,amm_ug_l,23.90909090909091
Q1,1988-01-29,k_mg_l,0.884090909090909
Q1,1988-01-29,nitrate_ug_l,201.36363636363637
Q1,1988-01-29,mg_mg_l,1.835909090909091
Q1,1988-01-29,ca_mg_l,2.9395454545454545
Q1,1988-01-29,amm_ug_l,23.90909090909091
Q1,1988-01-29,k_mg_l,0.884090909090909
Q1,1988-01-29,nitrate_ug_l,201.36363636363637
Q1,1988-01-29,mg_mg_l,1.835909090909091
Q1,1988-01-29,ca_mg_l,2.9395454545454545
Q1,1988-01-29,amm_ug_l,23.90909090909091
Q1,1988-01-29,k_mg_l,0.884090909090909
Q1,1988-01-29,nitrate_ug_l,201.36363636363637
Q1,1988-01-29,mg_mg_l,1.835909090909091
Q1,1988-01-29,ca_mg_l,2.9395454545454545
Q1,1988-01-29,amm_ug_l,23.90909090909091
Q1,1988-01-29,k_mg_l,0.884090909090909
Q1,1988-01-29,nitrate_ug_l,201.36363636363637
Q1,1988-01-29,mg_mg_l,1.835909090909091
Q1,1988-01-29,ca_mg_l,2.9395454545454545
Q1,1988-01-29,amm_ug_l,23.90909090909091
Q1,1988-02-02,k_mg_l,0.8911764705882353
Q1,1988-02-02,nitrate_ug_l,204.8235294117647
Q1,1988-02-02,mg_mg_l,1.9364705882352942
Q1,1988-02-02,ca_mg_l,3.0741176470588236
Q1,1988-02-02,amm_ug_l,23.647058823529413
Q1,1988-02-02,k_mg_l,0.8911764705882353
Q1,1988-02-02,nitrate_ug_l,204.8235294117647
Q1,1988-02-02,mg_mg_l,1.9364705882352942
Q1,1988-02-02,ca_mg_l,3.0741176470588236
Q1,1988-02-02,amm_ug_l,23.647058823529413
Q1,1988-02-03,k_mg_l,0.90125
Q1,1988-02-03,nitrate_ug_l,206.9375
Q1,1988-02-03,mg_mg_l,1.99375
Q1,1988-02-03,ca_mg_l,3.10375
Q1,1988-02-03,amm_ug_l,20.6875
Q1,1988-02-04,k_mg_l,0.90125
Q1,1988-02-04,nitrate_ug_l,206.9375
Q1,1988-02-04,mg_mg_l,1.99375
Q1,1988-02-04,ca_mg_l,3.10375
Q1,1988-02-04,amm_ug_l,20.6875
Q1,1988-02-09,k_mg_l,0.90125
Q1,1988-02-09,nitrate_ug_l,206.9375
Q1,1988-02-09,mg_mg_l,1.99375
Q1,1988-02-09,ca_mg_l,3.10375
Q1,1988-02-09,amm_ug_l,20.6875
Q1,1988-02-10,k_mg_l,0.895625
Q1,1988-02-10,nitrate_ug_l,206.4375
Q1,1988-02-10,mg_mg_l,1.99625
Q1,1988-02-10,ca_mg_l,3.111875
Q1,1988-02-10,amm_ug_l,19.4375
Q1,1988-02-16,k_mg_l,0.895625
Q1,1988-02-16,nitrate_ug_l,206.4375
Q1,1988-02-16,mg_mg_l,1.99625
Q1,1988-02-16,ca_mg_l,3.111875
Q1,1988-02-16,amm_ug_l,19.4375
Q1,1988-02-23,k_mg_l,0.900625
Q1,1988-02-23,nitrate_ug_l,208.75
Q1,1988-02-23,mg_mg_l,1.99
Q1,1988-02-23,ca_mg_l,3.098125
Q1,1988-02-23,amm_ug_l,19.1875
Q1,1988-03-01,k_mg_l,0.89375
Q1,1988-03-01,nitrate_ug_l,208.125
Q1,1988-03-01,mg_mg_l,1.985625
Q1,1988-03-01,ca_mg_l,3.0925
Q1,1988-03-01,amm_ug_l,19.1875
Q1,1988-03-08,k_mg_l,0.89
Q1,1988-03-08,nitrate_ug_l,207.8125
Q1,1988-03-08,mg_mg_l,1.976875
Q1,1988-03-08,ca_mg_l,3.084375
Q1,1988-03-08,amm_ug_l,22.125
Q1,1988-03-15,k_mg_l,0.9488235294117647
Q1,1988-03-15,nitrate_ug_l,207.41176470588235
Q1,1988-03-15,mg_mg_l,1.9523529411764706
Q1,1988-03-15,ca_mg_l,3.0376470588235294
Q1,1988-03-15,amm_ug_l,24
Q1,1988-03-23,k_mg_l,0.951764705882353
Q1,1988-03-23,nitrate_ug_l,204.16666666666666
Q1,1988-03-23,mg_mg_l,1.8216666666666668
Q1,1988-03-23,ca_mg_l,2.7822222222222224
Q1,1988-03-23,amm_ug_l,37.44444444444444
Q1,1988-03-29,k_mg_l,0.965625
Q1,1988-03-29,nitrate_ug_l,207.7058823529412
Q1,1988-03-29,mg_mg_l,1.766470588235294
Q1,1988-03-29,ca_mg_l,2.7076470588235293
Q1,1988-03-29,amm_ug_l,38.88235294117647
Q1,1988-03-29,k_mg_l,0.965625
Q1,1988-03-29,nitrate_ug_l,207.7058823529412
Q1,1988-03-29,mg_mg_l,1.766470588235294
Q1,1988-03-29,ca_mg_l,2.7076470588235293
Q1,1988-03-29,amm_ug_l,38.88235294117647
Q1,1988-03-29,k_mg_l,0.965625
Q1,1988-03-29,nitrate_ug_l,207.7058823529412
Q1,1988-03-29,mg_mg_l,1.766470588235294
Q1,1988-03-29,ca_mg_l,2.7076470588235293
Q1,1988-03-29,amm_ug_l,38.88235294117647
Q1,1988-03-29,k_mg_l,0.965625
Q1,1988-03-29,nitrate_ug_l,207.7058823529412
Q1,1988-03-29,mg_mg_l,1.766470588235294
Q1,1988-03-29,ca_mg_l,2.7076470588235293
Q1,1988-03-29,amm_ug_l,38.88235294117647
Q1,1988-03-29,k_mg_l,0.965625
Q1,1988-03-29,nitrate_ug_l,207.7058823529412
Q1,1988-03-29,mg_mg_l,1.766470588235294
Q1,1988-03-29,ca_mg_l,2.7076470588235293
Q1,1988-03-29,amm_ug_l,38.88235294117647
Q1,1988-03-29,k_mg_l,0.965625
Q1,1988-03-29,nitrate_ug_l,207.7058823529412
Q1,1988-03-29,mg_mg_l,1.766470588235294
Q1,1988-03-29,ca_mg_l,2.7076470588235293
Q1,1988-03-29,amm_ug_l,38.88235294117647
Q1,1988-03-29,k_mg_l,0.965625
Q1,1988-03-29,nitrate_ug_l,207.7058823529412
Q1,1988-03-29,mg_mg_l,1.766470588235294
Q1,1988-03-29,ca_mg_l,2.7076470588235293
Q1,1988-03-29,amm_ug_l,38.88235294117647
Q1,1988-03-29,k_mg_l,0.965625
Q1,1988-03-29,nitrate_ug_l,207.7058823529412
Q1,1988-03-29,mg_mg_l,1.766470588235294
Q1,1988-03-29,ca_mg_l,2.7076470588235293
Q1,1988-03-29,amm_ug_l,38.88235294117647
Q1,1988-04-05,k_mg_l,0.8788888888888888
Q1,1988-04-05,nitrate_ug_l,150.5
Q1,1988-04-05,mg_mg_l,2.191
Q1,1988-04-05,ca_mg_l,3.1069999999999998
Q1,1988-04-05,amm_ug_l,60.9
Q1,1988-04-12,k_mg_l,0.8766666666666667
Q1,1988-04-12,nitrate_ug_l,151.7
Q1,1988-04-12,mg_mg_l,2.251
Q1,1988-04-12,ca_mg_l,3.19
Q1,1988-04-12,amm_ug_l,64.2
Q1,1988-04-19,k_mg_l,0.8855555555555555
Q1,1988-04-19,nitrate_ug_l,152.88888888888889
Q1,1988-04-19,mg_mg_l,2.259
Q1,1988-04-19,ca_mg_l,3.121
Q1,1988-04-19,amm_ug_l,67.6
Q1,1988-04-26,k_mg_l,0.8811111111111111
Q1,1988-04-26,nitrate_ug_l,153.25
Q1,1988-04-26,mg_mg_l,2.197
Q1,1988-04-26,ca_mg_l,3.005
Q1,1988-04-26,amm_ug_l,81.8
Q1,1988-05-03,k_mg_l,0.8777777777777778
Q1,1988-05-03,nitrate_ug_l,154.85714285714286
Q1,1988-05-03,mg_mg_l,2.181
Q1,1988-05-03,ca_mg_l,3.062
Q1,1988-05-03,amm_ug_l,87.77777777777777
Q1,1988-05-10,k_mg_l,0.8811111111111111
Q1,1988-05-10,nitrate_ug_l,157.5
Q1,1988-05-10,mg_mg_l,2.183
Q1,1988-05-10,ca_mg_l,2.985
Q1,1988-05-10,amm_ug_l,90.625
Q1,1988-05-10,k_mg_l,0.8811111111111111
Q1,1988-05-10,nitrate_ug_l,157.5
Q1,1988-05-10,mg_mg_l,2.183
Q1,1988-05-10,ca_mg_l,2.985
Q1,1988-05-10,amm_ug_l,90.625
Q1,1988-05-10,k_mg_l,0.8811111111111111
Q1,1988-05-10,nitrate_ug_l,157.5
Q1,1988-05-10,mg_mg_l,2.183
Q1,1988-05-10,ca_mg_l,2.985
Q1,1988-05-10,amm_ug_l,90.625
Q1,1988-05-10,k_mg_l,0.8811111111111111
Q1,1988-05-10,nitrate_ug_l,157.5
Q1,1988-05-10,mg_mg_l,2.183
Q1,1988-05-10,ca_mg_l,2.985
Q1,1988-05-10,amm_ug_l,90.625
Q1,1988-05-10,k_mg_l,0.8811111111111111
Q1,1988-05-10,nitrate_ug_l,157.5
Q1,1988-05-10,mg_mg_l,2.183
Q1,1988-05-10,ca_mg_l,2.985
Q1,1988-05-10,amm_ug_l,90.625
Q1,1988-05-17,k_mg_l,0.7914285714285715
Q1,1988-05-17,nitrate_ug_l,150
Q1,1988-05-17,mg_mg_l,2.0766666666666667
Q1,1988-05-17,ca_mg_l,2.95875
Q1,1988-05-17,amm_ug_l,107.66666666666667
Q1,1988-05-24,k_mg_l,0.7877777777777778
Q1,1988-05-24,nitrate_ug_l,150.66666666666666
Q1,1988-05-24,mg_mg_l,2.188
Q1,1988-05-24,ca_mg_l,3.1433333333333335
Q1,1988-05-24,amm_ug_l,81.8
Q1,1988-05-31,k_mg_l,0.7833333333333333
Q1,1988-05-31,nitrate_ug_l,151.5
Q1,1988-05-31,mg_mg_l,2.233
Q1,1988-05-31,ca_mg_l,3.2644444444444445
Q1,1988-05-31,amm_ug_l,86.5
Q1,1988-06-07,k_mg_l,0.7644444444444445
Q1,1988-06-07,nitrate_ug_l,147
Q1,1988-06-07,mg_mg_l,2.266
Q1,1988-06-07,ca_mg_l,3.3000000000000003
Q1,1988-06-07,amm_ug_l,95
Q1,1988-06-14,k_mg_l,0.7655555555555555
Q1,1988-06-14,nitrate_ug_l,NA
Q1,1988-06-14,mg_mg_l,2.267
Q1,1988-06-14,ca_mg_l,3.2977777777777777
Q1,1988-06-14,amm_ug_l,113
Q1,1988-06-21,k_mg_l,0.7711111111111111
Q1,1988-06-21,nitrate_ug_l,NA
Q1,1988-06-21,mg_mg_l,2.267
Q1,1988-06-21,ca_mg_l,3.2933333333333334
Q1,1988-06-21,amm_ug_l,87
Q1,1988-06-28,k_mg_l,0.7623076923076924
Q1,1988-06-28,nitrate_ug_l,34.2
Q1,1988-06-28,mg_mg_l,1.9653846153846153
Q1,1988-06-28,ca_mg_l,2.770769230769231
Q1,1988-06-28,amm_ug_l,16
Q1,1988-07-05,k_mg_l,0.7676923076923077
Q1,1988-07-05,nitrate_ug_l,53.5
Q1,1988-07-05,mg_mg_l,1.9584615384615385
Q1,1988-07-05,ca_mg_l,2.6492307692307695
Q1,1988-07-05,amm_ug_l,16
Q1,1988-07-12,k_mg_l,0.7607692307692308
Q1,1988-07-12,nitrate_ug_l,63
Q1,1988-07-12,mg_mg_l,1.9523076923076923
Q1,1988-07-12,ca_mg_l,2.686923076923077
Q1,1988-07-12,amm_ug_l,15.5
Q1,1988-07-19,k_mg_l,0.7628571428571429
Q1,1988-07-19,nitrate_ug_l,79.125
Q1,1988-07-19,mg_mg_l,2.0284615384615385
Q1,1988-07-19,ca_mg_l,2.545
Q1,1988-07-19,amm_ug_l,15.5
Q1,1988-07-22,k_mg_l,0.7642857142857142
Q1,1988-07-22,nitrate_ug_l,87
Q1,1988-07-22,mg_mg_l,2.09
Q1,1988-07-22,ca_mg_l,2.6314285714285717
Q1,1988-07-22,amm_ug_l,26
Q1,1988-07-26,k_mg_l,0.76
Q1,1988-07-26,nitrate_ug_l,87
Q1,1988-07-26,mg_mg_l,2.058333333333333
Q1,1988-07-26,ca_mg_l,2.5876923076923077
Q1,1988-07-26,amm_ug_l,26
Q1,1988-07-26,k_mg_l,0.76
Q1,1988-07-26,nitrate_ug_l,87
Q1,1988-07-26,mg_mg_l,2.058333333333333
Q1,1988-07-26,ca_mg_l,2.5876923076923077
Q1,1988-07-26,amm_ug_l,26
Q1,1988-08-02,k_mg_l,0.76
Q1,1988-08-02,nitrate_ug_l,93.2
Q1,1988-08-02,mg_mg_l,2.1425
Q1,1988-08-02,ca_mg_l,2.7246153846153844
Q1,1988-08-02,amm_ug_l,26
Q1,1988-08-09,k_mg_l,0.76
Q1,1988-08-09,nitrate_ug_l,88.63636363636364
Q1,1988-08-09,mg_mg_l,2.075
Q1,1988-08-09,ca_mg_l,2.6915384615384617
Q1,1988-08-09,amm_ug_l,34.25
Q1,1988-08-16,k_mg_l,0.7553846153846154
Q1,1988-08-16,nitrate_ug_l,93.83333333333333
Q1,1988-08-16,mg_mg_l,2.046666666666667
Q1,1988-08-16,ca_mg_l,2.8038461538461537
Q1,1988-08-16,amm_ug_l,37.2
Q1,1988-08-23,k_mg_l,0.7483333333333333
Q1,1988-08-23,nitrate_ug_l,98.46153846153847
Q1,1988-08-23,mg_mg_l,1.9736363636363636
Q1,1988-08-23,ca_mg_l,2.7466666666666666
Q1,1988-08-23,amm_ug_l,43.2
Q1,1988-08-24,k_mg_l,0.7491666666666666
Q1,1988-08-24,nitrate_ug_l,99.3076923076923
Q1,1988-08-24,mg_mg_l,1.96
Q1,1988-08-24,ca_mg_l,2.748333333333333
Q1,1988-08-24,amm_ug_l,43.2
Q1,1988-08-24,k_mg_l,0.7491666666666666
Q1,1988-08-24,nitrate_ug_l,99.3076923076923
Q1,1988-08-24,mg_mg_l,1.96
Q1,1988-08-24,ca_mg_l,2.748333333333333
Q1,1988-08-24,amm_ug_l,43.2
Q1,1988-08-24,k_mg_l,0.7491666666666666
Q1,1988-08-24,nitrate_ug_l,99.3076923076923
Q1,1988-08-24,mg_mg_l,1.96
Q1,1988-08-24,ca_mg_l,2.748333333333333
Q1,1988-08-24,amm_ug_l,43.2
Q1,1988-08-24,k_mg_l,0.7491666666666666
Q1,1988-08-24,nitrate_ug_l,99.3076923076923
Q1,1988-08-24,mg_mg_l,1.96
Q1,1988-08-24,ca_mg_l,2.748333333333333
Q1,1988-08-24,amm_ug_l,43.2
Q1,1988-08-24,k_mg_l,0.7491666666666666
Q1,1988-08-24,nitrate_ug_l,99.3076923076923
Q1,1988-08-24,mg_mg_l,1.96
Q1,1988-08-24,ca_mg_l,2.748333333333333
Q1,1988-08-24,amm_ug_l,43.2
Q1,1988-08-30,k_mg_l,0.76
Q1,1988-08-30,nitrate_ug_l,139.44444444444446
Q1,1988-08-30,mg_mg_l,2.43
Q1,1988-08-30,ca_mg_l,3.48625
Q1,1988-08-30,amm_ug_l,43.2
Q1,1988-09-06,k_mg_l,0.7811111111111111
Q1,1988-09-06,nitrate_ug_l,138.5
Q1,1988-09-06,mg_mg_l,2.4744444444444444
Q1,1988-09-06,ca_mg_l,3.6911111111111112
Q1,1988-09-06,amm_ug_l,43.2
Q1,1988-09-13,k_mg_l,0.7925
Q1,1988-09-13,nitrate_ug_l,140.55555555555554
Q1,1988-09-13,mg_mg_l,2.43875
Q1,1988-09-13,ca_mg_l,3.665
Q1,1988-09-13,amm_ug_l,50.25
Q1,1988-09-20,k_mg_l,0.8175
Q1,1988-09-20,nitrate_ug_l,133.66666666666666
Q1,1988-09-20,mg_mg_l,2.5825
Q1,1988-09-20,ca_mg_l,4.1049999999999995
Q1,1988-09-20,amm_ug_l,50.25
Q1,1988-09-27,k_mg_l,0.83125
Q1,1988-09-27,nitrate_ug_l,132.44444444444446
Q1,1988-09-27,mg_mg_l,2.5412500000000002
Q1,1988-09-27,ca_mg_l,4.11375
Q1,1988-09-27,amm_ug_l,51.333333333333336
Q1,1988-10-04,k_mg_l,0.845
Q1,1988-10-04,nitrate_ug_l,131.33333333333334
Q1,1988-10-04,mg_mg_l,2.55875
Q1,1988-10-04,ca_mg_l,4.1125
Q1,1988-10-04,amm_ug_l,51.333333333333336
Q1,1988-10-11,k_mg_l,0.85625
Q1,1988-10-11,nitrate_ug_l,142
Q1,1988-10-11,mg_mg_l,2.61
Q1,1988-10-11,ca_mg_l,4.26125
Q1,1988-10-11,amm_ug_l,47.5
Q1,1988-10-18,k_mg_l,0.89375
Q1,1988-10-18,nitrate_ug_l,141.77777777777777
Q1,1988-10-18,mg_mg_l,2.61875
Q1,1988-10-18,ca_mg_l,4.1625
Q1,1988-10-18,amm_ug_l,46
Q1,1988-10-25,k_mg_l,0.8977777777777778
Q1,1988-10-25,nitrate_ug_l,142
Q1,1988-10-25,mg_mg_l,2.6333333333333333
Q1,1988-10-25,ca_mg_l,4.173333333333334
Q1,1988-10-25,amm_ug_l,NA
Q1,1988-11-01,k_mg_l,0.9033333333333333
Q1,1988-11-01,nitrate_ug_l,143.11111111111111
Q1,1988-11-01,mg_mg_l,2.6466666666666665
Q1,1988-11-01,ca_mg_l,4.193333333333333
Q1,1988-11-01,amm_ug_l,NA
Q1,1988-11-07,k_mg_l,0.8333333333333334
Q1,1988-11-07,nitrate_ug_l,143.125
Q1,1988-11-07,mg_mg_l,2.398888888888889
Q1,1988-11-07,ca_mg_l,4.1825
Q1,1988-11-07,amm_ug_l,NA
Q1,1988-11-15,k_mg_l,0.8444444444444444
Q1,1988-11-15,nitrate_ug_l,153.625
Q1,1988-11-15,mg_mg_l,2.3722222222222222
Q1,1988-11-15,ca_mg_l,4.15125
Q1,1988-11-15,amm_ug_l,NA
Q1,1988-11-22,k_mg_l,0.8444444444444444
Q1,1988-11-22,nitrate_ug_l,138.625
Q1,1988-11-22,mg_mg_l,2.3777777777777778
Q1,1988-11-22,ca_mg_l,4.1775
Q1,1988-11-22,amm_ug_l,NA
Q1,1988-11-29,k_mg_l,0.8555555555555555
Q1,1988-11-29,nitrate_ug_l,140.625
Q1,1988-11-29,mg_mg_l,2.431111111111111
Q1,1988-11-29,ca_mg_l,4.25
Q1,1988-11-29,amm_ug_l,NA
Q1,1988-12-06,k_mg_l,0.8744444444444445
Q1,1988-12-06,nitrate_ug_l,144.625
Q1,1988-12-06,mg_mg_l,2.438888888888889
Q1,1988-12-06,ca_mg_l,4.285
Q1,1988-12-06,amm_ug_l,NA
Q1,1988-12-13,k_mg_l,0.8888888888888888
Q1,1988-12-13,nitrate_ug_l,149.25
Q1,1988-12-13,mg_mg_l,2.47
Q1,1988-12-13,ca_mg_l,4.3175
Q1,1988-12-13,amm_ug_l,NA
Q1,1988-12-20,k_mg_l,0.8588888888888889
Q1,1988-12-20,nitrate_ug_l,153
Q1,1988-12-20,mg_mg_l,2.502222222222222
Q1,1988-12-20,ca_mg_l,4.32875
Q1,1988-12-20,amm_ug_l,NA
Q1,1988-12-27,k_mg_l,0.85
Q1,1988-12-27,nitrate_ug_l,153.375
Q1,1988-12-27,mg_mg_l,2.5044444444444443
Q1,1988-12-27,ca_mg_l,4.31875
Q1,1988-12-27,amm_ug_l,NA
Q1,1989-01-03,k_mg_l,0.851111111111111
Q1,1989-01-03,nitrate_ug_l,153.75
Q1,1989-01-03,mg_mg_l,2.5
Q1,1989-01-03,ca_mg_l,4.2925
Q1,1989-01-03,amm_ug_l,NA
Q1,1989-01-10,k_mg_l,0.9177777777777778
Q1,1989-01-10,nitrate_ug_l,153.55555555555554
Q1,1989-01-10,mg_mg_l,2.7688888888888887
Q1,1989-01-10,ca_mg_l,4.292222222222223
Q1,1989-01-10,amm_ug_l,NA
Q1,1989-01-17,k_mg_l,0.9088888888888889
Q1,1989-01-17,nitrate_ug_l,130.11111111111111
Q1,1989-01-17,mg_mg_l,2.783333333333333
Q1,1989-01-17,ca_mg_l,4.293333333333333
Q1,1989-01-17,amm_ug_l,NA
Q1,1989-01-24,k_mg_l,0.8866666666666666
Q1,1989-01-24,nitrate_ug_l,145.44444444444446
Q1,1989-01-24,mg_mg_l,2.8
Q1,1989-01-24,ca_mg_l,4.251111111111111
Q1,1989-01-24,amm_ug_l,NA
Q1,1989-01-31,k_mg_l,0.8677777777777778
Q1,1989-01-31,nitrate_ug_l,144.55555555555554
Q1,1989-01-31,mg_mg_l,2.8033333333333332
Q1,1989-01-31,ca_mg_l,4.204444444444444
Q1,1989-01-31,amm_ug_l,NA
Q1,1989-02-07,k_mg_l,0.8488888888888889
Q1,1989-02-07,nitrate_ug_l,141.77777777777777
Q1,1989-02-07,mg_mg_l,2.791111111111111
Q1,1989-02-07,ca_mg_l,4.096666666666667
Q1,1989-02-07,amm_ug_l,NA
Q1,1989-02-14,k_mg_l,0.8366666666666667
Q1,1989-02-14,nitrate_ug_l,138.11111111111111
Q1,1989-02-14,mg_mg_l,2.7466666666666666
Q1,1989-02-14,ca_mg_l,4.073333333333333
Q1,1989-02-14,amm_ug_l,NA
Q1,1989-02-21,k_mg_l,0.8366666666666667
Q1,1989-02-21,nitrate_ug_l,130.88888888888889
Q1,1989-02-21,mg_mg_l,2.73
Q1,1989-02-21,ca_mg_l,4.14
Q1,1989-02-21,amm_ug_l,NA
Q1,1989-02-28,k_mg_l,0.84
Q1,1989-02-28,nitrate_ug_l,129.55555555555554
Q1,1989-02-28,mg_mg_l,2.7266666666666666
Q1,1989-02-28,ca_mg_l,4.222222222222222
Q1,1989-02-28,amm_ug_l,NA
Q1,1989-03-07,k_mg_l,0.8366666666666667
Q1,1989-03-07,nitrate_ug_l,126.88888888888889
Q1,1989-03-07,mg_mg_l,2.7444444444444445
Q1,1989-03-07,ca_mg_l,4.335555555555556
Q1,1989-03-07,amm_ug_l,NA
Q1,1989-03-09,k_mg_l,0.8544444444444445
Q1,1989-03-09,nitrate_ug_l,126.44444444444444
Q1,1989-03-09,mg_mg_l,2.7111111111111112
Q1,1989-03-09,ca_mg_l,4.372222222222222
Q1,1989-03-09,amm_ug_l,NA
Q1,1989-03-14,k_mg_l,0.8544444444444445
Q1,1989-03-14,nitrate_ug_l,126.44444444444444
Q1,1989-03-14,mg_mg_l,2.7111111111111112
Q1,1989-03-14,ca_mg_l,4.372222222222222
Q1,1989-03-14,amm_ug_l,NA
Q1,1989-03-14,k_mg_l,0.8544444444444445
Q1,1989-03-14,nitrate_ug_l,126.44444444444444
Q1,1989-03-14,mg_mg_l,2.7111111111111112
Q1,1989-03-14,ca_mg_l,4.372222222222222
Q1,1989-03-14,amm_ug_l,NA
Q1,1989-03-21,k_mg_l,0.8544444444444445
Q1,1989-03-21,nitrate_ug_l,141.88888888888889
Q1,1989-03-21,mg_mg_l,2.738888888888889
Q1,1989-03-21,ca_mg_l,4.444444444444445
Q1,1989-03-21,amm_ug_l,NA
Q1,1989-03-28,k_mg_l,0.8622222222222222
Q1,1989-03-28,nitrate_ug_l,141.22222222222223
Q1,1989-03-28,mg_mg_l,2.7399999999999998
Q1,1989-03-28,ca_mg_l,4.528888888888889
Q1,1989-03-28,amm_ug_l,NA
Q1,1989-04-04,k_mg_l,0.8722222222222222
Q1,1989-04-04,nitrate_ug_l,140.88888888888889
Q1,1989-04-04,mg_mg_l,2.7555555555555555
Q1,1989-04-04,ca_mg_l,4.613333333333333
Q1,1989-04-04,amm_ug_l,NA
Q1,1989-04-11,k_mg_l,0.9366666666666666
Q1,1989-04-11,nitrate_ug_l,139.55555555555554
Q1,1989-04-11,mg_mg_l,3.0011111111111113
Q1,1989-04-11,ca_mg_l,4.803333333333334
Q1,1989-04-11,amm_ug_l,NA
Q1,1989-04-18,k_mg_l,0.9344444444444444
Q1,1989-04-18,nitrate_ug_l,138
Q1,1989-04-18,mg_mg_l,2.9655555555555555
Q1,1989-04-18,ca_mg_l,4.863333333333333
Q1,1989-04-18,amm_ug_l,NA
Q1,1989-04-25,k_mg_l,0.9377777777777778
Q1,1989-04-25,nitrate_ug_l,141
Q1,1989-04-25,mg_mg_l,2.997777777777778
Q1,1989-04-25,ca_mg_l,4.794444444444444
Q1,1989-04-25,amm_ug_l,NA
Q1,1989-05-02,k_mg_l,0.9322222222222222
Q1,1989-05-02,nitrate_ug_l,142.55555555555554
Q1,1989-05-02,mg_mg_l,3.0433333333333334
Q1,1989-05-02,ca_mg_l,4.751111111111111
Q1,1989-05-02,amm_ug_l,NA
Q1,1989-05-09,k_mg_l,0.9299999999999999
Q1,1989-05-09,nitrate_ug_l,128.66666666666666
Q1,1989-05-09,mg_mg_l,2.8722222222222222
Q1,1989-05-09,ca_mg_l,4.466666666666667
Q1,1989-05-09,amm_ug_l,NA
Q1,1989-05-16,k_mg_l,0.9333333333333333
Q1,1989-05-16,nitrate_ug_l,125.88888888888889
Q1,1989-05-16,mg_mg_l,2.91
Q1,1989-05-16,ca_mg_l,4.514444444444444
Q1,1989-05-16,amm_ug_l,NA
Q1,1989-05-23,k_mg_l,0.9477777777777777
Q1,1989-05-23,nitrate_ug_l,123
Q1,1989-05-23,mg_mg_l,2.901111111111111
Q1,1989-05-23,ca_mg_l,4.5344444444444445
Q1,1989-05-23,amm_ug_l,NA
Q1,1989-05-30,k_mg_l,0.9577777777777777
Q1,1989-05-30,nitrate_ug_l,120.125
Q1,1989-05-30,mg_mg_l,2.868888888888889
Q1,1989-05-30,ca_mg_l,4.49
Q1,1989-05-30,amm_ug_l,NA
Q1,1989-06-06,k_mg_l,0.9622222222222222
Q1,1989-06-06,nitrate_ug_l,118.875
Q1,1989-06-06,mg_mg_l,2.847777777777778
Q1,1989-06-06,ca_mg_l,4.441111111111111
Q1,1989-06-06,amm_ug_l,NA
Q1,1989-06-13,k_mg_l,0.9166666666666666
Q1,1989-06-13,nitrate_ug_l,113.5
Q1,1989-06-13,mg_mg_l,2.6277777777777778
Q1,1989-06-13,ca_mg_l,4.373333333333333
Q1,1989-06-13,amm_ug_l,NA
Q1,1989-06-20,k_mg_l,0.9344444444444444
Q1,1989-06-20,nitrate_ug_l,109.25
Q1,1989-06-20,mg_mg_l,2.7422222222222223
Q1,1989-06-20,ca_mg_l,4.333333333333333
Q1,1989-06-20,amm_ug_l,NA
Q1,1989-06-27,k_mg_l,0.9444444444444444
Q1,1989-06-27,nitrate_ug_l,116.625
Q1,1989-06-27,mg_mg_l,2.5477777777777777
Q1,1989-06-27,ca_mg_l,3.991111111111111
Q1,1989-06-27,amm_ug_l,NA
Q1,1989-07-05,k_mg_l,0.944
Q1,1989-07-05,nitrate_ug_l,92.22222222222223
Q1,1989-07-05,mg_mg_l,2.54
Q1,1989-07-05,ca_mg_l,4.066
Q1,1989-07-05,amm_ug_l,NA
Q1,1989-07-11,k_mg_l,0.95
Q1,1989-07-11,nitrate_ug_l,102.5
Q1,1989-07-11,mg_mg_l,2.6822222222222223
Q1,1989-07-11,ca_mg_l,4.251111111111111
Q1,1989-07-11,amm_ug_l,NA
Q1,1989-07-18,k_mg_l,0.9377777777777778
Q1,1989-07-18,nitrate_ug_l,99.57142857142857
Q1,1989-07-18,mg_mg_l,2.681111111111111
Q1,1989-07-18,ca_mg_l,4.158888888888889
Q1,1989-07-18,amm_ug_l,NA
Q1,1989-07-26,k_mg_l,0.990909090909091
Q1,1989-07-26,nitrate_ug_l,88.375
Q1,1989-07-26,mg_mg_l,2.638181818181818
Q1,1989-07-26,ca_mg_l,4.019090909090909
Q1,1989-07-26,amm_ug_l,NA
Q1,1989-08-01,k_mg_l,0.995
Q1,1989-08-01,nitrate_ug_l,84
Q1,1989-08-01,mg_mg_l,2.642
Q1,1989-08-01,ca_mg_l,3.98
Q1,1989-08-01,amm_ug_l,NA
Q1,1989-08-08,k_mg_l,1.0245454545454546
Q1,1989-08-08,nitrate_ug_l,75.66666666666667
Q1,1989-08-08,mg_mg_l,2.648
Q1,1989-08-08,ca_mg_l,3.9739999999999998
Q1,1989-08-08,amm_ug_l,NA
Q1,1989-08-15,k_mg_l,1.0172727272727273
Q1,1989-08-15,nitrate_ug_l,75.33333333333333
Q1,1989-08-15,mg_mg_l,2.636
Q1,1989-08-15,ca_mg_l,3.944
Q1,1989-08-15,amm_ug_l,NA
Q1,1989-08-22,k_mg_l,1.0227272727272727
Q1,1989-08-22,nitrate_ug_l,71.4
Q1,1989-08-22,mg_mg_l,2.6189999999999998
Q1,1989-08-22,ca_mg_l,3.939
Q1,1989-08-22,amm_ug_l,NA
Q1,1989-08-29,k_mg_l,1.049090909090909
Q1,1989-08-29,nitrate_ug_l,81.6
Q1,1989-08-29,mg_mg_l,2.781
Q1,1989-08-29,ca_mg_l,4.265
Q1,1989-08-29,amm_ug_l,NA
Q1,1989-09-05,k_mg_l,1.079090909090909
Q1,1989-09-05,nitrate_ug_l,142
Q1,1989-09-05,mg_mg_l,2.912
Q1,1989-09-05,ca_mg_l,4.227
Q1,1989-09-05,amm_ug_l,NA
Q1,1989-09-12,k_mg_l,1.2741666666666667
Q1,1989-09-12,nitrate_ug_l,412.1666666666667
Q1,1989-09-12,mg_mg_l,2.9445454545454544
Q1,1989-09-12,ca_mg_l,4.182727272727273
Q1,1989-09-12,amm_ug_l,NA
Q1,1989-09-20,k_mg_l,1.2953846153846154
Q1,1989-09-20,nitrate_ug_l,365
Q1,1989-09-20,mg_mg_l,2.970833333333333
Q1,1989-09-20,ca_mg_l,4.2
Q1,1989-09-20,amm_ug_l,NA
Q1,1989-09-22,k_mg_l,1.2953846153846154
Q1,1989-09-22,nitrate_ug_l,365
Q1,1989-09-22,mg_mg_l,2.970833333333333
Q1,1989-09-22,ca_mg_l,4.2
Q1,1989-09-22,amm_ug_l,NA
Q1,1989-09-26,k_mg_l,1.3208333333333333
Q1,1989-09-26,nitrate_ug_l,415.7142857142857
Q1,1989-09-26,mg_mg_l,3.0154545454545456
Q1,1989-09-26,ca_mg_l,4.2290909090909095
Q1,1989-09-26,amm_ug_l,NA
Q1,1989-09-26,k_mg_l,1.3208333333333333
Q1,1989-09-26,nitrate_ug_l,415.7142857142857
Q1,1989-09-26,mg_mg_l,3.0154545454545456
Q1,1989-09-26,ca_mg_l,4.2290909090909095
Q1,1989-09-26,amm_ug_l,NA
Q1,1989-10-03,k_mg_l,1.299090909090909
Q1,1989-10-03,nitrate_ug_l,386.875
Q1,1989-10-03,mg_mg_l,3.116
Q1,1989-10-03,ca_mg_l,4.421
Q1,1989-10-03,amm_ug_l,NA
Q1,1989-10-05,k_mg_l,1.2845454545454544
Q1,1989-10-05,nitrate_ug_l,360.22222222222223
Q1,1989-10-05,mg_mg_l,3.152
Q1,1989-10-05,ca_mg_l,4.566
Q1,1989-10-05,amm_ug_l,NA
Q1,1989-10-10,k_mg_l,1.287
Q1,1989-10-10,nitrate_ug_l,360.22222222222223
Q1,1989-10-10,mg_mg_l,3.152
Q1,1989-10-10,ca_mg_l,4.566
Q1,1989-10-10,amm_ug_l,NA
Q1,1989-10-17,k_mg_l,1.279
Q1,1989-10-17,nitrate_ug_l,368.55555555555554
Q1,1989-10-17,mg_mg_l,3.194
Q1,1989-10-17,ca_mg_l,4.726
Q1,1989-10-17,amm_ug_l,NA
Q1,1989-10-24,k_mg_l,1.255
Q1,1989-10-24,nitrate_ug_l,346.5
Q1,1989-10-24,mg_mg_l,3.226
Q1,1989-10-24,ca_mg_l,4.888
Q1,1989-10-24,amm_ug_l,NA
Q1,1989-10-31,k_mg_l,1.232
Q1,1989-10-31,nitrate_ug_l,324.1
Q1,1989-10-31,mg_mg_l,3.237
Q1,1989-10-31,ca_mg_l,5.118
Q1,1989-10-31,amm_ug_l,NA
Q1,1989-11-07,k_mg_l,1.407
Q1,1989-11-07,nitrate_ug_l,322.55555555555554
Q1,1989-11-07,mg_mg_l,3.159
Q1,1989-11-07,ca_mg_l,5.219
Q1,1989-11-07,amm_ug_l,NA
Q1,1989-11-08,k_mg_l,1.336
Q1,1989-11-08,nitrate_ug_l,280.1111111111111
Q1,1989-11-08,mg_mg_l,3.174
Q1,1989-11-08,ca_mg_l,5.384
Q1,1989-11-08,amm_ug_l,NA
Q1,1989-11-14,k_mg_l,1.1922222222222223
Q1,1989-11-14,nitrate_ug_l,144.5
Q1,1989-11-14,mg_mg_l,3.1822222222222223
Q1,1989-11-14,ca_mg_l,5.511111111111111
Q1,1989-11-14,amm_ug_l,NA
Q1,1989-11-21,k_mg_l,1.1555555555555554
Q1,1989-11-21,nitrate_ug_l,117.25
Q1,1989-11-21,mg_mg_l,3.2088888888888887
Q1,1989-11-21,ca_mg_l,5.713333333333334
Q1,1989-11-21,amm_ug_l,NA
Q1,1989-11-28,k_mg_l,1.1466666666666667
Q1,1989-11-28,nitrate_ug_l,99
Q1,1989-11-28,mg_mg_l,3.2266666666666666
Q1,1989-11-28,ca_mg_l,5.8566666666666665
Q1,1989-11-28,amm_ug_l,NA
Q1,1989-12-05,k_mg_l,1.1566666666666667
Q1,1989-12-05,nitrate_ug_l,78
Q1,1989-12-05,mg_mg_l,3.2355555555555555
Q1,1989-12-05,ca_mg_l,5.911111111111111
Q1,1989-12-05,amm_ug_l,NA
Q1,1989-12-12,k_mg_l,1.1733333333333333
Q1,1989-12-12,nitrate_ug_l,79.125
Q1,1989-12-12,mg_mg_l,3.238888888888889
Q1,1989-12-12,ca_mg_l,5.947777777777778
Q1,1989-12-12,amm_ug_l,NA
Q1,1989-12-19,k_mg_l,1.201111111111111
Q1,1989-12-19,nitrate_ug_l,85.125
Q1,1989-12-19,mg_mg_l,3.261111111111111
Q1,1989-12-19,ca_mg_l,5.958888888888889
Q1,1989-12-19,amm_ug_l,NA
Q1,1989-12-26,k_mg_l,1.2466666666666666
Q1,1989-12-26,nitrate_ug_l,100
Q1,1989-12-26,mg_mg_l,3.278888888888889
Q1,1989-12-26,ca_mg_l,5.937777777777778
Q1,1989-12-26,amm_ug_l,NA
Q1,1990-01-02,k_mg_l,1.268888888888889
Q1,1990-01-02,nitrate_ug_l,118
Q1,1990-01-02,mg_mg_l,3.3233333333333333
Q1,1990-01-02,ca_mg_l,5.847777777777778
Q1,1990-01-02,amm_ug_l,NA
Q1,1990-01-09,k_mg_l,1.0422222222222222
Q1,1990-01-09,nitrate_ug_l,118.11111111111111
Q1,1990-01-09,mg_mg_l,3.3555555555555556
Q1,1990-01-09,ca_mg_l,5.952222222222222
Q1,1990-01-09,amm_ug_l,NA
Q1,1990-01-16,k_mg_l,1.1866666666666668
Q1,1990-01-16,nitrate_ug_l,128.125
Q1,1990-01-16,mg_mg_l,3.1933333333333334
Q1,1990-01-16,ca_mg_l,5.635555555555555
Q1,1990-01-16,amm_ug_l,NA
Q1,1990-01-23,k_mg_l,1.218888888888889
Q1,1990-01-23,nitrate_ug_l,180.25
Q1,1990-01-23,mg_mg_l,3.18
Q1,1990-01-23,ca_mg_l,5.5744444444444445
Q1,1990-01-23,amm_ug_l,NA
Q1,1990-01-30,k_mg_l,1.2344444444444445
Q1,1990-01-30,nitrate_ug_l,211.375
Q1,1990-01-30,mg_mg_l,3.1666666666666665
Q1,1990-01-30,ca_mg_l,5.546666666666667
Q1,1990-01-30,amm_ug_l,NA
Q1,1990-02-06,k_mg_l,1.2355555555555555
Q1,1990-02-06,nitrate_ug_l,239.14285714285714
Q1,1990-02-06,mg_mg_l,3.1655555555555557
Q1,1990-02-06,ca_mg_l,5.4944444444444445
Q1,1990-02-06,amm_ug_l,NA
Q1,1990-02-13,k_mg_l,1.2333333333333334
Q1,1990-02-13,nitrate_ug_l,218
Q1,1990-02-13,mg_mg_l,3.1844444444444444
Q1,1990-02-13,ca_mg_l,5.475555555555555
Q1,1990-02-13,amm_ug_l,NA
Q1,1990-02-20,k_mg_l,1.2177777777777778
Q1,1990-02-20,nitrate_ug_l,193.71428571428572
Q1,1990-02-20,mg_mg_l,3.1622222222222223
Q1,1990-02-20,ca_mg_l,5.453333333333333
Q1,1990-02-20,amm_ug_l,NA
Q1,1990-02-27,k_mg_l,1.4092307692307693
Q1,1990-02-27,nitrate_ug_l,478.6363636363636
Q1,1990-02-27,mg_mg_l,2.5276923076923077
Q1,1990-02-27,ca_mg_l,4.291538461538462
Q1,1990-02-27,amm_ug_l,NA
Q1,1990-03-06,k_mg_l,1.4038461538461537
Q1,1990-03-06,nitrate_ug_l,480.6363636363636
Q1,1990-03-06,mg_mg_l,2.5215384615384617
Q1,1990-03-06,ca_mg_l,4.291538461538462
Q1,1990-03-06,amm_ug_l,NA
Q1,1990-03-13,k_mg_l,1.4492857142857143
Q1,1990-03-13,nitrate_ug_l,507.8333333333333
Q1,1990-03-13,mg_mg_l,2.4335714285714287
Q1,1990-03-13,ca_mg_l,4.1207142857142856
Q1,1990-03-13,amm_ug_l,NA
Q1,1990-03-20,k_mg_l,1.3699999999999999
Q1,1990-03-20,nitrate_ug_l,484.46153846153845
Q1,1990-03-20,mg_mg_l,2.5285714285714285
Q1,1990-03-20,ca_mg_l,4.29
Q1,1990-03-20,amm_ug_l,NA
Q1,1990-03-27,k_mg_l,1.3592857142857142
Q1,1990-03-27,nitrate_ug_l,459.3076923076923
Q1,1990-03-27,mg_mg_l,2.5364285714285715
Q1,1990-03-27,ca_mg_l,4.308571428571429
Q1,1990-03-27,amm_ug_l,NA
Q1,1990-04-03,k_mg_l,1.3628571428571428
Q1,1990-04-03,nitrate_ug_l,450.3076923076923
Q1,1990-04-03,mg_mg_l,2.5492857142857144
Q1,1990-04-03,ca_mg_l,4.312857142857143
Q1,1990-04-03,amm_ug_l,NA
Q1,1990-04-10,k_mg_l,1.372142857142857
Q1,1990-04-10,nitrate_ug_l,418.85714285714283
Q1,1990-04-10,mg_mg_l,2.5364285714285715
Q1,1990-04-10,ca_mg_l,4.292142857142857
Q1,1990-04-10,amm_ug_l,NA
Q1,1990-04-17,k_mg_l,1.3892857142857142
Q1,1990-04-17,nitrate_ug_l,429.2857142857143
Q1,1990-04-17,mg_mg_l,2.5235714285714286
Q1,1990-04-17,ca_mg_l,4.285
Q1,1990-04-17,amm_ug_l,NA
Q1,1990-04-24,k_mg_l,1.4107142857142856
Q1,1990-04-24,nitrate_ug_l,438.42857142857144
Q1,1990-04-24,mg_mg_l,2.5342857142857143
Q1,1990-04-24,ca_mg_l,4.267142857142857
Q1,1990-04-24,amm_ug_l,NA
Q1,1990-04-25,k_mg_l,1.4335714285714285
Q1,1990-04-25,nitrate_ug_l,449.14285714285717
Q1,1990-04-25,mg_mg_l,2.5157142857142856
Q1,1990-04-25,ca_mg_l,4.203571428571428
Q1,1990-04-25,amm_ug_l,NA
Q1,1990-04-25,k_mg_l,1.4335714285714285
Q1,1990-04-25,nitrate_ug_l,449.14285714285717
Q1,1990-04-25,mg_mg_l,2.5157142857142856
Q1,1990-04-25,ca_mg_l,4.203571428571428
Q1,1990-04-25,amm_ug_l,NA
Q1,1990-04-25,k_mg_l,1.4335714285714285
Q1,1990-04-25,nitrate_ug_l,449.14285714285717
Q1,1990-04-25,mg_mg_l,2.5157142857142856
Q1,1990-04-25,ca_mg_l,4.203571428571428
Q1,1990-04-25,amm_ug_l,NA
Q1,1990-04-26,k_mg_l,1.269090909090909
Q1,1990-04-26,nitrate_ug_l,218.9090909090909
Q1,1990-04-26,mg_mg_l,3.0445454545454544
Q1,1990-04-26,ca_mg_l,5.134545454545455
Q1,1990-04-26,amm_ug_l,NA
Q1,1990-05-01,k_mg_l,1.2469999999999999
Q1,1990-05-01,nitrate_ug_l,216.5
Q1,1990-05-01,mg_mg_l,3.077
Q1,1990-05-01,ca_mg_l,5.225
Q1,1990-05-01,amm_ug_l,NA
Q1,1990-05-08,k_mg_l,1.238
Q1,1990-05-08,nitrate_ug_l,208.1
Q1,1990-05-08,mg_mg_l,3.11
Q1,1990-05-08,ca_mg_l,5.267
Q1,1990-05-08,amm_ug_l,NA
Q1,1990-05-10,k_mg_l,1.226
Q1,1990-05-10,nitrate_ug_l,201.1
Q1,1990-05-10,mg_mg_l,3.135
Q1,1990-05-10,ca_mg_l,5.313
Q1,1990-05-10,amm_ug_l,NA
Q1,1990-05-15,k_mg_l,1.1588888888888889
Q1,1990-05-15,nitrate_ug_l,141.55555555555554
Q1,1990-05-15,mg_mg_l,3.3133333333333335
Q1,1990-05-15,ca_mg_l,5.624444444444444
Q1,1990-05-15,amm_ug_l,NA
Q1,1990-05-22,k_mg_l,1.1355555555555554
Q1,1990-05-22,nitrate_ug_l,127.44444444444444
Q1,1990-05-22,mg_mg_l,3.3566666666666665
Q1,1990-05-22,ca_mg_l,5.708888888888889
Q1,1990-05-22,amm_ug_l,NA
Q1,1990-05-29,k_mg_l,1.1977777777777778
Q1,1990-05-29,nitrate_ug_l,158.77777777777777
Q1,1990-05-29,mg_mg_l,3.1966666666666668
Q1,1990-05-29,ca_mg_l,5.407777777777778
Q1,1990-05-29,amm_ug_l,NA
Q1,1990-06-05,k_mg_l,1.1555555555555554
Q1,1990-06-05,nitrate_ug_l,143.77777777777777
Q1,1990-06-05,mg_mg_l,3.2333333333333334
Q1,1990-06-05,ca_mg_l,5.4944444444444445
Q1,1990-06-05,amm_ug_l,NA
Q1,1990-06-12,k_mg_l,1.1255555555555556
Q1,1990-06-12,nitrate_ug_l,148.11111111111111
Q1,1990-06-12,mg_mg_l,3.296666666666667
Q1,1990-06-12,ca_mg_l,5.62
Q1,1990-06-12,amm_ug_l,NA
Q1,1990-06-19,k_mg_l,1.1366666666666667
Q1,1990-06-19,nitrate_ug_l,158.77777777777777
Q1,1990-06-19,mg_mg_l,3.2688888888888887
Q1,1990-06-19,ca_mg_l,5.5088888888888885
Q1,1990-06-19,amm_ug_l,NA
Q1,1990-06-26,k_mg_l,1.0944444444444446
Q1,1990-06-26,nitrate_ug_l,149.88888888888889
Q1,1990-06-26,mg_mg_l,3.2688888888888887
Q1,1990-06-26,ca_mg_l,5.572222222222222
Q1,1990-06-26,amm_ug_l,NA
Q1,1990-07-03,k_mg_l,1.0377777777777777
Q1,1990-07-03,nitrate_ug_l,128.44444444444446
Q1,1990-07-03,mg_mg_l,3.3155555555555556
Q1,1990-07-03,ca_mg_l,5.68
Q1,1990-07-03,amm_ug_l,NA
Q1,1990-07-10,k_mg_l,1.0133333333333334
Q1,1990-07-10,nitrate_ug_l,117.44444444444444
Q1,1990-07-10,mg_mg_l,3.2533333333333334
Q1,1990-07-10,ca_mg_l,5.6433333333333335
Q1,1990-07-10,amm_ug_l,NA
Q1,1990-07-17,k_mg_l,0.9833333333333334
Q1,1990-07-17,nitrate_ug_l,117.25
Q1,1990-07-17,mg_mg_l,3.2511111111111113
Q1,1990-07-17,ca_mg_l,5.664444444444444
Q1,1990-07-17,amm_ug_l,NA
Q1,1990-07-24,k_mg_l,0.9677777777777777
Q1,1990-07-24,nitrate_ug_l,123
Q1,1990-07-24,mg_mg_l,3.2311111111111113
Q1,1990-07-24,ca_mg_l,5.631111111111111
Q1,1990-07-24,amm_ug_l,NA
Q1,1990-07-31,k_mg_l,0.8688888888888889
Q1,1990-07-31,nitrate_ug_l,69.33333333333333
Q1,1990-07-31,mg_mg_l,3.3877777777777776
Q1,1990-07-31,ca_mg_l,5.973333333333334
Q1,1990-07-31,amm_ug_l,NA
Q1,1990-08-07,k_mg_l,0.8844444444444445
Q1,1990-08-07,nitrate_ug_l,80.83333333333333
Q1,1990-08-07,mg_mg_l,3.2688888888888887
Q1,1990-08-07,ca_mg_l,5.841111111111111
Q1,1990-08-07,amm_ug_l,NA
Q1,1990-08-14,k_mg_l,0.8944444444444445
Q1,1990-08-14,nitrate_ug_l,80.66666666666667
Q1,1990-08-14,mg_mg_l,3.2055555555555557
Q1,1990-08-14,ca_mg_l,5.76
Q1,1990-08-14,amm_ug_l,NA
Q1,1990-08-21,k_mg_l,0.8477777777777777
Q1,1990-08-21,nitrate_ug_l,40.5
Q1,1990-08-21,mg_mg_l,3.2644444444444445
Q1,1990-08-21,ca_mg_l,5.848888888888889
Q1,1990-08-21,amm_ug_l,NA
Q1,1990-08-28,k_mg_l,0.8577777777777778
Q1,1990-08-28,nitrate_ug_l,36.666666666666664
Q1,1990-08-28,mg_mg_l,3.2333333333333334
Q1,1990-08-28,ca_mg_l,5.7444444444444445
Q1,1990-08-28,amm_ug_l,NA
Q1,1990-09-04,k_mg_l,0.9033333333333333
Q1,1990-09-04,nitrate_ug_l,56.666666666666664
Q1,1990-09-04,mg_mg_l,3.0211111111111113
Q1,1990-09-04,ca_mg_l,5.366666666666667
Q1,1990-09-04,amm_ug_l,NA
Q1,1990-09-11,k_mg_l,0.9322222222222222
Q1,1990-09-11,nitrate_ug_l,97.83333333333333
Q1,1990-09-11,mg_mg_l,2.997777777777778
Q1,1990-09-11,ca_mg_l,5.207777777777778
Q1,1990-09-11,amm_ug_l,NA
Q1,1990-09-18,k_mg_l,0.9555555555555556
Q1,1990-09-18,nitrate_ug_l,100
Q1,1990-09-18,mg_mg_l,2.9755555555555557
Q1,1990-09-18,ca_mg_l,5.087777777777778
Q1,1990-09-18,amm_ug_l,NA
Q1,1990-09-25,k_mg_l,0.9622222222222222
Q1,1990-09-25,nitrate_ug_l,96.875
Q1,1990-09-25,mg_mg_l,2.971111111111111
Q1,1990-09-25,ca_mg_l,4.993333333333333
Q1,1990-09-25,amm_ug_l,NA
Q1,1990-10-02,k_mg_l,0.9777777777777777
Q1,1990-10-02,nitrate_ug_l,101.88888888888889
Q1,1990-10-02,mg_mg_l,2.9344444444444444
Q1,1990-10-02,ca_mg_l,4.825555555555556
Q1,1990-10-02,amm_ug_l,NA
Q1,1990-10-09,k_mg_l,1.007
Q1,1990-10-09,nitrate_ug_l,108.5
Q1,1990-10-09,mg_mg_l,2.832
Q1,1990-10-09,ca_mg_l,4.603
Q1,1990-10-09,amm_ug_l,NA
Q1,1990-10-16,k_mg_l,1.0918181818181818
Q1,1990-10-16,nitrate_ug_l,122.18181818181819
Q1,1990-10-16,mg_mg_l,2.74
Q1,1990-10-16,ca_mg_l,4.449090909090909
Q1,1990-10-16,amm_ug_l,NA
Q1,1990-10-23,k_mg_l,1.0754545454545454
Q1,1990-10-23,nitrate_ug_l,129.27272727272728
Q1,1990-10-23,mg_mg_l,2.7172727272727273
Q1,1990-10-23,ca_mg_l,4.457272727272727
Q1,1990-10-23,amm_ug_l,NA
Q1,1990-10-30,k_mg_l,1.0808333333333333
Q1,1990-10-30,nitrate_ug_l,142.41666666666666
Q1,1990-10-30,mg_mg_l,2.6958333333333333
Q1,1990-10-30,ca_mg_l,4.454166666666667
Q1,1990-10-30,amm_ug_l,NA
Q1,1990-11-06,k_mg_l,1.0709090909090908
Q1,1990-11-06,nitrate_ug_l,143.54545454545453
Q1,1990-11-06,mg_mg_l,2.7954545454545454
Q1,1990-11-06,ca_mg_l,4.619090909090909
Q1,1990-11-06,amm_ug_l,NA
Q1,1990-11-13,k_mg_l,1.0736363636363637
Q1,1990-11-13,nitrate_ug_l,132.0909090909091
Q1,1990-11-13,mg_mg_l,2.7827272727272727
Q1,1990-11-13,ca_mg_l,4.642727272727273
Q1,1990-11-13,amm_ug_l,NA
Q1,1990-11-20,k_mg_l,1.0572727272727274
Q1,1990-11-20,nitrate_ug_l,134
Q1,1990-11-20,mg_mg_l,2.8172727272727274
Q1,1990-11-20,ca_mg_l,4.8
Q1,1990-11-20,amm_ug_l,NA
Q1,1990-11-27,k_mg_l,1.040909090909091
Q1,1990-11-27,nitrate_ug_l,144.1
Q1,1990-11-27,mg_mg_l,2.820909090909091
Q1,1990-11-27,ca_mg_l,4.88
Q1,1990-11-27,amm_ug_l,NA
Q1,1990-12-04,k_mg_l,1.0245454545454546
Q1,1990-12-04,nitrate_ug_l,148.7
Q1,1990-12-04,mg_mg_l,2.848181818181818
Q1,1990-12-04,ca_mg_l,5.014545454545455
Q1,1990-12-04,amm_ug_l,NA
Q1,1990-12-04,k_mg_l,1.0245454545454546
Q1,1990-12-04,nitrate_ug_l,148.7
Q1,1990-12-04,mg_mg_l,2.848181818181818
Q1,1990-12-04,ca_mg_l,5.014545454545455
Q1,1990-12-04,amm_ug_l,NA
Q1,1990-12-11,k_mg_l,0.983
Q1,1990-12-11,nitrate_ug_l,155.375
Q1,1990-12-11,mg_mg_l,2.988
Q1,1990-12-11,ca_mg_l,5.297
Q1,1990-12-11,amm_ug_l,NA
Q1,1990-12-14,k_mg_l,0.985
Q1,1990-12-14,nitrate_ug_l,158
Q1,1990-12-14,mg_mg_l,3.02
Q1,1990-12-14,ca_mg_l,5.367
Q1,1990-12-14,amm_ug_l,NA
Q1,1990-12-18,k_mg_l,0.8566666666666667
Q1,1990-12-18,nitrate_ug_l,137.71428571428572
Q1,1990-12-18,mg_mg_l,3.172222222222222
Q1,1990-12-18,ca_mg_l,5.644444444444445
Q1,1990-12-18,amm_ug_l,NA
Q1,1990-12-25,k_mg_l,0.9044444444444445
Q1,1990-12-25,nitrate_ug_l,127.14285714285714
Q1,1990-12-25,mg_mg_l,3.08
Q1,1990-12-25,ca_mg_l,5.492222222222222
Q1,1990-12-25,amm_ug_l,NA
Q1,1990-12-31,k_mg_l,0.9044444444444445
Q1,1990-12-31,nitrate_ug_l,122.57142857142857
Q1,1990-12-31,mg_mg_l,3.092222222222222
Q1,1990-12-31,ca_mg_l,5.461111111111111
Q1,1990-12-31,amm_ug_l,NA
Q1,1991-01-08,k_mg_l,0.8455555555555556
Q1,1991-01-08,nitrate_ug_l,99.85714285714286
Q1,1991-01-08,mg_mg_l,3.19
Q1,1991-01-08,ca_mg_l,5.683333333333334
Q1,1991-01-08,amm_ug_l,NA
Q1,1991-01-15,k_mg_l,0.8144444444444444
Q1,1991-01-15,nitrate_ug_l,87.85714285714286
Q1,1991-01-15,mg_mg_l,3.223333333333333
Q1,1991-01-15,ca_mg_l,5.7844444444444445
Q1,1991-01-15,amm_ug_l,NA
Q1,1991-01-22,k_mg_l,0.8166666666666667
Q1,1991-01-22,nitrate_ug_l,96.625
Q1,1991-01-22,mg_mg_l,3.178888888888889
Q1,1991-01-22,ca_mg_l,5.708888888888889
Q1,1991-01-22,amm_ug_l,NA
Q1,1991-01-29,k_mg_l,0.8211111111111111
Q1,1991-01-29,nitrate_ug_l,88.75
Q1,1991-01-29,mg_mg_l,3.15
Q1,1991-01-29,ca_mg_l,5.701111111111111
Q1,1991-01-29,amm_ug_l,NA
Q1,1991-02-05,k_mg_l,0.8188888888888889
Q1,1991-02-05,nitrate_ug_l,75
Q1,1991-02-05,mg_mg_l,3.1466666666666665
Q1,1991-02-05,ca_mg_l,5.68
Q1,1991-02-05,amm_ug_l,NA
Q1,1991-02-12,k_mg_l,0.8210000000000001
Q1,1991-02-12,nitrate_ug_l,65.9
Q1,1991-02-12,mg_mg_l,3.145
Q1,1991-02-12,ca_mg_l,5.656
Q1,1991-02-12,amm_ug_l,NA
Q1,1991-02-19,k_mg_l,0.8233333333333334
Q1,1991-02-19,nitrate_ug_l,70.11111111111111
Q1,1991-02-19,mg_mg_l,3.097777777777778
Q1,1991-02-19,ca_mg_l,5.5744444444444445
Q1,1991-02-19,amm_ug_l,NA
Q1,1991-02-26,k_mg_l,0.8022222222222223
Q1,1991-02-26,nitrate_ug_l,70.77777777777777
Q1,1991-02-26,mg_mg_l,3.178888888888889
Q1,1991-02-26,ca_mg_l,5.7122222222222225
Q1,1991-02-26,amm_ug_l,NA
Q1,1991-03-05,k_mg_l,0.7933333333333333
Q1,1991-03-05,nitrate_ug_l,64.33333333333333
Q1,1991-03-05,mg_mg_l,3.0188888888888887
Q1,1991-03-05,ca_mg_l,5.463333333333333
Q1,1991-03-05,amm_ug_l,NA
Q1,1991-03-12,k_mg_l,0.8144444444444444
Q1,1991-03-12,nitrate_ug_l,63.888888888888886
Q1,1991-03-12,mg_mg_l,2.991111111111111
Q1,1991-03-12,ca_mg_l,5.4255555555555555
Q1,1991-03-12,amm_ug_l,NA
Q1,1991-03-19,k_mg_l,0.8333333333333334
Q1,1991-03-19,nitrate_ug_l,59.77777777777778
Q1,1991-03-19,mg_mg_l,2.9811111111111113
Q1,1991-03-19,ca_mg_l,5.421111111111111
Q1,1991-03-19,amm_ug_l,NA
Q1,1991-03-22,k_mg_l,0.8422222222222222
Q1,1991-03-22,nitrate_ug_l,43.333333333333336
Q1,1991-03-22,mg_mg_l,2.9633333333333334
Q1,1991-03-22,ca_mg_l,5.343333333333334
Q1,1991-03-22,amm_ug_l,NA
Q1,1991-03-26,k_mg_l,0.8422222222222222
Q1,1991-03-26,nitrate_ug_l,43.333333333333336
Q1,1991-03-26,mg_mg_l,2.9633333333333334
Q1,1991-03-26,ca_mg_l,5.343333333333334
Q1,1991-03-26,amm_ug_l,NA
Q1,1991-04-02,k_mg_l,0.868
Q1,1991-04-02,nitrate_ug_l,33.22222222222222
Q1,1991-04-02,mg_mg_l,2.9739999999999998
Q1,1991-04-02,ca_mg_l,5.272
Q1,1991-04-02,amm_ug_l,NA
Q1,1991-04-09,k_mg_l,0.885
Q1,1991-04-09,nitrate_ug_l,39.666666666666664
Q1,1991-04-09,mg_mg_l,2.953
Q1,1991-04-09,ca_mg_l,5.199
Q1,1991-04-09,amm_ug_l,NA
Q1,1991-04-15,k_mg_l,0.923
Q1,1991-04-15,nitrate_ug_l,43.77777777777778
Q1,1991-04-15,mg_mg_l,2.9539999999999997
Q1,1991-04-15,ca_mg_l,5.176
Q1,1991-04-15,amm_ug_l,NA
Q1,1991-04-23,k_mg_l,0.92
Q1,1991-04-23,nitrate_ug_l,47.333333333333336
Q1,1991-04-23,mg_mg_l,2.9539999999999997
Q1,1991-04-23,ca_mg_l,5.187
Q1,1991-04-23,amm_ug_l,NA
Q1,1991-04-30,k_mg_l,0.919
Q1,1991-04-30,nitrate_ug_l,50.875
Q1,1991-04-30,mg_mg_l,2.948
Q1,1991-04-30,ca_mg_l,5.15
Q1,1991-04-30,amm_ug_l,NA
Q1,1991-05-07,k_mg_l,0.958
Q1,1991-05-07,nitrate_ug_l,54.875
Q1,1991-05-07,mg_mg_l,3.065
Q1,1991-05-07,ca_mg_l,5.338
Q1,1991-05-07,amm_ug_l,NA
Q1,1991-05-14,k_mg_l,0.958
Q1,1991-05-14,nitrate_ug_l,54.75
Q1,1991-05-14,mg_mg_l,3.0469999999999997
Q1,1991-05-14,ca_mg_l,5.304
Q1,1991-05-14,amm_ug_l,NA
Q1,1991-05-21,k_mg_l,0.914
Q1,1991-05-21,nitrate_ug_l,54.75
Q1,1991-05-21,mg_mg_l,3.0629999999999997
Q1,1991-05-21,ca_mg_l,5.314
Q1,1991-05-21,amm_ug_l,NA
Q1,1991-05-28,k_mg_l,0.85
Q1,1991-05-28,nitrate_ug_l,54.75
Q1,1991-05-28,mg_mg_l,3.096
Q1,1991-05-28,ca_mg_l,5.3629999999999995
Q1,1991-05-28,amm_ug_l,NA
Q1,1991-05-31,k_mg_l,0.83
Q1,1991-05-31,nitrate_ug_l,53.25
Q1,1991-05-31,mg_mg_l,3.117
Q1,1991-05-31,ca_mg_l,5.423
Q1,1991-05-31,amm_ug_l,NA
Q1,1991-06-01,k_mg_l,0.82
Q1,1991-06-01,nitrate_ug_l,53.25
Q1,1991-06-01,mg_mg_l,3.123333333333333
Q1,1991-06-01,ca_mg_l,5.446666666666666
Q1,1991-06-01,amm_ug_l,NA
Q1,1991-06-04,k_mg_l,0.82
Q1,1991-06-04,nitrate_ug_l,53.25
Q1,1991-06-04,mg_mg_l,3.123333333333333
Q1,1991-06-04,ca_mg_l,5.446666666666666
Q1,1991-06-04,amm_ug_l,NA
Q1,1991-06-11,k_mg_l,0.8099999999999999
Q1,1991-06-11,nitrate_ug_l,37.5
Q1,1991-06-11,mg_mg_l,3.2466666666666666
Q1,1991-06-11,ca_mg_l,5.536666666666667
Q1,1991-06-11,amm_ug_l,NA
Q1,1991-06-18,k_mg_l,0.7644444444444445
Q1,1991-06-18,nitrate_ug_l,32.42857142857143
Q1,1991-06-18,mg_mg_l,3.3777777777777778
Q1,1991-06-18,ca_mg_l,5.622222222222223
Q1,1991-06-18,amm_ug_l,NA
Q1,1991-06-25,k_mg_l,0.7555555555555555
Q1,1991-06-25,nitrate_ug_l,27
Q1,1991-06-25,mg_mg_l,3.521111111111111
Q1,1991-06-25,ca_mg_l,5.812222222222222
Q1,1991-06-25,amm_ug_l,NA
Q1,1991-07-02,k_mg_l,0.822
Q1,1991-07-02,nitrate_ug_l,37.111111111111114
Q1,1991-07-02,mg_mg_l,3.356
Q1,1991-07-02,ca_mg_l,5.5440000000000005
Q1,1991-07-02,amm_ug_l,NA
Q1,1991-07-09,k_mg_l,0.8
Q1,1991-07-09,nitrate_ug_l,37.77777777777778
Q1,1991-07-09,mg_mg_l,3.383
Q1,1991-07-09,ca_mg_l,5.57
Q1,1991-07-09,amm_ug_l,NA
Q1,1991-07-16,k_mg_l,0.967
Q1,1991-07-16,nitrate_ug_l,38.44444444444444
Q1,1991-07-16,mg_mg_l,3.801
Q1,1991-07-16,ca_mg_l,6.252
Q1,1991-07-16,amm_ug_l,NA
Q1,1991-07-23,k_mg_l,1.012
Q1,1991-07-23,nitrate_ug_l,40.77777777777778
Q1,1991-07-23,mg_mg_l,3.801
Q1,1991-07-23,ca_mg_l,6.164
Q1,1991-07-23,amm_ug_l,NA
Q1,1991-07-30,k_mg_l,1.086
Q1,1991-07-30,nitrate_ug_l,46.888888888888886
Q1,1991-07-30,mg_mg_l,3.799
Q1,1991-07-30,ca_mg_l,6.135
Q1,1991-07-30,amm_ug_l,NA
Q1,1991-08-06,k_mg_l,1.1139999999999999
Q1,1991-08-06,nitrate_ug_l,55
Q1,1991-08-06,mg_mg_l,3.791
Q1,1991-08-06,ca_mg_l,6.036
Q1,1991-08-06,amm_ug_l,NA
Q1,1991-08-13,k_mg_l,1.142
Q1,1991-08-13,nitrate_ug_l,61.55555555555556
Q1,1991-08-13,mg_mg_l,3.719
Q1,1991-08-13,ca_mg_l,5.944
Q1,1991-08-13,amm_ug_l,NA
Q1,1991-08-20,k_mg_l,1.165
Q1,1991-08-20,nitrate_ug_l,63.5
Q1,1991-08-20,mg_mg_l,3.614
Q1,1991-08-20,ca_mg_l,5.84
Q1,1991-08-20,amm_ug_l,NA
Q1,1991-08-27,k_mg_l,1.165
Q1,1991-08-27,nitrate_ug_l,69.2
Q1,1991-08-27,mg_mg_l,3.555
Q1,1991-08-27,ca_mg_l,5.655
Q1,1991-08-27,amm_ug_l,NA
Q1,1991-08-27,k_mg_l,1.165
Q1,1991-08-27,nitrate_ug_l,69.2
Q1,1991-08-27,mg_mg_l,3.555
Q1,1991-08-27,ca_mg_l,5.655
Q1,1991-08-27,amm_ug_l,NA
Q1,1991-09-03,k_mg_l,1.1155555555555556
Q1,1991-09-03,nitrate_ug_l,66.77777777777777
Q1,1991-09-03,mg_mg_l,3.79
Q1,1991-09-03,ca_mg_l,5.897777777777778
Q1,1991-09-03,amm_ug_l,NA
Q1,1991-09-10,k_mg_l,1.200909090909091
Q1,1991-09-10,nitrate_ug_l,66.63636363636364
Q1,1991-09-10,mg_mg_l,3.2727272727272725
Q1,1991-09-10,ca_mg_l,5.128181818181818
Q1,1991-09-10,amm_ug_l,NA
Q1,1991-09-17,k_mg_l,1.0766666666666667
Q1,1991-09-17,nitrate_ug_l,74.41666666666667
Q1,1991-09-17,mg_mg_l,2.98
Q1,1991-09-17,ca_mg_l,4.654166666666667
Q1,1991-09-17,amm_ug_l,NA
Q1,1991-09-24,k_mg_l,1.1225
Q1,1991-09-24,nitrate_ug_l,80.5
Q1,1991-09-24,mg_mg_l,2.8266666666666667
Q1,1991-09-24,ca_mg_l,4.400833333333333
Q1,1991-09-24,amm_ug_l,NA
Q1,1991-10-01,k_mg_l,1.1408333333333334
Q1,1991-10-01,nitrate_ug_l,87.16666666666667
Q1,1991-10-01,mg_mg_l,2.796666666666667
Q1,1991-10-01,ca_mg_l,4.314166666666667
Q1,1991-10-01,amm_ug_l,NA
Q1,1991-10-08,k_mg_l,1.1516666666666666
Q1,1991-10-08,nitrate_ug_l,88.58333333333333
Q1,1991-10-08,mg_mg_l,2.7375
Q1,1991-10-08,ca_mg_l,4.21
Q1,1991-10-08,amm_ug_l,NA
Q1,1991-10-15,k_mg_l,1.1416666666666666
Q1,1991-10-15,nitrate_ug_l,111
Q1,1991-10-15,mg_mg_l,2.7025
Q1,1991-10-15,ca_mg_l,4.181666666666667
Q1,1991-10-15,amm_ug_l,NA
Q1,1991-10-22,k_mg_l,1.1407692307692308
Q1,1991-10-22,nitrate_ug_l,121.6923076923077
Q1,1991-10-22,mg_mg_l,2.716153846153846
Q1,1991-10-22,ca_mg_l,4.274615384615385
Q1,1991-10-22,amm_ug_l,NA
Q1,1991-10-29,k_mg_l,1.1638461538461538
Q1,1991-10-29,nitrate_ug_l,125.66666666666667
Q1,1991-10-29,mg_mg_l,2.69
Q1,1991-10-29,ca_mg_l,4.32
Q1,1991-10-29,amm_ug_l,NA
Q1,1991-11-05,k_mg_l,1.2
Q1,1991-11-05,nitrate_ug_l,132.1818181818182
Q1,1991-11-05,mg_mg_l,2.6216666666666666
Q1,1991-11-05,ca_mg_l,4.28
Q1,1991-11-05,amm_ug_l,NA
Q1,1991-11-07,k_mg_l,1.2133333333333334
Q1,1991-11-07,nitrate_ug_l,142.72727272727272
Q1,1991-11-07,mg_mg_l,2.6425
Q1,1991-11-07,ca_mg_l,4.275
Q1,1991-11-07,amm_ug_l,NA
Q1,1991-11-08,k_mg_l,1.1627272727272728
Q1,1991-11-08,nitrate_ug_l,152.6
Q1,1991-11-08,mg_mg_l,2.7745454545454544
Q1,1991-11-08,ca_mg_l,4.5227272727272725
Q1,1991-11-08,amm_ug_l,NA
Q1,1991-11-12,k_mg_l,1.159
Q1,1991-11-12,nitrate_ug_l,163.22222222222223
Q1,1991-11-12,mg_mg_l,2.903
Q1,1991-11-12,ca_mg_l,4.758
Q1,1991-11-12,amm_ug_l,NA
Q1,1991-11-18,k_mg_l,1.1440000000000001
Q1,1991-11-18,nitrate_ug_l,168.77777777777777
Q1,1991-11-18,mg_mg_l,2.872
Q1,1991-11-18,ca_mg_l,4.788
Q1,1991-11-18,amm_ug_l,NA
Q1,1991-11-22,k_mg_l,1.185
Q1,1991-11-22,nitrate_ug_l,179
Q1,1991-11-22,mg_mg_l,2.874
Q1,1991-11-22,ca_mg_l,4.731
Q1,1991-11-22,amm_ug_l,NA
Q1,1991-11-26,k_mg_l,1.1477777777777778
Q1,1991-11-26,nitrate_ug_l,188.375
Q1,1991-11-26,mg_mg_l,3.0455555555555556
Q1,1991-11-26,ca_mg_l,5.041111111111111
Q1,1991-11-26,amm_ug_l,NA
Q1,1991-12-03,k_mg_l,1.1566666666666667
Q1,1991-12-03,nitrate_ug_l,191.625
Q1,1991-12-03,mg_mg_l,3.0588888888888888
Q1,1991-12-03,ca_mg_l,5.142222222222222
Q1,1991-12-03,amm_ug_l,NA
Q1,1991-12-10,k_mg_l,1.22
Q1,1991-12-10,nitrate_ug_l,197.11111111111111
Q1,1991-12-10,mg_mg_l,2.959
Q1,1991-12-10,ca_mg_l,4.9479999999999995
Q1,1991-12-10,amm_ug_l,NA
Q1,1991-12-17,k_mg_l,1.225
Q1,1991-12-17,nitrate_ug_l,170.77777777777777
Q1,1991-12-17,mg_mg_l,2.989
Q1,1991-12-17,ca_mg_l,4.944
Q1,1991-12-17,amm_ug_l,NA
Q1,1991-12-23,k_mg_l,1.221
Q1,1991-12-23,nitrate_ug_l,184.55555555555554
Q1,1991-12-23,mg_mg_l,3.004
Q1,1991-12-23,ca_mg_l,5.06
Q1,1991-12-23,amm_ug_l,NA
Q1,1991-12-30,k_mg_l,1.215
Q1,1991-12-30,nitrate_ug_l,181.66666666666666
Q1,1991-12-30,mg_mg_l,3.043
Q1,1991-12-30,ca_mg_l,5.0489999999999995
Q1,1991-12-30,amm_ug_l,NA
Q1,1992-01-07,k_mg_l,1.219
Q1,1992-01-07,nitrate_ug_l,180.9
Q1,1992-01-07,mg_mg_l,3.09
Q1,1992-01-07,ca_mg_l,5.316
Q1,1992-01-07,amm_ug_l,NA
Q1,1992-01-14,k_mg_l,1.194
Q1,1992-01-14,nitrate_ug_l,160.3
Q1,1992-01-14,mg_mg_l,3.123
Q1,1992-01-14,ca_mg_l,5.345
Q1,1992-01-14,amm_ug_l,NA
Q1,1992-01-21,k_mg_l,1.186
Q1,1992-01-21,nitrate_ug_l,153.6
Q1,1992-01-21,mg_mg_l,3.138
Q1,1992-01-21,ca_mg_l,5.394
Q1,1992-01-21,amm_ug_l,NA
Q1,1992-01-28,k_mg_l,1.1520000000000001
Q1,1992-01-28,nitrate_ug_l,151
Q1,1992-01-28,mg_mg_l,3.128
Q1,1992-01-28,ca_mg_l,5.376
Q1,1992-01-28,amm_ug_l,NA
Q1,1992-02-04,k_mg_l,1.179
Q1,1992-02-04,nitrate_ug_l,141.66666666666666
Q1,1992-02-04,mg_mg_l,3.107
Q1,1992-02-04,ca_mg_l,5.277
Q1,1992-02-04,amm_ug_l,NA
Q1,1992-02-06,k_mg_l,1.124
Q1,1992-02-06,nitrate_ug_l,109.66666666666667
Q1,1992-02-06,mg_mg_l,3.431
Q1,1992-02-06,ca_mg_l,5.873
Q1,1992-02-06,amm_ug_l,NA
Q1,1992-02-11,k_mg_l,1.0722222222222222
Q1,1992-02-11,nitrate_ug_l,121.25
Q1,1992-02-11,mg_mg_l,3.5566666666666666
Q1,1992-02-11,ca_mg_l,6.08
Q1,1992-02-11,amm_ug_l,NA
Q1,1992-02-18,k_mg_l,1.0711111111111111
Q1,1992-02-18,nitrate_ug_l,110
Q1,1992-02-18,mg_mg_l,3.5444444444444447
Q1,1992-02-18,ca_mg_l,6.19
Q1,1992-02-18,amm_ug_l,NA
Q1,1992-02-25,k_mg_l,1.1111111111111112
Q1,1992-02-25,nitrate_ug_l,79.75
Q1,1992-02-25,mg_mg_l,3.578888888888889
Q1,1992-02-25,ca_mg_l,6.308888888888889
Q1,1992-02-25,amm_ug_l,NA
Q1,1992-03-03,k_mg_l,1.05
Q1,1992-03-03,nitrate_ug_l,66.25
Q1,1992-03-03,mg_mg_l,3.4566666666666666
Q1,1992-03-03,ca_mg_l,6.141111111111111
Q1,1992-03-03,amm_ug_l,NA
Q1,1992-03-10,k_mg_l,1.0433333333333334
Q1,1992-03-10,nitrate_ug_l,47.875
Q1,1992-03-10,mg_mg_l,3.3777777777777778
Q1,1992-03-10,ca_mg_l,5.79
Q1,1992-03-10,amm_ug_l,NA
Q1,1992-03-17,k_mg_l,1.0333333333333334
Q1,1992-03-17,nitrate_ug_l,63.75
Q1,1992-03-17,mg_mg_l,3.4022222222222225
Q1,1992-03-17,ca_mg_l,5.848888888888889
Q1,1992-03-17,amm_ug_l,NA
Q1,1992-03-24,k_mg_l,1.0133333333333334
Q1,1992-03-24,nitrate_ug_l,63.125
Q1,1992-03-24,mg_mg_l,3.4
Q1,1992-03-24,ca_mg_l,5.762222222222222
Q1,1992-03-24,amm_ug_l,NA
Q1,1992-04-01,k_mg_l,1.08
Q1,1992-04-01,nitrate_ug_l,63.44444444444444
Q1,1992-04-01,mg_mg_l,3.141
Q1,1992-04-01,ca_mg_l,5.281
Q1,1992-04-01,amm_ug_l,NA
Q1,1992-04-07,k_mg_l,1.0266666666666666
Q1,1992-04-07,nitrate_ug_l,60.5
Q1,1992-04-07,mg_mg_l,3.1622222222222223
Q1,1992-04-07,ca_mg_l,5.37
Q1,1992-04-07,amm_ug_l,NA
Q1,1992-04-14,k_mg_l,1.0544444444444445
Q1,1992-04-14,nitrate_ug_l,57.25
Q1,1992-04-14,mg_mg_l,2.891111111111111
Q1,1992-04-14,ca_mg_l,4.986666666666666
Q1,1992-04-14,amm_ug_l,NA
Q1,1992-04-21,k_mg_l,1.0744444444444445
Q1,1992-04-21,nitrate_ug_l,59.25
Q1,1992-04-21,mg_mg_l,2.7088888888888887
Q1,1992-04-21,ca_mg_l,4.628888888888889
Q1,1992-04-21,amm_ug_l,NA
Q1,1992-04-28,k_mg_l,1.031111111111111
Q1,1992-04-28,nitrate_ug_l,57.125
Q1,1992-04-28,mg_mg_l,2.59
Q1,1992-04-28,ca_mg_l,4.303333333333334
Q1,1992-04-28,amm_ug_l,NA
Q1,1992-05-05,k_mg_l,1.11
Q1,1992-05-05,nitrate_ug_l,57.25
Q1,1992-05-05,mg_mg_l,2.69
Q1,1992-05-05,ca_mg_l,4.442222222222222
Q1,1992-05-05,amm_ug_l,NA
Q1,1992-05-12,k_mg_l,1.1177777777777778
Q1,1992-05-12,nitrate_ug_l,67.75
Q1,1992-05-12,mg_mg_l,2.7111111111111112
Q1,1992-05-12,ca_mg_l,4.471111111111111
Q1,1992-05-12,amm_ug_l,NA
Q1,1992-05-19,k_mg_l,1.1566666666666667
Q1,1992-05-19,nitrate_ug_l,55.75
Q1,1992-05-19,mg_mg_l,2.7455555555555557
Q1,1992-05-19,ca_mg_l,4.5488888888888885
Q1,1992-05-19,amm_ug_l,NA
Q1,1992-05-26,k_mg_l,1.1755555555555555
Q1,1992-05-26,nitrate_ug_l,45.42857142857143
Q1,1992-05-26,mg_mg_l,2.758888888888889
Q1,1992-05-26,ca_mg_l,4.595555555555555
Q1,1992-05-26,amm_ug_l,NA
Q1,1992-06-02,k_mg_l,1.1566666666666667
Q1,1992-06-02,nitrate_ug_l,58.25
Q1,1992-06-02,mg_mg_l,2.8633333333333333
Q1,1992-06-02,ca_mg_l,4.7877777777777775
Q1,1992-06-02,amm_ug_l,NA
Q1,1992-06-09,k_mg_l,1.1311111111111112
Q1,1992-06-09,nitrate_ug_l,94.875
Q1,1992-06-09,mg_mg_l,3.0766666666666667
Q1,1992-06-09,ca_mg_l,5.21
Q1,1992-06-09,amm_ug_l,NA
Q1,1992-06-16,k_mg_l,1.1455555555555554
Q1,1992-06-16,nitrate_ug_l,96.875
Q1,1992-06-16,mg_mg_l,2.9444444444444446
Q1,1992-06-16,ca_mg_l,4.958888888888889
Q1,1992-06-16,amm_ug_l,NA
Q1,1992-06-23,k_mg_l,1.1322222222222222
Q1,1992-06-23,nitrate_ug_l,96.875
Q1,1992-06-23,mg_mg_l,3.14
Q1,1992-06-23,ca_mg_l,5.341111111111111
Q1,1992-06-23,amm_ug_l,NA
Q1,1992-06-30,k_mg_l,1.1466666666666667
Q1,1992-06-30,nitrate_ug_l,140.625
Q1,1992-06-30,mg_mg_l,3.2455555555555557
Q1,1992-06-30,ca_mg_l,5.6066666666666665
Q1,1992-06-30,amm_ug_l,NA
Q1,1992-07-07,k_mg_l,1.1300000000000001
Q1,1992-07-07,nitrate_ug_l,138
Q1,1992-07-07,mg_mg_l,3.301111111111111
Q1,1992-07-07,ca_mg_l,5.72
Q1,1992-07-07,amm_ug_l,NA
Q1,1992-07-14,k_mg_l,1.1333333333333333
Q1,1992-07-14,nitrate_ug_l,125.375
Q1,1992-07-14,mg_mg_l,3.1977777777777776
Q1,1992-07-14,ca_mg_l,5.571111111111112
Q1,1992-07-14,amm_ug_l,NA
Q1,1992-07-21,k_mg_l,1.1377777777777778
Q1,1992-07-21,nitrate_ug_l,122.25
Q1,1992-07-21,mg_mg_l,3.301111111111111
Q1,1992-07-21,ca_mg_l,5.753333333333334
Q1,1992-07-21,amm_ug_l,NA
Q1,1992-07-28,k_mg_l,1.1344444444444444
Q1,1992-07-28,nitrate_ug_l,109.77777777777777
Q1,1992-07-28,mg_mg_l,3.248888888888889
Q1,1992-07-28,ca_mg_l,5.676666666666667
Q1,1992-07-28,amm_ug_l,NA
Q1,1992-08-04,k_mg_l,1.1144444444444446
Q1,1992-08-04,nitrate_ug_l,102.66666666666667
Q1,1992-08-04,mg_mg_l,3.236666666666667
Q1,1992-08-04,ca_mg_l,5.694444444444445
Q1,1992-08-04,amm_ug_l,NA
Q1,1992-08-11,k_mg_l,1.0966666666666667
Q1,1992-08-11,nitrate_ug_l,94.77777777777777
Q1,1992-08-11,mg_mg_l,3.2511111111111113
Q1,1992-08-11,ca_mg_l,5.734444444444445
Q1,1992-08-11,amm_ug_l,NA
Q1,1992-08-18,k_mg_l,1.1122222222222222
Q1,1992-08-18,nitrate_ug_l,103.375
Q1,1992-08-18,mg_mg_l,3.5144444444444445
Q1,1992-08-18,ca_mg_l,6.211111111111111
Q1,1992-08-18,amm_ug_l,NA
Q1,1992-08-25,k_mg_l,1.0877777777777777
Q1,1992-08-25,nitrate_ug_l,107
Q1,1992-08-25,mg_mg_l,3.526666666666667
Q1,1992-08-25,ca_mg_l,6.231111111111111
Q1,1992-08-25,amm_ug_l,NA
Q1,1992-09-01,k_mg_l,1.0655555555555556
Q1,1992-09-01,nitrate_ug_l,67.71428571428571
Q1,1992-09-01,mg_mg_l,3.517777777777778
Q1,1992-09-01,ca_mg_l,6.2
Q1,1992-09-01,amm_ug_l,NA
Q1,1992-09-08,k_mg_l,1.07
Q1,1992-09-08,nitrate_ug_l,67.71428571428571
Q1,1992-09-08,mg_mg_l,3.4411111111111112
Q1,1992-09-08,ca_mg_l,6.084444444444444
Q1,1992-09-08,amm_ug_l,NA
Q1,1992-09-15,k_mg_l,1.0633333333333335
Q1,1992-09-15,nitrate_ug_l,85.57142857142857
Q1,1992-09-15,mg_mg_l,3.4222222222222225
Q1,1992-09-15,ca_mg_l,6.011111111111111
Q1,1992-09-15,amm_ug_l,NA
Q1,1992-09-22,k_mg_l,0.9577777777777778
Q1,1992-09-22,nitrate_ug_l,86.14285714285714
Q1,1992-09-22,mg_mg_l,3.0277777777777777
Q1,1992-09-22,ca_mg_l,5.46
Q1,1992-09-22,amm_ug_l,NA
Q1,1992-09-29,k_mg_l,0.9666666666666667
Q1,1992-09-29,nitrate_ug_l,87
Q1,1992-09-29,mg_mg_l,3.0522222222222224
Q1,1992-09-29,ca_mg_l,5.49
Q1,1992-09-29,amm_ug_l,NA
Q1,1992-10-06,k_mg_l,0.9877777777777778
Q1,1992-10-06,nitrate_ug_l,76.28571428571429
Q1,1992-10-06,mg_mg_l,3.002222222222222
Q1,1992-10-06,ca_mg_l,5.384444444444444
Q1,1992-10-06,amm_ug_l,NA
Q1,1992-10-13,k_mg_l,1
Q1,1992-10-13,nitrate_ug_l,37.285714285714285
Q1,1992-10-13,mg_mg_l,2.96
Q1,1992-10-13,ca_mg_l,5.2411111111111115
Q1,1992-10-13,amm_ug_l,NA
Q1,1992-10-20,k_mg_l,0.9044444444444445
Q1,1992-10-20,nitrate_ug_l,35.875
Q1,1992-10-20,mg_mg_l,2.631111111111111
Q1,1992-10-20,ca_mg_l,4.865555555555556
Q1,1992-10-20,amm_ug_l,NA
Q1,1992-10-27,k_mg_l,0.9466666666666667
Q1,1992-10-27,nitrate_ug_l,33
Q1,1992-10-27,mg_mg_l,2.5533333333333332
Q1,1992-10-27,ca_mg_l,4.695555555555556
Q1,1992-10-27,amm_ug_l,NA
Q1,1992-11-03,k_mg_l,0.9622222222222222
Q1,1992-11-03,nitrate_ug_l,33
Q1,1992-11-03,mg_mg_l,2.4955555555555557
Q1,1992-11-03,ca_mg_l,4.543333333333333
Q1,1992-11-03,amm_ug_l,NA
Q1,1992-11-10,k_mg_l,1.0066666666666666
Q1,1992-11-10,nitrate_ug_l,36.833333333333336
Q1,1992-11-10,mg_mg_l,2.6255555555555556
Q1,1992-11-10,ca_mg_l,4.725555555555555
Q1,1992-11-10,amm_ug_l,NA
Q1,1992-11-17,k_mg_l,1.01
Q1,1992-11-17,nitrate_ug_l,17.2
Q1,1992-11-17,mg_mg_l,2.71
Q1,1992-11-17,ca_mg_l,4.902222222222222
Q1,1992-11-17,amm_ug_l,NA
Q1,1992-11-24,k_mg_l,1.0911111111111111
Q1,1992-11-24,nitrate_ug_l,16.5
Q1,1992-11-24,mg_mg_l,2.9144444444444444
Q1,1992-11-24,ca_mg_l,5.042222222222223
Q1,1992-11-24,amm_ug_l,NA
Q1,1992-12-01,k_mg_l,1.0955555555555556
Q1,1992-12-01,nitrate_ug_l,16.666666666666668
Q1,1992-12-01,mg_mg_l,2.867777777777778
Q1,1992-12-01,ca_mg_l,4.898888888888889
Q1,1992-12-01,amm_ug_l,NA
Q1,1992-12-08,k_mg_l,1.0822222222222222
Q1,1992-12-08,nitrate_ug_l,20.5
Q1,1992-12-08,mg_mg_l,2.897777777777778
Q1,1992-12-08,ca_mg_l,4.845555555555555
Q1,1992-12-08,amm_ug_l,NA
Q1,1992-12-15,k_mg_l,1.0755555555555556
Q1,1992-12-15,nitrate_ug_l,26
Q1,1992-12-15,mg_mg_l,2.8966666666666665
Q1,1992-12-15,ca_mg_l,4.808888888888889
Q1,1992-12-15,amm_ug_l,NA
Q1,1992-12-22,k_mg_l,1.1511111111111112
Q1,1992-12-22,nitrate_ug_l,NA
Q1,1992-12-22,mg_mg_l,3.101111111111111
Q1,1992-12-22,ca_mg_l,4.905555555555556
Q1,1992-12-22,amm_ug_l,NA
Q1,1992-12-22,k_mg_l,1.1511111111111112
Q1,1992-12-22,nitrate_ug_l,NA
Q1,1992-12-22,mg_mg_l,3.101111111111111
Q1,1992-12-22,ca_mg_l,4.905555555555556
Q1,1992-12-22,amm_ug_l,NA
Q1,1992-12-22,k_mg_l,1.1511111111111112
Q1,1992-12-22,nitrate_ug_l,NA
Q1,1992-12-22,mg_mg_l,3.101111111111111
Q1,1992-12-22,ca_mg_l,4.905555555555556
Q1,1992-12-22,amm_ug_l,NA
Q1,1992-12-29,k_mg_l,1.1133333333333333
Q1,1992-12-29,nitrate_ug_l,NA
Q1,1992-12-29,mg_mg_l,3.141111111111111
Q1,1992-12-29,ca_mg_l,4.921111111111111
Q1,1992-12-29,amm_ug_l,NA
Q1,1993-01-05,k_mg_l,1.1344444444444444
Q1,1993-01-05,nitrate_ug_l,20
Q1,1993-01-05,mg_mg_l,3.181111111111111
Q1,1993-01-05,ca_mg_l,4.975555555555555
Q1,1993-01-05,amm_ug_l,NA
Q1,1993-01-12,k_mg_l,1.0966666666666667
Q1,1993-01-12,nitrate_ug_l,107
Q1,1993-01-12,mg_mg_l,3.132222222222222
Q1,1993-01-12,ca_mg_l,4.945555555555556
Q1,1993-01-12,amm_ug_l,NA
Q1,1993-01-19,k_mg_l,1.0811111111111111
Q1,1993-01-19,nitrate_ug_l,92.33333333333333
Q1,1993-01-19,mg_mg_l,3.15
Q1,1993-01-19,ca_mg_l,4.886666666666667
Q1,1993-01-19,amm_ug_l,NA
Q1,1993-01-26,k_mg_l,1.0711111111111111
Q1,1993-01-26,nitrate_ug_l,103
Q1,1993-01-26,mg_mg_l,3.1777777777777776
Q1,1993-01-26,ca_mg_l,5.01
Q1,1993-01-26,amm_ug_l,NA
Q1,1993-02-02,k_mg_l,1.1022222222222222
Q1,1993-02-02,nitrate_ug_l,117.8
Q1,1993-02-02,mg_mg_l,3.3988888888888886
Q1,1993-02-02,ca_mg_l,5.518888888888889
Q1,1993-02-02,amm_ug_l,NA
Q1,1993-02-09,k_mg_l,1.12
Q1,1993-02-09,nitrate_ug_l,125.33333333333333
Q1,1993-02-09,mg_mg_l,3.4466666666666668
Q1,1993-02-09,ca_mg_l,5.72
Q1,1993-02-09,amm_ug_l,NA
Q1,1993-02-16,k_mg_l,1.1511111111111112
Q1,1993-02-16,nitrate_ug_l,132
Q1,1993-02-16,mg_mg_l,3.561111111111111
Q1,1993-02-16,ca_mg_l,5.986666666666666
Q1,1993-02-16,amm_ug_l,NA
Q1,1993-02-23,k_mg_l,1.2033333333333334
Q1,1993-02-23,nitrate_ug_l,132.75
Q1,1993-02-23,mg_mg_l,3.69
Q1,1993-02-23,ca_mg_l,6.26
Q1,1993-02-23,amm_ug_l,NA
Q1,1993-03-02,k_mg_l,1.1955555555555555
Q1,1993-03-02,nitrate_ug_l,138.33333333333334
Q1,1993-03-02,mg_mg_l,3.732222222222222
Q1,1993-03-02,ca_mg_l,5.858888888888889
Q1,1993-03-02,amm_ug_l,NA
Q1,1993-03-09,k_mg_l,1.1744444444444444
Q1,1993-03-09,nitrate_ug_l,137.11111111111111
Q1,1993-03-09,mg_mg_l,3.671111111111111
Q1,1993-03-09,ca_mg_l,5.795555555555556
Q1,1993-03-09,amm_ug_l,NA
Q1,1993-03-16,k_mg_l,1.1722222222222223
Q1,1993-03-16,nitrate_ug_l,116.88888888888889
Q1,1993-03-16,mg_mg_l,3.5455555555555556
Q1,1993-03-16,ca_mg_l,5.481111111111111
Q1,1993-03-16,amm_ug_l,NA
Q1,1993-03-23,k_mg_l,1.18
Q1,1993-03-23,nitrate_ug_l,111
Q1,1993-03-23,mg_mg_l,3.5255555555555556
Q1,1993-03-23,ca_mg_l,5.497777777777777
Q1,1993-03-23,amm_ug_l,NA
Q1,1993-03-30,k_mg_l,1.2455555555555555
Q1,1993-03-30,nitrate_ug_l,96.66666666666667
Q1,1993-03-30,mg_mg_l,3.618888888888889
Q1,1993-03-30,ca_mg_l,5.6755555555555555
Q1,1993-03-30,amm_ug_l,NA
Q1,1993-04-06,k_mg_l,1.2333333333333334
Q1,1993-04-06,nitrate_ug_l,78.88888888888889
Q1,1993-04-06,mg_mg_l,3.511111111111111
Q1,1993-04-06,ca_mg_l,5.472222222222222
Q1,1993-04-06,amm_ug_l,NA
Q1,1993-04-13,k_mg_l,1.22
Q1,1993-04-13,nitrate_ug_l,69.11111111111111
Q1,1993-04-13,mg_mg_l,3.4755555555555557
Q1,1993-04-13,ca_mg_l,5.415555555555556
Q1,1993-04-13,amm_ug_l,NA
Q1,1993-04-20,k_mg_l,1.1888888888888889
Q1,1993-04-20,nitrate_ug_l,54.111111111111114
Q1,1993-04-20,mg_mg_l,3.361111111111111
Q1,1993-04-20,ca_mg_l,5.2588888888888885
Q1,1993-04-20,amm_ug_l,NA
Q1,1993-04-27,k_mg_l,1.1400000000000001
Q1,1993-04-27,nitrate_ug_l,41.666666666666664
Q1,1993-04-27,mg_mg_l,3.17
Q1,1993-04-27,ca_mg_l,4.952222222222222
Q1,1993-04-27,amm_ug_l,NA
Q1,1993-05-04,k_mg_l,1.1788888888888889
Q1,1993-05-04,nitrate_ug_l,23.22222222222222
Q1,1993-05-04,mg_mg_l,3.137777777777778
Q1,1993-05-04,ca_mg_l,5.426666666666667
Q1,1993-05-04,amm_ug_l,NA
Q1,1993-05-11,k_mg_l,1.1577777777777778
Q1,1993-05-11,nitrate_ug_l,28.333333333333332
Q1,1993-05-11,mg_mg_l,3.2222222222222223
Q1,1993-05-11,ca_mg_l,5.611111111111111
Q1,1993-05-11,amm_ug_l,NA
Q1,1993-05-18,k_mg_l,1.1555555555555557
Q1,1993-05-18,nitrate_ug_l,30.375
Q1,1993-05-18,mg_mg_l,3.27
Q1,1993-05-18,ca_mg_l,5.747777777777777
Q1,1993-05-18,amm_ug_l,NA
Q1,1993-05-25,k_mg_l,1.1388888888888888
Q1,1993-05-25,nitrate_ug_l,33.285714285714285
Q1,1993-05-25,mg_mg_l,3.3066666666666666
Q1,1993-05-25,ca_mg_l,5.863333333333333
Q1,1993-05-25,amm_ug_l,NA
Q1,1993-06-01,k_mg_l,1.0733333333333335
Q1,1993-06-01,nitrate_ug_l,37.833333333333336
Q1,1993-06-01,mg_mg_l,3.041111111111111
Q1,1993-06-01,ca_mg_l,5.665555555555556
Q1,1993-06-01,amm_ug_l,NA
Q1,1993-06-08,k_mg_l,1.0455555555555556
Q1,1993-06-08,nitrate_ug_l,42
Q1,1993-06-08,mg_mg_l,2.9722222222222223
Q1,1993-06-08,ca_mg_l,5.5377777777777775
Q1,1993-06-08,amm_ug_l,NA
Q1,1993-06-15,k_mg_l,1.018888888888889
Q1,1993-06-15,nitrate_ug_l,39.2
Q1,1993-06-15,mg_mg_l,2.9566666666666666
Q1,1993-06-15,ca_mg_l,5.483333333333333
Q1,1993-06-15,amm_ug_l,NA
Q1,1993-06-22,k_mg_l,1.037777777777778
Q1,1993-06-22,nitrate_ug_l,33
Q1,1993-06-22,mg_mg_l,2.9644444444444447
Q1,1993-06-22,ca_mg_l,5.483333333333333
Q1,1993-06-22,amm_ug_l,NA
Q1,1993-06-29,k_mg_l,1.0222222222222221
Q1,1993-06-29,nitrate_ug_l,30
Q1,1993-06-29,mg_mg_l,3.0300000000000002
Q1,1993-06-29,ca_mg_l,5.564444444444445
Q1,1993-06-29,amm_ug_l,NA
Q1,1993-07-06,k_mg_l,1.0066666666666666
Q1,1993-07-06,nitrate_ug_l,30.8
Q1,1993-07-06,mg_mg_l,2.997777777777778
Q1,1993-07-06,ca_mg_l,5.545555555555556
Q1,1993-07-06,amm_ug_l,NA
Q1,1993-07-13,k_mg_l,1.0033333333333334
Q1,1993-07-13,nitrate_ug_l,44.6
Q1,1993-07-13,mg_mg_l,3.013333333333333
Q1,1993-07-13,ca_mg_l,5.467777777777778
Q1,1993-07-13,amm_ug_l,NA
Q1,1993-07-20,k_mg_l,1.051111111111111
Q1,1993-07-20,nitrate_ug_l,38.666666666666664
Q1,1993-07-20,mg_mg_l,3.1855555555555557
Q1,1993-07-20,ca_mg_l,5.775555555555555
Q1,1993-07-20,amm_ug_l,NA
Q1,1993-07-27,k_mg_l,1.0622222222222222
Q1,1993-07-27,nitrate_ug_l,60.57142857142857
Q1,1993-07-27,mg_mg_l,3.181111111111111
Q1,1993-07-27,ca_mg_l,5.792222222222223
Q1,1993-07-27,amm_ug_l,NA
Q1,1993-08-03,k_mg_l,1.0577777777777777
Q1,1993-08-03,nitrate_ug_l,54.125
Q1,1993-08-03,mg_mg_l,3.287777777777778
Q1,1993-08-03,ca_mg_l,5.684444444444445
Q1,1993-08-03,amm_ug_l,NA
Q1,1993-08-10,k_mg_l,1.0555555555555556
Q1,1993-08-10,nitrate_ug_l,49.111111111111114
Q1,1993-08-10,mg_mg_l,3.2977777777777777
Q1,1993-08-10,ca_mg_l,5.731111111111111
Q1,1993-08-10,amm_ug_l,NA
Q1,1993-08-17,k_mg_l,1.0933333333333333
Q1,1993-08-17,nitrate_ug_l,43.111111111111114
Q1,1993-08-17,mg_mg_l,3.281111111111111
Q1,1993-08-17,ca_mg_l,5.704444444444444
Q1,1993-08-17,amm_ug_l,NA
Q1,1993-08-24,k_mg_l,1.1222222222222222
Q1,1993-08-24,nitrate_ug_l,43.22222222222222
Q1,1993-08-24,mg_mg_l,3.3022222222222224
Q1,1993-08-24,ca_mg_l,5.705555555555556
Q1,1993-08-24,amm_ug_l,NA
Q1,1993-08-31,k_mg_l,1.13
Q1,1993-08-31,nitrate_ug_l,42.888888888888886
Q1,1993-08-31,mg_mg_l,3.321111111111111
Q1,1993-08-31,ca_mg_l,5.756666666666667
Q1,1993-08-31,amm_ug_l,NA
Q1,1993-09-07,k_mg_l,1.11
Q1,1993-09-07,nitrate_ug_l,41.22222222222222
Q1,1993-09-07,mg_mg_l,3.371111111111111
Q1,1993-09-07,ca_mg_l,5.890000000000001
Q1,1993-09-07,amm_ug_l,NA
Q1,1993-09-14,k_mg_l,1.1211111111111112
Q1,1993-09-14,nitrate_ug_l,28.333333333333332
Q1,1993-09-14,mg_mg_l,3.3266666666666667
Q1,1993-09-14,ca_mg_l,5.921111111111111
Q1,1993-09-14,amm_ug_l,NA
Q1,1993-09-21,k_mg_l,1.1222222222222222
Q1,1993-09-21,nitrate_ug_l,28
Q1,1993-09-21,mg_mg_l,3.117777777777778
Q1,1993-09-21,ca_mg_l,5.566666666666667
Q1,1993-09-21,amm_ug_l,NA
Q1,1993-09-28,k_mg_l,1.1733333333333333
Q1,1993-09-28,nitrate_ug_l,9.11111111111111
Q1,1993-09-28,mg_mg_l,3.252222222222222
Q1,1993-09-28,ca_mg_l,5.767777777777778
Q1,1993-09-28,amm_ug_l,NA
Q1,1993-10-05,k_mg_l,1.1744444444444444
Q1,1993-10-05,nitrate_ug_l,9.88888888888889
Q1,1993-10-05,mg_mg_l,3.2444444444444445
Q1,1993-10-05,ca_mg_l,5.802222222222222
Q1,1993-10-05,amm_ug_l,NA
Q1,1993-10-13,k_mg_l,1.136
Q1,1993-10-13,nitrate_ug_l,11.9
Q1,1993-10-13,mg_mg_l,3.247
Q1,1993-10-13,ca_mg_l,5.772
Q1,1993-10-13,amm_ug_l,NA
Q1,1993-10-19,k_mg_l,1.1277777777777778
Q1,1993-10-19,nitrate_ug_l,12.444444444444445
Q1,1993-10-19,mg_mg_l,3.2733333333333334
Q1,1993-10-19,ca_mg_l,5.831111111111111
Q1,1993-10-19,amm_ug_l,NA
Q1,1993-10-26,k_mg_l,1.1133333333333333
Q1,1993-10-26,nitrate_ug_l,17.22222222222222
Q1,1993-10-26,mg_mg_l,3.327777777777778
Q1,1993-10-26,ca_mg_l,5.94
Q1,1993-10-26,amm_ug_l,NA
Q1,1993-11-02,k_mg_l,1.1255555555555556
Q1,1993-11-02,nitrate_ug_l,18.375
Q1,1993-11-02,mg_mg_l,3.2644444444444445
Q1,1993-11-02,ca_mg_l,5.803333333333334
Q1,1993-11-02,amm_ug_l,NA
Q1,1993-11-09,k_mg_l,1.1777777777777778
Q1,1993-11-09,nitrate_ug_l,20.142857142857142
Q1,1993-11-09,mg_mg_l,3.3666666666666667
Q1,1993-11-09,ca_mg_l,5.892222222222222
Q1,1993-11-09,amm_ug_l,NA
Q1,1993-11-16,k_mg_l,1.18
Q1,1993-11-16,nitrate_ug_l,22.166666666666668
Q1,1993-11-16,mg_mg_l,3.1688888888888886
Q1,1993-11-16,ca_mg_l,5.688888888888889
Q1,1993-11-16,amm_ug_l,NA
Q1,1993-11-23,k_mg_l,1.1077777777777778
Q1,1993-11-23,nitrate_ug_l,25.4
Q1,1993-11-23,mg_mg_l,3.035555555555556
Q1,1993-11-23,ca_mg_l,5.721111111111111
Q1,1993-11-23,amm_ug_l,NA
Q1,1993-11-30,k_mg_l,1.0422222222222222
Q1,1993-11-30,nitrate_ug_l,26.25
Q1,1993-11-30,mg_mg_l,2.902222222222222
Q1,1993-11-30,ca_mg_l,5.482222222222222
Q1,1993-11-30,amm_ug_l,NA
Q1,1993-12-07,k_mg_l,1.0333333333333332
Q1,1993-12-07,nitrate_ug_l,24.5
Q1,1993-12-07,mg_mg_l,2.9155555555555557
Q1,1993-12-07,ca_mg_l,5.43
Q1,1993-12-07,amm_ug_l,NA
Q1,1993-12-14,k_mg_l,1.0611111111111111
Q1,1993-12-14,nitrate_ug_l,22.5
Q1,1993-12-14,mg_mg_l,2.908888888888889
Q1,1993-12-14,ca_mg_l,5.407777777777778
Q1,1993-12-14,amm_ug_l,NA
Q1,1993-12-21,k_mg_l,1.0355555555555556
Q1,1993-12-21,nitrate_ug_l,25.333333333333332
Q1,1993-12-21,mg_mg_l,2.8844444444444446
Q1,1993-12-21,ca_mg_l,5.3133333333333335
Q1,1993-12-21,amm_ug_l,NA
Q1,1993-12-28,k_mg_l,1.0422222222222222
Q1,1993-12-28,nitrate_ug_l,15.666666666666666
Q1,1993-12-28,mg_mg_l,2.7533333333333334
Q1,1993-12-28,ca_mg_l,5.051111111111111
Q1,1993-12-28,amm_ug_l,NA
Q1,1994-01-04,k_mg_l,1.0477777777777777
Q1,1994-01-04,nitrate_ug_l,15.666666666666666
Q1,1994-01-04,mg_mg_l,2.8177777777777777
Q1,1994-01-04,ca_mg_l,5.177777777777778
Q1,1994-01-04,amm_ug_l,NA
Q1,1994-01-11,k_mg_l,1.0044444444444445
Q1,1994-01-11,nitrate_ug_l,15.666666666666666
Q1,1994-01-11,mg_mg_l,2.7177777777777776
Q1,1994-01-11,ca_mg_l,5.046666666666667
Q1,1994-01-11,amm_ug_l,NA
Q1,1994-01-18,k_mg_l,1.0055555555555555
Q1,1994-01-18,nitrate_ug_l,13.5
Q1,1994-01-18,mg_mg_l,2.951111111111111
Q1,1994-01-18,ca_mg_l,5.302222222222222
Q1,1994-01-18,amm_ug_l,NA
Q1,1994-01-25,k_mg_l,1.03
Q1,1994-01-25,nitrate_ug_l,13.5
Q1,1994-01-25,mg_mg_l,3.161111111111111
Q1,1994-01-25,ca_mg_l,5.427777777777778
Q1,1994-01-25,amm_ug_l,NA
Q1,1994-02-01,k_mg_l,1.0355555555555556
Q1,1994-02-01,nitrate_ug_l,13.5
Q1,1994-02-01,mg_mg_l,3.187777777777778
Q1,1994-02-01,ca_mg_l,5.545555555555556
Q1,1994-02-01,amm_ug_l,NA
Q1,1994-02-08,k_mg_l,1.0344444444444445
Q1,1994-02-08,nitrate_ug_l,15
Q1,1994-02-08,mg_mg_l,3.29
Q1,1994-02-08,ca_mg_l,5.7811111111111115
Q1,1994-02-08,amm_ug_l,NA
Q1,1994-02-15,k_mg_l,1.0266666666666666
Q1,1994-02-15,nitrate_ug_l,56.666666666666664
Q1,1994-02-15,mg_mg_l,3.3066666666666666
Q1,1994-02-15,ca_mg_l,5.837777777777778
Q1,1994-02-15,amm_ug_l,NA
Q1,1994-02-22,k_mg_l,1.0655555555555556
Q1,1994-02-22,nitrate_ug_l,86.75
Q1,1994-02-22,mg_mg_l,3.3433333333333333
Q1,1994-02-22,ca_mg_l,5.968888888888889
Q1,1994-02-22,amm_ug_l,NA
Q1,1994-03-01,k_mg_l,1.0266666666666666
Q1,1994-03-01,nitrate_ug_l,85.75
Q1,1994-03-01,mg_mg_l,3.4366666666666665
Q1,1994-03-01,ca_mg_l,6.221111111111111
Q1,1994-03-01,amm_ug_l,NA
Q1,1994-03-08,k_mg_l,0.991111111111111
Q1,1994-03-08,nitrate_ug_l,72.4
Q1,1994-03-08,mg_mg_l,3.45
Q1,1994-03-08,ca_mg_l,6.312222222222222
Q1,1994-03-08,amm_ug_l,NA
Q1,1994-03-15,k_mg_l,1.0355555555555556
Q1,1994-03-15,nitrate_ug_l,62.666666666666664
Q1,1994-03-15,mg_mg_l,3.41
Q1,1994-03-15,ca_mg_l,6.228888888888889
Q1,1994-03-15,amm_ug_l,NA
Q1,1994-03-22,k_mg_l,1.051111111111111
Q1,1994-03-22,nitrate_ug_l,65.66666666666667
Q1,1994-03-22,mg_mg_l,3.347777777777778
Q1,1994-03-22,ca_mg_l,6.14
Q1,1994-03-22,amm_ug_l,NA
Q1,1994-03-29,k_mg_l,1.058888888888889
Q1,1994-03-29,nitrate_ug_l,58.857142857142854
Q1,1994-03-29,mg_mg_l,3.3444444444444446
Q1,1994-03-29,ca_mg_l,6.182222222222222
Q1,1994-03-29,amm_ug_l,NA
Q1,1994-04-05,k_mg_l,1.0911111111111111
Q1,1994-04-05,nitrate_ug_l,53.5
Q1,1994-04-05,mg_mg_l,3.453333333333333
Q1,1994-04-05,ca_mg_l,6.293333333333333
Q1,1994-04-05,amm_ug_l,NA
Q1,1994-04-12,k_mg_l,1.1133333333333333
Q1,1994-04-12,nitrate_ug_l,49.44444444444444
Q1,1994-04-12,mg_mg_l,3.4988888888888887
Q1,1994-04-12,ca_mg_l,6.366666666666667
Q1,1994-04-12,amm_ug_l,NA
Q1,1994-04-19,k_mg_l,1.1355555555555554
Q1,1994-04-19,nitrate_ug_l,35.888888888888886
Q1,1994-04-19,mg_mg_l,3.6355555555555554
Q1,1994-04-19,ca_mg_l,6.561111111111111
Q1,1994-04-19,amm_ug_l,NA
Q1,1994-04-26,k_mg_l,1.1566666666666667
Q1,1994-04-26,nitrate_ug_l,17.444444444444443
Q1,1994-04-26,mg_mg_l,3.7
Q1,1994-04-26,ca_mg_l,6.6466666666666665
Q1,1994-04-26,amm_ug_l,NA
Q1,1994-05-03,k_mg_l,1.169
Q1,1994-05-03,nitrate_ug_l,32.44444444444444
Q1,1994-05-03,mg_mg_l,3.556
Q1,1994-05-03,ca_mg_l,6.372
Q1,1994-05-03,amm_ug_l,NA
Q1,1994-05-10,k_mg_l,1.178
Q1,1994-05-10,nitrate_ug_l,31.77777777777778
Q1,1994-05-10,mg_mg_l,3.564
Q1,1994-05-10,ca_mg_l,6.363
Q1,1994-05-10,amm_ug_l,NA
Q1,1994-05-17,k_mg_l,1.171
Q1,1994-05-17,nitrate_ug_l,41.55555555555556
Q1,1994-05-17,mg_mg_l,3.722
Q1,1994-05-17,ca_mg_l,6.628
Q1,1994-05-17,amm_ug_l,NA
Q1,1994-05-24,k_mg_l,1.21
Q1,1994-05-24,nitrate_ug_l,51.22222222222222
Q1,1994-05-24,mg_mg_l,3.85
Q1,1994-05-24,ca_mg_l,6.785
Q1,1994-05-24,amm_ug_l,NA
Q1,1994-05-31,k_mg_l,1.201
Q1,1994-05-31,nitrate_ug_l,55.375
Q1,1994-05-31,mg_mg_l,3.847
Q1,1994-05-31,ca_mg_l,6.746
Q1,1994-05-31,amm_ug_l,NA
Q1,1994-06-07,k_mg_l,1.195
Q1,1994-06-07,nitrate_ug_l,61
Q1,1994-06-07,mg_mg_l,3.746
Q1,1994-06-07,ca_mg_l,6.551
Q1,1994-06-07,amm_ug_l,NA
Q1,1994-06-14,k_mg_l,1.187
Q1,1994-06-14,nitrate_ug_l,68.33333333333333
Q1,1994-06-14,mg_mg_l,3.676
Q1,1994-06-14,ca_mg_l,6.431
Q1,1994-06-14,amm_ug_l,NA
Q1,1994-06-21,k_mg_l,1.172
Q1,1994-06-21,nitrate_ug_l,78
Q1,1994-06-21,mg_mg_l,3.576
Q1,1994-06-21,ca_mg_l,6.25
Q1,1994-06-21,amm_ug_l,NA
Q1,1994-06-28,k_mg_l,1.143
Q1,1994-06-28,nitrate_ug_l,94.75
Q1,1994-06-28,mg_mg_l,3.505
Q1,1994-06-28,ca_mg_l,6.196
Q1,1994-06-28,amm_ug_l,NA
Q1,1994-06-30,k_mg_l,1.165
Q1,1994-06-30,nitrate_ug_l,94.75
Q1,1994-06-30,mg_mg_l,3.668
Q1,1994-06-30,ca_mg_l,6.466
Q1,1994-06-30,amm_ug_l,NA
Q1,1994-07-05,k_mg_l,1.1677777777777778
Q1,1994-07-05,nitrate_ug_l,75.66666666666667
Q1,1994-07-05,mg_mg_l,3.816666666666667
Q1,1994-07-05,ca_mg_l,6.7011111111111115
Q1,1994-07-05,amm_ug_l,NA
Q1,1994-07-12,k_mg_l,1.2577777777777779
Q1,1994-07-12,nitrate_ug_l,107
Q1,1994-07-12,mg_mg_l,3.8355555555555556
Q1,1994-07-12,ca_mg_l,6.734444444444445
Q1,1994-07-12,amm_ug_l,NA
Q1,1994-07-19,k_mg_l,1.2144444444444444
Q1,1994-07-19,nitrate_ug_l,112
Q1,1994-07-19,mg_mg_l,3.7
Q1,1994-07-19,ca_mg_l,6.5311111111111115
Q1,1994-07-19,amm_ug_l,NA
Q1,1994-07-26,k_mg_l,1.2377777777777779
Q1,1994-07-26,nitrate_ug_l,NA
Q1,1994-07-26,mg_mg_l,3.398888888888889
Q1,1994-07-26,ca_mg_l,6.015555555555555
Q1,1994-07-26,amm_ug_l,NA
Q1,1994-08-02,k_mg_l,1.218888888888889
Q1,1994-08-02,nitrate_ug_l,NA
Q1,1994-08-02,mg_mg_l,3.3966666666666665
Q1,1994-08-02,ca_mg_l,6.04
Q1,1994-08-02,amm_ug_l,NA
Q1,1994-08-09,k_mg_l,1.1822222222222223
Q1,1994-08-09,nitrate_ug_l,NA
Q1,1994-08-09,mg_mg_l,3.3944444444444444
Q1,1994-08-09,ca_mg_l,6.113333333333333
Q1,1994-08-09,amm_ug_l,NA
Q1,1994-08-16,k_mg_l,1.201111111111111
Q1,1994-08-16,nitrate_ug_l,NA
Q1,1994-08-16,mg_mg_l,3.4044444444444446
Q1,1994-08-16,ca_mg_l,6.195555555555556
Q1,1994-08-16,amm_ug_l,NA
Q1,1994-08-23,k_mg_l,1.1866666666666668
Q1,1994-08-23,nitrate_ug_l,NA
Q1,1994-08-23,mg_mg_l,3.3944444444444444
Q1,1994-08-23,ca_mg_l,6.268888888888889
Q1,1994-08-23,amm_ug_l,NA
Q1,1994-08-30,k_mg_l,1.22
Q1,1994-08-30,nitrate_ug_l,NA
Q1,1994-08-30,mg_mg_l,3.3455555555555554
Q1,1994-08-30,ca_mg_l,6.12
Q1,1994-08-30,amm_ug_l,NA
Q1,1994-09-06,k_mg_l,1.2022222222222223
Q1,1994-09-06,nitrate_ug_l,NA
Q1,1994-09-06,mg_mg_l,3.167777777777778
Q1,1994-09-06,ca_mg_l,5.864444444444445
Q1,1994-09-06,amm_ug_l,NA
Q1,1994-09-13,k_mg_l,1.1544444444444444
Q1,1994-09-13,nitrate_ug_l,NA
Q1,1994-09-13,mg_mg_l,2.9877777777777776
Q1,1994-09-13,ca_mg_l,5.543333333333333
Q1,1994-09-13,amm_ug_l,NA
Q1,1994-09-20,k_mg_l,1.1944444444444444
Q1,1994-09-20,nitrate_ug_l,NA
Q1,1994-09-20,mg_mg_l,2.99
Q1,1994-09-20,ca_mg_l,5.558888888888889
Q1,1994-09-20,amm_ug_l,NA
Q1,1994-09-27,k_mg_l,1.12
Q1,1994-09-27,nitrate_ug_l,NA
Q1,1994-09-27,mg_mg_l,3.183333333333333
Q1,1994-09-27,ca_mg_l,5.921111111111111
Q1,1994-09-27,amm_ug_l,NA
Q1,1994-10-04,k_mg_l,1.1344444444444444
Q1,1994-10-04,nitrate_ug_l,NA
Q1,1994-10-04,mg_mg_l,3.1422222222222222
Q1,1994-10-04,ca_mg_l,5.804444444444444
Q1,1994-10-04,amm_ug_l,NA
Q1,1994-10-11,k_mg_l,1.1133333333333333
Q1,1994-10-11,nitrate_ug_l,109
Q1,1994-10-11,mg_mg_l,2.9844444444444442
Q1,1994-10-11,ca_mg_l,5.5
Q1,1994-10-11,amm_ug_l,NA
Q1,1994-10-18,k_mg_l,1.0877777777777777
Q1,1994-10-18,nitrate_ug_l,109
Q1,1994-10-18,mg_mg_l,2.9677777777777776
Q1,1994-10-18,ca_mg_l,5.428888888888888
Q1,1994-10-18,amm_ug_l,NA
Q1,1994-10-25,k_mg_l,1.1444444444444444
Q1,1994-10-25,nitrate_ug_l,109
Q1,1994-10-25,mg_mg_l,2.993333333333333
Q1,1994-10-25,ca_mg_l,5.565555555555555
Q1,1994-10-25,amm_ug_l,NA
Q1,1994-11-01,k_mg_l,1.0988888888888888
Q1,1994-11-01,nitrate_ug_l,109
Q1,1994-11-01,mg_mg_l,3.0444444444444443
Q1,1994-11-01,ca_mg_l,5.645555555555555
Q1,1994-11-01,amm_ug_l,NA
Q1,1994-11-08,k_mg_l,1.085
Q1,1994-11-08,nitrate_ug_l,109
Q1,1994-11-08,mg_mg_l,2.985
Q1,1994-11-08,ca_mg_l,5.52375
Q1,1994-11-08,amm_ug_l,NA
Q1,1994-11-15,k_mg_l,1.0457142857142858
Q1,1994-11-15,nitrate_ug_l,109
Q1,1994-11-15,mg_mg_l,3.11
Q1,1994-11-15,ca_mg_l,5.772857142857143
Q1,1994-11-15,amm_ug_l,NA
Q1,1994-11-22,k_mg_l,1.0116666666666667
Q1,1994-11-22,nitrate_ug_l,109
Q1,1994-11-22,mg_mg_l,3.0616666666666665
Q1,1994-11-22,ca_mg_l,5.6866666666666665
Q1,1994-11-22,amm_ug_l,NA
Q1,1994-11-29,k_mg_l,1.008
Q1,1994-11-29,nitrate_ug_l,109
Q1,1994-11-29,mg_mg_l,3.036
Q1,1994-11-29,ca_mg_l,5.688
Q1,1994-11-29,amm_ug_l,NA
Q1,1994-12-06,k_mg_l,1.0075
Q1,1994-12-06,nitrate_ug_l,109
Q1,1994-12-06,mg_mg_l,3.04
Q1,1994-12-06,ca_mg_l,5.76
Q1,1994-12-06,amm_ug_l,NA
Q1,1994-12-13,k_mg_l,1.1266666666666667
Q1,1994-12-13,nitrate_ug_l,NA
Q1,1994-12-13,mg_mg_l,3.3766666666666665
Q1,1994-12-13,ca_mg_l,6.456666666666667
Q1,1994-12-13,amm_ug_l,NA
Q1,1994-12-20,k_mg_l,1.1949999999999998
Q1,1994-12-20,nitrate_ug_l,NA
Q1,1994-12-20,mg_mg_l,3.4749999999999996
Q1,1994-12-20,ca_mg_l,6.805
Q1,1994-12-20,amm_ug_l,NA
Q1,1994-12-27,k_mg_l,0.94
Q1,1994-12-27,nitrate_ug_l,NA
Q1,1994-12-27,mg_mg_l,3.28
Q1,1994-12-27,ca_mg_l,5.78
Q1,1994-12-27,amm_ug_l,NA
Q2,1988-01-05,k_mg_l,0.8672222222222222
Q2,1988-01-05,nitrate_ug_l,239.1875
Q2,1988-01-05,mg_mg_l,2.11
Q2,1988-01-05,ca_mg_l,4.415555555555556
Q2,1988-01-05,amm_ug_l,18.5
Q2,1988-01-12,k_mg_l,0.8633333333333333
Q2,1988-01-12,nitrate_ug_l,236.3125
Q2,1988-01-12,mg_mg_l,2.1094444444444447
Q2,1988-01-12,ca_mg_l,4.41
Q2,1988-01-12,amm_ug_l,19
Q2,1988-01-19,k_mg_l,0.8605555555555555
Q2,1988-01-19,nitrate_ug_l,233.6875
Q2,1988-01-19,mg_mg_l,2.113888888888889
Q2,1988-01-19,ca_mg_l,4.389444444444445
Q2,1988-01-19,amm_ug_l,19.88888888888889
Q2,1988-01-26,k_mg_l,0.865
Q2,1988-01-26,nitrate_ug_l,228.5625
Q2,1988-01-26,mg_mg_l,2.043888888888889
Q2,1988-01-26,ca_mg_l,4.192222222222222
Q2,1988-01-26,amm_ug_l,19.38888888888889
Q2,1988-01-29,k_mg_l,0.8794444444444445
Q2,1988-01-29,nitrate_ug_l,234.3125
Q2,1988-01-29,mg_mg_l,1.9855555555555555
Q2,1988-01-29,ca_mg_l,4.080555555555556
Q2,1988-01-29,amm_ug_l,19.11111111111111
Q2,1988-01-29,k_mg_l,0.8794444444444445
Q2,1988-01-29,nitrate_ug_l,234.3125
Q2,1988-01-29,mg_mg_l,1.9855555555555555
Q2,1988-01-29,ca_mg_l,4.080555555555556
Q2,1988-01-29,amm_ug_l,19.11111111111111
Q2,1988-01-29,k_mg_l,0.8794444444444445
Q2,1988-01-29,nitrate_ug_l,234.3125
Q2,1988-01-29,mg_mg_l,1.9855555555555555
Q2,1988-01-29,ca_mg_l,4.080555555555556
Q2,1988-01-29,amm_ug_l,19.11111111111111
Q2,1988-01-29,k_mg_l,0.8794444444444445
Q2,1988-01-29,nitrate_ug_l,234.3125
Q2,1988-01-29,mg_mg_l,1.9855555555555555
Q2,1988-01-29,ca_mg_l,4.080555555555556
Q2,1988-01-29,amm_ug_l,19.11111111111111
Q2,1988-01-29,k_mg_l,0.8794444444444445
Q2,1988-01-29,nitrate_ug_l,234.3125
Q2,1988-01-29,mg_mg_l,1.9855555555555555
Q2,1988-01-29,ca_mg_l,4.080555555555556
Q2,1988-01-29,amm_ug_l,19.11111111111111
Q2,1988-01-29,k_mg_l,0.8794444444444445
Q2,1988-01-29,nitrate_ug_l,234.3125
Q2,1988-01-29,mg_mg_l,1.9855555555555555
Q2,1988-01-29,ca_mg_l,4.080555555555556
Q2,1988-01-29,amm_ug_l,19.11111111111111
Q2,1988-01-29,k_mg_l,0.8794444444444445
Q2,1988-01-29,nitrate_ug_l,234.3125
Q2,1988-01-29,mg_mg_l,1.9855555555555555
Q2,1988-01-29,ca_mg_l,4.080555555555556
Q2,1988-01-29,amm_ug_l,19.11111111111111
Q2,1988-01-29,k_mg_l,0.8794444444444445
Q2,1988-01-29,nitrate_ug_l,234.3125
Q2,1988-01-29,mg_mg_l,1.9855555555555555
Q2,1988-01-29,ca_mg_l,4.080555555555556
Q2,1988-01-29,amm_ug_l,19.11111111111111
Q2,1988-02-02,k_mg_l,0.806
Q2,1988-02-02,nitrate_ug_l,196.4
Q2,1988-02-02,mg_mg_l,2.202
Q2,1988-02-02,ca_mg_l,4.29
Q2,1988-02-02,amm_ug_l,19
Q2,1988-02-02,k_mg_l,0.806
Q2,1988-02-02,nitrate_ug_l,196.4
Q2,1988-02-02,mg_mg_l,2.202
Q2,1988-02-02,ca_mg_l,4.29
Q2,1988-02-02,amm_ug_l,19
Q2,1988-02-03,k_mg_l,0.7922222222222222
Q2,1988-02-03,nitrate_ug_l,195.77777777777777
Q2,1988-02-03,mg_mg_l,2.361111111111111
Q2,1988-02-03,ca_mg_l,4.458888888888889
Q2,1988-02-03,amm_ug_l,18.5
Q2,1988-02-04,k_mg_l,0.7775
Q2,1988-02-04,nitrate_ug_l,185
Q2,1988-02-04,mg_mg_l,2.34625
Q2,1988-02-04,ca_mg_l,4.33875
Q2,1988-02-04,amm_ug_l,18.857142857142858
Q2,1988-02-09,k_mg_l,0.7775
Q2,1988-02-09,nitrate_ug_l,185
Q2,1988-02-09,mg_mg_l,2.34625
Q2,1988-02-09,ca_mg_l,4.33875
Q2,1988-02-09,amm_ug_l,18.857142857142858
Q2,1988-02-10,k_mg_l,0.7677777777777778
Q2,1988-02-10,nitrate_ug_l,183.66666666666666
Q2,1988-02-10,mg_mg_l,2.3866666666666667
Q2,1988-02-10,ca_mg_l,4.386666666666667
Q2,1988-02-10,amm_ug_l,18.857142857142858
Q2,1988-02-16,k_mg_l,0.7677777777777778
Q2,1988-02-16,nitrate_ug_l,183.66666666666666
Q2,1988-02-16,mg_mg_l,2.3866666666666667
Q2,1988-02-16,ca_mg_l,4.386666666666667
Q2,1988-02-16,amm_ug_l,18.857142857142858
Q2,1988-02-23,k_mg_l,0.7822222222222222
Q2,1988-02-23,nitrate_ug_l,203.77777777777777
Q2,1988-02-23,mg_mg_l,2.3544444444444443
Q2,1988-02-23,ca_mg_l,4.335555555555556
Q2,1988-02-23,amm_ug_l,19.428571428571427
Q2,1988-03-01,k_mg_l,0.7788888888888889
Q2,1988-03-01,nitrate_ug_l,198.33333333333334
Q2,1988-03-01,mg_mg_l,2.3344444444444443
Q2,1988-03-01,ca_mg_l,4.288888888888889
Q2,1988-03-01,amm_ug_l,21.571428571428573
Q2,1988-03-08,k_mg_l,0.7833333333333333
Q2,1988-03-08,nitrate_ug_l,192.33333333333334
Q2,1988-03-08,mg_mg_l,2.316666666666667
Q2,1988-03-08,ca_mg_l,4.243333333333333
Q2,1988-03-08,amm_ug_l,27.142857142857142
Q2,1988-03-15,k_mg_l,0.839
Q2,1988-03-15,nitrate_ug_l,209.9
Q2,1988-03-15,mg_mg_l,2.185
Q2,1988-03-15,ca_mg_l,4.011
Q2,1988-03-15,amm_ug_l,31.875
Q2,1988-03-23,k_mg_l,0.8263636363636364
Q2,1988-03-23,nitrate_ug_l,214.0909090909091
Q2,1988-03-23,mg_mg_l,2.0663636363636364
Q2,1988-03-23,ca_mg_l,3.711818181818182
Q2,1988-03-23,amm_ug_l,44.333333333333336
Q2,1988-03-29,k_mg_l,0.827
Q2,1988-03-29,nitrate_ug_l,221.6
Q2,1988-03-29,mg_mg_l,2.138
Q2,1988-03-29,ca_mg_l,3.9099999999999997
Q2,1988-03-29,amm_ug_l,48.75
Q2,1988-04-05,k_mg_l,0.8130000000000001
Q2,1988-04-05,nitrate_ug_l,215.3
Q2,1988-04-05,mg_mg_l,2.188
Q2,1988-04-05,ca_mg_l,3.917
Q2,1988-04-05,amm_ug_l,55.875
Q2,1988-04-12,k_mg_l,0.807
Q2,1988-04-12,nitrate_ug_l,216.7
Q2,1988-04-12,mg_mg_l,2.187
Q2,1988-04-12,ca_mg_l,3.868
Q2,1988-04-12,amm_ug_l,57.55555555555556
Q2,1988-04-19,k_mg_l,0.807
Q2,1988-04-19,nitrate_ug_l,221.55555555555554
Q2,1988-04-19,mg_mg_l,2.175
Q2,1988-04-19,ca_mg_l,3.803
Q2,1988-04-19,amm_ug_l,63.6
Q2,1988-04-26,k_mg_l,0.803
Q2,1988-04-26,nitrate_ug_l,222.75
Q2,1988-04-26,mg_mg_l,2.147
Q2,1988-04-26,ca_mg_l,3.746
Q2,1988-04-26,amm_ug_l,68.11111111111111
Q2,1988-05-03,k_mg_l,0.795
Q2,1988-05-03,nitrate_ug_l,228.57142857142858
Q2,1988-05-03,mg_mg_l,2.133
Q2,1988-05-03,ca_mg_l,3.678
Q2,1988-05-03,amm_ug_l,72.375
Q2,1988-05-10,k_mg_l,0.7969999999999999
Q2,1988-05-10,nitrate_ug_l,239.33333333333334
Q2,1988-05-10,mg_mg_l,2.119
Q2,1988-05-10,ca_mg_l,3.587
Q2,1988-05-10,amm_ug_l,74.42857142857143
Q2,1988-05-10,k_mg_l,0.7969999999999999
Q2,1988-05-10,nitrate_ug_l,239.33333333333334
Q2,1988-05-10,mg_mg_l,2.119
Q2,1988-05-10,ca_mg_l,3.587
Q2,1988-05-10,amm_ug_l,74.42857142857143
Q2,1988-05-10,k_mg_l,0.7969999999999999
Q2,1988-05-10,nitrate_ug_l,239.33333333333334
Q2,1988-05-10,mg_mg_l,2.119
Q2,1988-05-10,ca_mg_l,3.587
Q2,1988-05-10,amm_ug_l,74.42857142857143
Q2,1988-05-10,k_mg_l,0.7969999999999999
Q2,1988-05-10,nitrate_ug_l,239.33333333333334
Q2,1988-05-10,mg_mg_l,2.119
Q2,1988-05-10,ca_mg_l,3.587
Q2,1988-05-10,amm_ug_l,74.42857142857143
Q2,1988-05-10,k_mg_l,0.7969999999999999
Q2,1988-05-10,nitrate_ug_l,239.33333333333334
Q2,1988-05-10,mg_mg_l,2.119
Q2,1988-05-10,ca_mg_l,3.587
Q2,1988-05-10,amm_ug_l,74.42857142857143
Q2,1988-05-17,k_mg_l,0.7377777777777778
Q2,1988-05-17,nitrate_ug_l,214.75
Q2,1988-05-17,mg_mg_l,2.2466666666666666
Q2,1988-05-17,ca_mg_l,3.73
Q2,1988-05-17,amm_ug_l,85.8
Q2,1988-05-24,k_mg_l,0.747
Q2,1988-05-24,nitrate_ug_l,208.33333333333334
Q2,1988-05-24,mg_mg_l,2.316
Q2,1988-05-24,ca_mg_l,3.937
Q2,1988-05-24,amm_ug_l,78
Q2,1988-05-31,k_mg_l,0.7554545454545455
Q2,1988-05-31,nitrate_ug_l,206
Q2,1988-05-31,mg_mg_l,2.207272727272727
Q2,1988-05-31,ca_mg_l,3.7809090909090908
Q2,1988-05-31,amm_ug_l,86
Q2,1988-06-07,k_mg_l,0.75
Q2,1988-06-07,nitrate_ug_l,188
Q2,1988-06-07,mg_mg_l,2.2399999999999998
Q2,1988-06-07,ca_mg_l,3.5754545454545457
Q2,1988-06-07,amm_ug_l,94.5
Q2,1988-06-14,k_mg_l,0.7545454545454545
Q2,1988-06-14,nitrate_ug_l,NA
Q2,1988-06-14,mg_mg_l,2.2381818181818183
Q2,1988-06-14,ca_mg_l,3.561818181818182
Q2,1988-06-14,amm_ug_l,67.5
Q2,1988-06-21,k_mg_l,0.77
Q2,1988-06-21,nitrate_ug_l,NA
Q2,1988-06-21,mg_mg_l,2.2645454545454546
Q2,1988-06-21,ca_mg_l,3.541818181818182
Q2,1988-06-21,amm_ug_l,15.5
Q2,1988-06-28,k_mg_l,0.7946666666666666
Q2,1988-06-28,nitrate_ug_l,153.25
Q2,1988-06-28,mg_mg_l,2.013333333333333
Q2,1988-06-28,ca_mg_l,3.302
Q2,1988-06-28,amm_ug_l,14
Q2,1988-07-05,k_mg_l,0.7933333333333333
Q2,1988-07-05,nitrate_ug_l,170.8
Q2,1988-07-05,mg_mg_l,2.014666666666667
Q2,1988-07-05,ca_mg_l,3.36
Q2,1988-07-05,amm_ug_l,14
Q2,1988-07-12,k_mg_l,0.7846666666666666
Q2,1988-07-12,nitrate_ug_l,178.33333333333334
Q2,1988-07-12,mg_mg_l,2.0286666666666666
Q2,1988-07-12,ca_mg_l,3.446
Q2,1988-07-12,amm_ug_l,14
Q2,1988-07-19,k_mg_l,0.786
Q2,1988-07-19,nitrate_ug_l,187.14285714285714
Q2,1988-07-19,mg_mg_l,2.0086666666666666
Q2,1988-07-19,ca_mg_l,3.4273333333333333
Q2,1988-07-19,amm_ug_l,14
Q2,1988-07-22,k_mg_l,0.7846666666666666
Q2,1988-07-22,nitrate_ug_l,192.125
Q2,1988-07-22,mg_mg_l,2.0553333333333335
Q2,1988-07-22,ca_mg_l,3.518666666666667
Q2,1988-07-22,amm_ug_l,14
Q2,1988-07-26,k_mg_l,0.7828571428571428
Q2,1988-07-26,nitrate_ug_l,192.125
Q2,1988-07-26,mg_mg_l,2.0428571428571427
Q2,1988-07-26,ca_mg_l,3.4985714285714287
Q2,1988-07-26,amm_ug_l,14
Q2,1988-07-26,k_mg_l,0.7828571428571428
Q2,1988-07-26,nitrate_ug_l,192.125
Q2,1988-07-26,mg_mg_l,2.0428571428571427
Q2,1988-07-26,ca_mg_l,3.4985714285714287
Q2,1988-07-26,amm_ug_l,14
Q2,1988-08-02,k_mg_l,0.7792307692307692
Q2,1988-08-02,nitrate_ug_l,198.11111111111111
Q2,1988-08-02,mg_mg_l,2.1338461538461537
Q2,1988-08-02,ca_mg_l,3.636923076923077
Q2,1988-08-02,amm_ug_l,14.75
Q2,1988-08-09,k_mg_l,0.7753846153846153
Q2,1988-08-09,nitrate_ug_l,179.2
Q2,1988-08-09,mg_mg_l,2.1015384615384614
Q2,1988-08-09,ca_mg_l,3.836153846153846
Q2,1988-08-09,amm_ug_l,14.75
Q2,1988-08-16,k_mg_l,0.7761538461538462
Q2,1988-08-16,nitrate_ug_l,184.72727272727272
Q2,1988-08-16,mg_mg_l,2.0591666666666666
Q2,1988-08-16,ca_mg_l,3.805
Q2,1988-08-16,amm_ug_l,26.25
Q2,1988-08-23,k_mg_l,0.7691666666666667
Q2,1988-08-23,nitrate_ug_l,188.91666666666666
Q2,1988-08-23,mg_mg_l,1.9845454545454546
Q2,1988-08-23,ca_mg_l,3.7963636363636364
Q2,1988-08-23,amm_ug_l,38
Q2,1988-08-24,k_mg_l,0.7775
Q2,1988-08-24,nitrate_ug_l,188.91666666666666
Q2,1988-08-24,mg_mg_l,1.9654545454545453
Q2,1988-08-24,ca_mg_l,3.86
Q2,1988-08-24,amm_ug_l,38
Q2,1988-08-24,k_mg_l,0.7775
Q2,1988-08-24,nitrate_ug_l,188.91666666666666
Q2,1988-08-24,mg_mg_l,1.9654545454545453
Q2,1988-08-24,ca_mg_l,3.86
Q2,1988-08-24,amm_ug_l,38
Q2,1988-08-24,k_mg_l,0.7775
Q2,1988-08-24,nitrate_ug_l,188.91666666666666
Q2,1988-08-24,mg_mg_l,1.9654545454545453
Q2,1988-08-24,ca_mg_l,3.86
Q2,1988-08-24,amm_ug_l,38
Q2,1988-08-24,k_mg_l,0.7775
Q2,1988-08-24,nitrate_ug_l,188.91666666666666
Q2,1988-08-24,mg_mg_l,1.9654545454545453
Q2,1988-08-24,ca_mg_l,3.86
Q2,1988-08-24,amm_ug_l,38
Q2,1988-08-24,k_mg_l,0.7775
Q2,1988-08-24,nitrate_ug_l,188.91666666666666
Q2,1988-08-24,mg_mg_l,1.9654545454545453
Q2,1988-08-24,ca_mg_l,3.86
Q2,1988-08-24,amm_ug_l,38
Q2,1988-08-30,k_mg_l,0.735
Q2,1988-08-30,nitrate_ug_l,206.75
Q2,1988-08-30,mg_mg_l,2.4257142857142857
Q2,1988-08-30,ca_mg_l,4.68
Q2,1988-08-30,amm_ug_l,47
Q2,1988-09-06,k_mg_l,0.7622222222222222
Q2,1988-09-06,nitrate_ug_l,206.22222222222223
Q2,1988-09-06,mg_mg_l,2.40375
Q2,1988-09-06,ca_mg_l,4.62125
Q2,1988-09-06,amm_ug_l,47
Q2,1988-09-13,k_mg_l,0.77
Q2,1988-09-13,nitrate_ug_l,205
Q2,1988-09-13,mg_mg_l,2.37
Q2,1988-09-13,ca_mg_l,4.55
Q2,1988-09-13,amm_ug_l,47
Q2,1988-09-20,k_mg_l,0.7825
Q2,1988-09-20,nitrate_ug_l,203
Q2,1988-09-20,mg_mg_l,2.3771428571428572
Q2,1988-09-20,ca_mg_l,4.654285714285715
Q2,1988-09-20,amm_ug_l,47
Q2,1988-09-27,k_mg_l,0.7887500000000001
Q2,1988-09-27,nitrate_ug_l,202.625
Q2,1988-09-27,mg_mg_l,2.335714285714286
Q2,1988-09-27,ca_mg_l,4.674285714285714
Q2,1988-09-27,amm_ug_l,47
Q2,1988-10-04,k_mg_l,0.80625
Q2,1988-10-04,nitrate_ug_l,197.875
Q2,1988-10-04,mg_mg_l,2.33
Q2,1988-10-04,ca_mg_l,4.591428571428572
Q2,1988-10-04,amm_ug_l,62
Q2,1988-10-11,k_mg_l,0.8362499999999999
Q2,1988-10-11,nitrate_ug_l,226.625
Q2,1988-10-11,mg_mg_l,2.4
Q2,1988-10-11,ca_mg_l,4.598571428571429
Q2,1988-10-11,amm_ug_l,62
Q2,1988-10-18,k_mg_l,0.8475
Q2,1988-10-18,nitrate_ug_l,224.125
Q2,1988-10-18,mg_mg_l,2.38125
Q2,1988-10-18,ca_mg_l,4.18625
Q2,1988-10-18,amm_ug_l,61
Q2,1988-10-25,k_mg_l,0.8455555555555555
Q2,1988-10-25,nitrate_ug_l,221.5
Q2,1988-10-25,mg_mg_l,2.3755555555555556
Q2,1988-10-25,ca_mg_l,4.171111111111111
Q2,1988-10-25,amm_ug_l,NA
Q2,1988-11-01,k_mg_l,0.8455555555555555
Q2,1988-11-01,nitrate_ug_l,222.11111111111111
Q2,1988-11-01,mg_mg_l,2.3866666666666667
Q2,1988-11-01,ca_mg_l,4.188888888888889
Q2,1988-11-01,amm_ug_l,NA
Q2,1988-11-07,k_mg_l,0.8566666666666667
Q2,1988-11-07,nitrate_ug_l,198.88888888888889
Q2,1988-11-07,mg_mg_l,2.4055555555555554
Q2,1988-11-07,ca_mg_l,4.195555555555556
Q2,1988-11-07,amm_ug_l,NA
Q2,1988-11-15,k_mg_l,0.8722222222222222
Q2,1988-11-15,nitrate_ug_l,220.66666666666666
Q2,1988-11-15,mg_mg_l,2.3633333333333333
Q2,1988-11-15,ca_mg_l,4.161111111111111
Q2,1988-11-15,amm_ug_l,NA
Q2,1988-11-22,k_mg_l,0.8911111111111111
Q2,1988-11-22,nitrate_ug_l,211.22222222222223
Q2,1988-11-22,mg_mg_l,2.3855555555555554
Q2,1988-11-22,ca_mg_l,4.044444444444444
Q2,1988-11-22,amm_ug_l,NA
Q2,1988-11-29,k_mg_l,0.9066666666666666
Q2,1988-11-29,nitrate_ug_l,211
Q2,1988-11-29,mg_mg_l,2.431111111111111
Q2,1988-11-29,ca_mg_l,3.9566666666666666
Q2,1988-11-29,amm_ug_l,NA
Q2,1988-12-06,k_mg_l,0.9199999999999999
Q2,1988-12-06,nitrate_ug_l,215.22222222222223
Q2,1988-12-06,mg_mg_l,2.442222222222222
Q2,1988-12-06,ca_mg_l,3.9433333333333334
Q2,1988-12-06,amm_ug_l,NA
Q2,1988-12-13,k_mg_l,0.9177777777777778
Q2,1988-12-13,nitrate_ug_l,215.88888888888889
Q2,1988-12-13,mg_mg_l,2.4344444444444444
Q2,1988-12-13,ca_mg_l,4.067777777777778
Q2,1988-12-13,amm_ug_l,NA
Q2,1988-12-20,k_mg_l,0.9077777777777778
Q2,1988-12-20,nitrate_ug_l,219.11111111111111
Q2,1988-12-20,mg_mg_l,2.4833333333333334
Q2,1988-12-20,ca_mg_l,4.488888888888889
Q2,1988-12-20,amm_ug_l,NA
Q2,1988-12-27,k_mg_l,0.9111111111111111
Q2,1988-12-27,nitrate_ug_l,220.66666666666666
Q2,1988-12-27,mg_mg_l,2.486666666666667
Q2,1988-12-27,ca_mg_l,4.555555555555555
Q2,1988-12-27,amm_ug_l,NA
Q2,1989-01-03,k_mg_l,0.9188888888888889
Q2,1989-01-03,nitrate_ug_l,221.55555555555554
Q2,1989-01-03,mg_mg_l,2.4677777777777776
Q2,1989-01-03,ca_mg_l,4.486666666666666
Q2,1989-01-03,amm_ug_l,NA
Q2,1989-01-10,k_mg_l,0.9166666666666666
Q2,1989-01-10,nitrate_ug_l,246.88888888888889
Q2,1989-01-10,mg_mg_l,2.477777777777778
Q2,1989-01-10,ca_mg_l,4.6066666666666665
Q2,1989-01-10,amm_ug_l,NA
Q2,1989-01-17,k_mg_l,0.9011111111111111
Q2,1989-01-17,nitrate_ug_l,232.8
Q2,1989-01-17,mg_mg_l,2.52
Q2,1989-01-17,ca_mg_l,4.592222222222222
Q2,1989-01-17,amm_ug_l,NA
Q2,1989-01-24,k_mg_l,0.8855555555555555
Q2,1989-01-24,nitrate_ug_l,241.8
Q2,1989-01-24,mg_mg_l,2.8566666666666665
Q2,1989-01-24,ca_mg_l,4.673333333333334
Q2,1989-01-24,amm_ug_l,NA
Q2,1989-01-31,k_mg_l,0.8366666666666667
Q2,1989-01-31,nitrate_ug_l,241.3
Q2,1989-01-31,mg_mg_l,2.851111111111111
Q2,1989-01-31,ca_mg_l,4.737777777777778
Q2,1989-01-31,amm_ug_l,NA
Q2,1989-02-07,k_mg_l,0.8277777777777777
Q2,1989-02-07,nitrate_ug_l,239.1
Q2,1989-02-07,mg_mg_l,2.828888888888889
Q2,1989-02-07,ca_mg_l,4.743333333333333
Q2,1989-02-07,amm_ug_l,NA
Q2,1989-02-14,k_mg_l,0.8233333333333334
Q2,1989-02-14,nitrate_ug_l,235.5
Q2,1989-02-14,mg_mg_l,2.7933333333333334
Q2,1989-02-14,ca_mg_l,4.728888888888889
Q2,1989-02-14,amm_ug_l,NA
Q2,1989-02-21,k_mg_l,0.8377777777777777
Q2,1989-02-21,nitrate_ug_l,224.9
Q2,1989-02-21,mg_mg_l,2.7688888888888887
Q2,1989-02-21,ca_mg_l,4.62
Q2,1989-02-21,amm_ug_l,NA
Q2,1989-02-28,k_mg_l,0.8466666666666667
Q2,1989-02-28,nitrate_ug_l,218.3
Q2,1989-02-28,mg_mg_l,2.785555555555556
Q2,1989-02-28,ca_mg_l,4.57
Q2,1989-02-28,amm_ug_l,NA
Q2,1989-03-07,k_mg_l,0.8544444444444445
Q2,1989-03-07,nitrate_ug_l,209.9
Q2,1989-03-07,mg_mg_l,2.8266666666666667
Q2,1989-03-07,ca_mg_l,4.53
Q2,1989-03-07,amm_ug_l,NA
Q2,1989-03-09,k_mg_l,0.8644444444444445
Q2,1989-03-09,nitrate_ug_l,205.6
Q2,1989-03-09,mg_mg_l,2.801111111111111
Q2,1989-03-09,ca_mg_l,4.536666666666667
Q2,1989-03-09,amm_ug_l,NA
Q2,1989-03-14,k_mg_l,0.8644444444444445
Q2,1989-03-14,nitrate_ug_l,205.6
Q2,1989-03-14,mg_mg_l,2.801111111111111
Q2,1989-03-14,ca_mg_l,4.536666666666667
Q2,1989-03-14,amm_ug_l,NA
Q2,1989-03-14,k_mg_l,0.8644444444444445
Q2,1989-03-14,nitrate_ug_l,205.6
Q2,1989-03-14,mg_mg_l,2.801111111111111
Q2,1989-03-14,ca_mg_l,4.536666666666667
Q2,1989-03-14,amm_ug_l,NA
Q2,1989-03-21,k_mg_l,0.8766666666666667
Q2,1989-03-21,nitrate_ug_l,190.55555555555554
Q2,1989-03-21,mg_mg_l,2.8766666666666665
Q2,1989-03-21,ca_mg_l,4.467777777777778
Q2,1989-03-21,amm_ug_l,NA
Q2,1989-03-28,k_mg_l,0.8755555555555555
Q2,1989-03-28,nitrate_ug_l,183.55555555555554
Q2,1989-03-28,mg_mg_l,2.562222222222222
Q2,1989-03-28,ca_mg_l,4.44
Q2,1989-03-28,amm_ug_l,NA
Q2,1989-04-04,k_mg_l,0.9277777777777778
Q2,1989-04-04,nitrate_ug_l,176.77777777777777
Q2,1989-04-04,mg_mg_l,2.5833333333333335
Q2,1989-04-04,ca_mg_l,4.392222222222222
Q2,1989-04-04,amm_ug_l,NA
Q2,1989-04-11,k_mg_l,0.9455555555555556
Q2,1989-04-11,nitrate_ug_l,174
Q2,1989-04-11,mg_mg_l,2.6133333333333333
Q2,1989-04-11,ca_mg_l,4.426666666666667
Q2,1989-04-11,amm_ug_l,NA
Q2,1989-04-18,k_mg_l,0.9377777777777777
Q2,1989-04-18,nitrate_ug_l,169.33333333333334
Q2,1989-04-18,mg_mg_l,2.6566666666666667
Q2,1989-04-18,ca_mg_l,4.453333333333333
Q2,1989-04-18,amm_ug_l,NA
Q2,1989-04-25,k_mg_l,0.9366666666666666
Q2,1989-04-25,nitrate_ug_l,174
Q2,1989-04-25,mg_mg_l,2.6755555555555555
Q2,1989-04-25,ca_mg_l,4.58
Q2,1989-04-25,amm_ug_l,NA
Q2,1989-05-02,k_mg_l,0.9299999999999999
Q2,1989-05-02,nitrate_ug_l,165.55555555555554
Q2,1989-05-02,mg_mg_l,2.714444444444444
Q2,1989-05-02,ca_mg_l,4.637777777777778
Q2,1989-05-02,amm_ug_l,NA
Q2,1989-05-09,k_mg_l,0.9277777777777778
Q2,1989-05-09,nitrate_ug_l,172.22222222222223
Q2,1989-05-09,mg_mg_l,2.562222222222222
Q2,1989-05-09,ca_mg_l,4.498888888888889
Q2,1989-05-09,amm_ug_l,NA
Q2,1989-05-16,k_mg_l,0.9411111111111111
Q2,1989-05-16,nitrate_ug_l,172.66666666666666
Q2,1989-05-16,mg_mg_l,2.577777777777778
Q2,1989-05-16,ca_mg_l,4.495555555555556
Q2,1989-05-16,amm_ug_l,NA
Q2,1989-05-23,k_mg_l,0.9522222222222222
Q2,1989-05-23,nitrate_ug_l,166.66666666666666
Q2,1989-05-23,mg_mg_l,2.5166666666666666
Q2,1989-05-23,ca_mg_l,4.615555555555556
Q2,1989-05-23,amm_ug_l,NA
Q2,1989-05-30,k_mg_l,0.9722222222222222
Q2,1989-05-30,nitrate_ug_l,170.44444444444446
Q2,1989-05-30,mg_mg_l,2.491111111111111
Q2,1989-05-30,ca_mg_l,4.684444444444445
Q2,1989-05-30,amm_ug_l,NA
Q2,1989-06-06,k_mg_l,0.9733333333333334
Q2,1989-06-06,nitrate_ug_l,178.22222222222223
Q2,1989-06-06,mg_mg_l,2.4566666666666666
Q2,1989-06-06,ca_mg_l,4.76
Q2,1989-06-06,amm_ug_l,NA
Q2,1989-06-13,k_mg_l,0.9811111111111112
Q2,1989-06-13,nitrate_ug_l,171.55555555555554
Q2,1989-06-13,mg_mg_l,2.468888888888889
Q2,1989-06-13,ca_mg_l,4.844444444444445
Q2,1989-06-13,amm_ug_l,NA
Q2,1989-06-20,k_mg_l,0.9977777777777778
Q2,1989-06-20,nitrate_ug_l,169.11111111111111
Q2,1989-06-20,mg_mg_l,2.4844444444444442
Q2,1989-06-20,ca_mg_l,4.828888888888889
Q2,1989-06-20,amm_ug_l,NA
Q2,1989-06-27,k_mg_l,1.0044444444444445
Q2,1989-06-27,nitrate_ug_l,176
Q2,1989-06-27,mg_mg_l,2.3566666666666665
Q2,1989-06-27,ca_mg_l,4.605555555555556
Q2,1989-06-27,amm_ug_l,NA
Q2,1989-07-05,k_mg_l,1.01
Q2,1989-07-05,nitrate_ug_l,167.9
Q2,1989-07-05,mg_mg_l,2.374
Q2,1989-07-05,ca_mg_l,4.732
Q2,1989-07-05,amm_ug_l,NA
Q2,1989-07-11,k_mg_l,1.0166666666666666
Q2,1989-07-11,nitrate_ug_l,163.11111111111111
Q2,1989-07-11,mg_mg_l,2.4988888888888887
Q2,1989-07-11,ca_mg_l,4.926666666666667
Q2,1989-07-11,amm_ug_l,NA
Q2,1989-07-18,k_mg_l,1.0033333333333334
Q2,1989-07-18,nitrate_ug_l,142
Q2,1989-07-18,mg_mg_l,2.537777777777778
Q2,1989-07-18,ca_mg_l,4.945555555555556
Q2,1989-07-18,amm_ug_l,NA
Q2,1989-07-26,k_mg_l,1.0836363636363637
Q2,1989-07-26,nitrate_ug_l,139.11111111111111
Q2,1989-07-26,mg_mg_l,2.5745454545454547
Q2,1989-07-26,ca_mg_l,4.954545454545455
Q2,1989-07-26,amm_ug_l,NA
Q2,1989-08-01,k_mg_l,1.089
Q2,1989-08-01,nitrate_ug_l,131.5
Q2,1989-08-01,mg_mg_l,2.581
Q2,1989-08-01,ca_mg_l,4.947
Q2,1989-08-01,amm_ug_l,NA
Q2,1989-08-08,k_mg_l,1.1081818181818182
Q2,1989-08-08,nitrate_ug_l,117.375
Q2,1989-08-08,mg_mg_l,2.62
Q2,1989-08-08,ca_mg_l,5.005
Q2,1989-08-08,amm_ug_l,NA
Q2,1989-08-15,k_mg_l,1.1081818181818182
Q2,1989-08-15,nitrate_ug_l,114.28571428571429
Q2,1989-08-15,mg_mg_l,2.6229999999999998
Q2,1989-08-15,ca_mg_l,5.036
Q2,1989-08-15,amm_ug_l,NA
Q2,1989-08-22,k_mg_l,1.1372727272727272
Q2,1989-08-22,nitrate_ug_l,118
Q2,1989-08-22,mg_mg_l,2.641
Q2,1989-08-22,ca_mg_l,5.094
Q2,1989-08-22,amm_ug_l,NA
Q2,1989-08-29,k_mg_l,1.1718181818181819
Q2,1989-08-29,nitrate_ug_l,137.42857142857142
Q2,1989-08-29,mg_mg_l,2.789
Q2,1989-08-29,ca_mg_l,5.341
Q2,1989-08-29,amm_ug_l,NA
Q2,1989-09-05,k_mg_l,1.2090909090909092
Q2,1989-09-05,nitrate_ug_l,179.42857142857142
Q2,1989-09-05,mg_mg_l,2.875
Q2,1989-09-05,ca_mg_l,5.4399999999999995
Q2,1989-09-05,amm_ug_l,NA
Q2,1989-09-12,k_mg_l,1.3816666666666666
Q2,1989-09-12,nitrate_ug_l,381.5
Q2,1989-09-12,mg_mg_l,2.901818181818182
Q2,1989-09-12,ca_mg_l,5.418181818181818
Q2,1989-09-12,amm_ug_l,NA
Q2,1989-09-20,k_mg_l,1.4284615384615384
Q2,1989-09-20,nitrate_ug_l,419.1111111111111
Q2,1989-09-20,mg_mg_l,2.9316666666666666
Q2,1989-09-20,ca_mg_l,5.4175
Q2,1989-09-20,amm_ug_l,NA
Q2,1989-09-22,k_mg_l,1.4284615384615384
Q2,1989-09-22,nitrate_ug_l,419.1111111111111
Q2,1989-09-22,mg_mg_l,2.9316666666666666
Q2,1989-09-22,ca_mg_l,5.4175
Q2,1989-09-22,amm_ug_l,NA
Q2,1989-09-26,k_mg_l,1.4533333333333334
Q2,1989-09-26,nitrate_ug_l,419.1111111111111
Q2,1989-09-26,mg_mg_l,2.97
Q2,1989-09-26,ca_mg_l,5.465454545454546
Q2,1989-09-26,amm_ug_l,NA
Q2,1989-09-26,k_mg_l,1.4533333333333334
Q2,1989-09-26,nitrate_ug_l,419.1111111111111
Q2,1989-09-26,mg_mg_l,2.97
Q2,1989-09-26,ca_mg_l,5.465454545454546
Q2,1989-09-26,amm_ug_l,NA
Q2,1989-10-03,k_mg_l,1.4245454545454546
Q2,1989-10-03,nitrate_ug_l,439.55555555555554
Q2,1989-10-03,mg_mg_l,3.044
Q2,1989-10-03,ca_mg_l,5.663
Q2,1989-10-03,amm_ug_l,NA
Q2,1989-10-05,k_mg_l,1.4045454545454545
Q2,1989-10-05,nitrate_ug_l,456.1111111111111
Q2,1989-10-05,mg_mg_l,3.073
Q2,1989-10-05,ca_mg_l,5.791
Q2,1989-10-05,amm_ug_l,NA
Q2,1989-10-10,k_mg_l,1.435
Q2,1989-10-10,nitrate_ug_l,456.1111111111111
Q2,1989-10-10,mg_mg_l,3.073
Q2,1989-10-10,ca_mg_l,5.791
Q2,1989-10-10,amm_ug_l,NA
Q2,1989-10-17,k_mg_l,1.431
Q2,1989-10-17,nitrate_ug_l,437
Q2,1989-10-17,mg_mg_l,3.097
Q2,1989-10-17,ca_mg_l,5.925
Q2,1989-10-17,amm_ug_l,NA
Q2,1989-10-24,k_mg_l,1.3940000000000001
Q2,1989-10-24,nitrate_ug_l,446.2
Q2,1989-10-24,mg_mg_l,3.116
Q2,1989-10-24,ca_mg_l,6.053
Q2,1989-10-24,amm_ug_l,NA
Q2,1989-10-31,k_mg_l,1.339
Q2,1989-10-31,nitrate_ug_l,424.3
Q2,1989-10-31,mg_mg_l,3.138
Q2,1989-10-31,ca_mg_l,6.071
Q2,1989-10-31,amm_ug_l,NA
Q2,1989-11-07,k_mg_l,1.444
Q2,1989-11-07,nitrate_ug_l,422.22222222222223
Q2,1989-11-07,mg_mg_l,3.121
Q2,1989-11-07,ca_mg_l,6.153
Q2,1989-11-07,amm_ug_l,NA
Q2,1989-11-08,k_mg_l,1.383
Q2,1989-11-08,nitrate_ug_l,383.44444444444446
Q2,1989-11-08,mg_mg_l,3.101
Q2,1989-11-08,ca_mg_l,6.237
Q2,1989-11-08,amm_ug_l,NA
Q2,1989-11-14,k_mg_l,1.2655555555555555
Q2,1989-11-14,nitrate_ug_l,280.875
Q2,1989-11-14,mg_mg_l,3.121111111111111
Q2,1989-11-14,ca_mg_l,6.3244444444444445
Q2,1989-11-14,amm_ug_l,NA
Q2,1989-11-21,k_mg_l,1.221111111111111
Q2,1989-11-21,nitrate_ug_l,276
Q2,1989-11-21,mg_mg_l,3.1333333333333333
Q2,1989-11-21,ca_mg_l,6.4911111111111115
Q2,1989-11-21,amm_ug_l,NA
Q2,1989-11-28,k_mg_l,1.2066666666666666
Q2,1989-11-28,nitrate_ug_l,239.25
Q2,1989-11-28,mg_mg_l,3.1233333333333335
Q2,1989-11-28,ca_mg_l,6.613333333333333
Q2,1989-11-28,amm_ug_l,NA
Q2,1989-12-05,k_mg_l,1.2255555555555555
Q2,1989-12-05,nitrate_ug_l,204.625
Q2,1989-12-05,mg_mg_l,3.098888888888889
Q2,1989-12-05,ca_mg_l,6.591111111111111
Q2,1989-12-05,amm_ug_l,NA
Q2,1989-12-12,k_mg_l,1.238888888888889
Q2,1989-12-12,nitrate_ug_l,206.5
Q2,1989-12-12,mg_mg_l,3.0866666666666664
Q2,1989-12-12,ca_mg_l,6.594444444444444
Q2,1989-12-12,amm_ug_l,NA
Q2,1989-12-19,k_mg_l,1.2655555555555555
Q2,1989-12-19,nitrate_ug_l,209.375
Q2,1989-12-19,mg_mg_l,3.1044444444444443
Q2,1989-12-19,ca_mg_l,6.588888888888889
Q2,1989-12-19,amm_ug_l,NA
Q2,1989-12-26,k_mg_l,1.3211111111111111
Q2,1989-12-26,nitrate_ug_l,183.625
Q2,1989-12-26,mg_mg_l,3.111111111111111
Q2,1989-12-26,ca_mg_l,6.561111111111111
Q2,1989-12-26,amm_ug_l,NA
Q2,1990-01-02,k_mg_l,1.3822222222222222
Q2,1990-01-02,nitrate_ug_l,194.75
Q2,1990-01-02,mg_mg_l,3.12
Q2,1990-01-02,ca_mg_l,6.677777777777778
Q2,1990-01-02,amm_ug_l,NA
Q2,1990-01-09,k_mg_l,1.2433333333333334
Q2,1990-01-09,nitrate_ug_l,194.33333333333334
Q2,1990-01-09,mg_mg_l,3.128888888888889
Q2,1990-01-09,ca_mg_l,6.702222222222222
Q2,1990-01-09,amm_ug_l,NA
Q2,1990-01-16,k_mg_l,1.3233333333333333
Q2,1990-01-16,nitrate_ug_l,180.55555555555554
Q2,1990-01-16,mg_mg_l,3.0266666666666664
Q2,1990-01-16,ca_mg_l,6.497777777777777
Q2,1990-01-16,amm_ug_l,NA
Q2,1990-01-23,k_mg_l,1.3388888888888888
Q2,1990-01-23,nitrate_ug_l,155
Q2,1990-01-23,mg_mg_l,3.0366666666666666
Q2,1990-01-23,ca_mg_l,6.502222222222223
Q2,1990-01-23,amm_ug_l,NA
Q2,1990-01-30,k_mg_l,1.3388888888888888
Q2,1990-01-30,nitrate_ug_l,188
Q2,1990-01-30,mg_mg_l,3.0522222222222224
Q2,1990-01-30,ca_mg_l,6.53
Q2,1990-01-30,amm_ug_l,NA
Q2,1990-02-06,k_mg_l,1.3266666666666667
Q2,1990-02-06,nitrate_ug_l,213
Q2,1990-02-06,mg_mg_l,3.088888888888889
Q2,1990-02-06,ca_mg_l,6.568888888888889
Q2,1990-02-06,amm_ug_l,NA
Q2,1990-02-13,k_mg_l,1.3266666666666667
Q2,1990-02-13,nitrate_ug_l,189.28571428571428
Q2,1990-02-13,mg_mg_l,3.1277777777777778
Q2,1990-02-13,ca_mg_l,6.625555555555556
Q2,1990-02-13,amm_ug_l,NA
Q2,1990-02-20,k_mg_l,1.2966666666666666
Q2,1990-02-20,nitrate_ug_l,155.71428571428572
Q2,1990-02-20,mg_mg_l,3.13
Q2,1990-02-20,ca_mg_l,6.666666666666667
Q2,1990-02-20,amm_ug_l,NA
Q2,1990-02-27,k_mg_l,1.4153846153846155
Q2,1990-02-27,nitrate_ug_l,453.72727272727275
Q2,1990-02-27,mg_mg_l,2.47
Q2,1990-02-27,ca_mg_l,5.243076923076923
Q2,1990-02-27,amm_ug_l,NA
Q2,1990-03-06,k_mg_l,1.393076923076923
Q2,1990-03-06,nitrate_ug_l,460.90909090909093
Q2,1990-03-06,mg_mg_l,2.46
Q2,1990-03-06,ca_mg_l,5.222307692307692
Q2,1990-03-06,amm_ug_l,NA
Q2,1990-03-13,k_mg_l,1.4142857142857144
Q2,1990-03-13,nitrate_ug_l,468.75
Q2,1990-03-13,mg_mg_l,2.402142857142857
Q2,1990-03-13,ca_mg_l,5.115714285714286
Q2,1990-03-13,amm_ug_l,NA
Q2,1990-03-20,k_mg_l,1.3664285714285715
Q2,1990-03-20,nitrate_ug_l,479
Q2,1990-03-20,mg_mg_l,2.485
Q2,1990-03-20,ca_mg_l,5.283571428571428
Q2,1990-03-20,amm_ug_l,NA
Q2,1990-03-27,k_mg_l,1.36
Q2,1990-03-27,nitrate_ug_l,460.2307692307692
Q2,1990-03-27,mg_mg_l,2.492142857142857
Q2,1990-03-27,ca_mg_l,5.307857142857142
Q2,1990-03-27,amm_ug_l,NA
Q2,1990-04-03,k_mg_l,1.3635714285714287
Q2,1990-04-03,nitrate_ug_l,466.7692307692308
Q2,1990-04-03,mg_mg_l,2.4907142857142857
Q2,1990-04-03,ca_mg_l,5.1971428571428575
Q2,1990-04-03,amm_ug_l,NA
Q2,1990-04-10,k_mg_l,1.3707142857142858
Q2,1990-04-10,nitrate_ug_l,443.7142857142857
Q2,1990-04-10,mg_mg_l,2.4857142857142858
Q2,1990-04-10,ca_mg_l,5.183571428571429
Q2,1990-04-10,amm_ug_l,NA
Q2,1990-04-17,k_mg_l,1.3835714285714285
Q2,1990-04-17,nitrate_ug_l,454.42857142857144
Q2,1990-04-17,mg_mg_l,2.4857142857142858
Q2,1990-04-17,ca_mg_l,5.160714285714286
Q2,1990-04-17,amm_ug_l,NA
Q2,1990-04-24,k_mg_l,1.397857142857143
Q2,1990-04-24,nitrate_ug_l,486.57142857142856
Q2,1990-04-24,mg_mg_l,2.480714285714286
Q2,1990-04-24,ca_mg_l,5.132857142857143
Q2,1990-04-24,amm_ug_l,NA
Q2,1990-04-25,k_mg_l,1.41
Q2,1990-04-25,nitrate_ug_l,506.85714285714283
Q2,1990-04-25,mg_mg_l,2.4492857142857143
Q2,1990-04-25,ca_mg_l,5.047857142857143
Q2,1990-04-25,amm_ug_l,NA
Q2,1990-04-25,k_mg_l,1.41
Q2,1990-04-25,nitrate_ug_l,506.85714285714283
Q2,1990-04-25,mg_mg_l,2.4492857142857143
Q2,1990-04-25,ca_mg_l,5.047857142857143
Q2,1990-04-25,amm_ug_l,NA
Q2,1990-04-25,k_mg_l,1.41
Q2,1990-04-25,nitrate_ug_l,506.85714285714283
Q2,1990-04-25,mg_mg_l,2.4492857142857143
Q2,1990-04-25,ca_mg_l,5.047857142857143
Q2,1990-04-25,amm_ug_l,NA
Q2,1990-04-26,k_mg_l,1.29
Q2,1990-04-26,nitrate_ug_l,350.8181818181818
Q2,1990-04-26,mg_mg_l,2.9754545454545456
Q2,1990-04-26,ca_mg_l,6.152727272727272
Q2,1990-04-26,amm_ug_l,NA
Q2,1990-05-01,k_mg_l,1.263
Q2,1990-05-01,nitrate_ug_l,314.8
Q2,1990-05-01,mg_mg_l,3.05
Q2,1990-05-01,ca_mg_l,6.3100000000000005
Q2,1990-05-01,amm_ug_l,NA
Q2,1990-05-08,k_mg_l,1.262
Q2,1990-05-08,nitrate_ug_l,301.5
Q2,1990-05-08,mg_mg_l,3.079
Q2,1990-05-08,ca_mg_l,6.397
Q2,1990-05-08,amm_ug_l,NA
Q2,1990-05-10,k_mg_l,1.2469999999999999
Q2,1990-05-10,nitrate_ug_l,321.7
Q2,1990-05-10,mg_mg_l,3.105
Q2,1990-05-10,ca_mg_l,6.442
Q2,1990-05-10,amm_ug_l,NA
Q2,1990-05-15,k_mg_l,1.2044444444444444
Q2,1990-05-15,nitrate_ug_l,275.6666666666667
Q2,1990-05-15,mg_mg_l,3.2488888888888887
Q2,1990-05-15,ca_mg_l,6.714444444444444
Q2,1990-05-15,amm_ug_l,NA
Q2,1990-05-22,k_mg_l,1.1722222222222223
Q2,1990-05-22,nitrate_ug_l,260.44444444444446
Q2,1990-05-22,mg_mg_l,3.3055555555555554
Q2,1990-05-22,ca_mg_l,6.843333333333334
Q2,1990-05-22,amm_ug_l,NA
Q2,1990-05-29,k_mg_l,1.1711111111111112
Q2,1990-05-29,nitrate_ug_l,260.55555555555554
Q2,1990-05-29,mg_mg_l,3.152222222222222
Q2,1990-05-29,ca_mg_l,6.506666666666667
Q2,1990-05-29,amm_ug_l,NA
Q2,1990-06-05,k_mg_l,1.1311111111111112
Q2,1990-06-05,nitrate_ug_l,232.77777777777777
Q2,1990-06-05,mg_mg_l,3.2088888888888887
Q2,1990-06-05,ca_mg_l,6.776666666666666
Q2,1990-06-05,amm_ug_l,NA
Q2,1990-06-12,k_mg_l,1.0988888888888888
Q2,1990-06-12,nitrate_ug_l,228.66666666666666
Q2,1990-06-12,mg_mg_l,3.2555555555555555
Q2,1990-06-12,ca_mg_l,6.93
Q2,1990-06-12,amm_ug_l,NA
Q2,1990-06-19,k_mg_l,1.0855555555555556
Q2,1990-06-19,nitrate_ug_l,245.77777777777777
Q2,1990-06-19,mg_mg_l,3.1822222222222223
Q2,1990-06-19,ca_mg_l,6.761111111111111
Q2,1990-06-19,amm_ug_l,NA
Q2,1990-06-26,k_mg_l,1.0555555555555556
Q2,1990-06-26,nitrate_ug_l,213.44444444444446
Q2,1990-06-26,mg_mg_l,3.1911111111111112
Q2,1990-06-26,ca_mg_l,6.8244444444444445
Q2,1990-06-26,amm_ug_l,NA
Q2,1990-07-03,k_mg_l,1.0133333333333334
Q2,1990-07-03,nitrate_ug_l,198.44444444444446
Q2,1990-07-03,mg_mg_l,3.2511111111111113
Q2,1990-07-03,ca_mg_l,6.96
Q2,1990-07-03,amm_ug_l,NA
Q2,1990-07-10,k_mg_l,0.9955555555555555
Q2,1990-07-10,nitrate_ug_l,177.44444444444446
Q2,1990-07-10,mg_mg_l,3.2844444444444445
Q2,1990-07-10,ca_mg_l,7.045555555555556
Q2,1990-07-10,amm_ug_l,NA
Q2,1990-07-17,k_mg_l,0.9755555555555555
Q2,1990-07-17,nitrate_ug_l,155.55555555555554
Q2,1990-07-17,mg_mg_l,3.263333333333333
Q2,1990-07-17,ca_mg_l,7.058888888888889
Q2,1990-07-17,amm_ug_l,NA
Q2,1990-07-24,k_mg_l,0.9622222222222222
Q2,1990-07-24,nitrate_ug_l,142.77777777777777
Q2,1990-07-24,mg_mg_l,3.2244444444444444
Q2,1990-07-24,ca_mg_l,6.985555555555555
Q2,1990-07-24,amm_ug_l,NA
Q2,1990-07-31,k_mg_l,0.9222222222222222
Q2,1990-07-31,nitrate_ug_l,119
Q2,1990-07-31,mg_mg_l,3.3633333333333333
Q2,1990-07-31,ca_mg_l,7.355555555555555
Q2,1990-07-31,amm_ug_l,NA
Q2,1990-08-07,k_mg_l,0.9255555555555556
Q2,1990-08-07,nitrate_ug_l,121.11111111111111
Q2,1990-08-07,mg_mg_l,3.2244444444444444
Q2,1990-08-07,ca_mg_l,7.187777777777778
Q2,1990-08-07,amm_ug_l,NA
Q2,1990-08-14,k_mg_l,0.9299999999999999
Q2,1990-08-14,nitrate_ug_l,120.44444444444444
Q2,1990-08-14,mg_mg_l,3.1277777777777778
Q2,1990-08-14,ca_mg_l,7.002222222222223
Q2,1990-08-14,amm_ug_l,NA
Q2,1990-08-21,k_mg_l,0.9044444444444444
Q2,1990-08-21,nitrate_ug_l,85.11111111111111
Q2,1990-08-21,mg_mg_l,3.1855555555555557
Q2,1990-08-21,ca_mg_l,7.135555555555555
Q2,1990-08-21,amm_ug_l,NA
Q2,1990-08-28,k_mg_l,0.9022222222222223
Q2,1990-08-28,nitrate_ug_l,80.66666666666667
Q2,1990-08-28,mg_mg_l,3.1644444444444444
Q2,1990-08-28,ca_mg_l,7.035555555555556
Q2,1990-08-28,amm_ug_l,NA
Q2,1990-09-04,k_mg_l,0.92
Q2,1990-09-04,nitrate_ug_l,74.11111111111111
Q2,1990-09-04,mg_mg_l,2.953333333333333
Q2,1990-09-04,ca_mg_l,6.592222222222222
Q2,1990-09-04,amm_ug_l,NA
Q2,1990-09-11,k_mg_l,0.8822222222222222
Q2,1990-09-11,nitrate_ug_l,101
Q2,1990-09-11,mg_mg_l,2.76
Q2,1990-09-11,ca_mg_l,6.1322222222222225
Q2,1990-09-11,amm_ug_l,NA
Q2,1990-09-18,k_mg_l,0.8777777777777778
Q2,1990-09-18,nitrate_ug_l,118.22222222222223
Q2,1990-09-18,mg_mg_l,2.7711111111111113
Q2,1990-09-18,ca_mg_l,6.047777777777778
Q2,1990-09-18,amm_ug_l,NA
Q2,1990-09-25,k_mg_l,0.8766666666666667
Q2,1990-09-25,nitrate_ug_l,143.88888888888889
Q2,1990-09-25,mg_mg_l,2.785555555555556
Q2,1990-09-25,ca_mg_l,6.023333333333333
Q2,1990-09-25,amm_ug_l,NA
Q2,1990-10-02,k_mg_l,0.8777777777777778
Q2,1990-10-02,nitrate_ug_l,164.22222222222223
Q2,1990-10-02,mg_mg_l,2.7822222222222224
Q2,1990-10-02,ca_mg_l,5.974444444444445
Q2,1990-10-02,amm_ug_l,NA
Q2,1990-10-09,k_mg_l,0.901
Q2,1990-10-09,nitrate_ug_l,164.7
Q2,1990-10-09,mg_mg_l,2.712
Q2,1990-10-09,ca_mg_l,5.773
Q2,1990-10-09,amm_ug_l,NA
Q2,1990-10-16,k_mg_l,0.9972727272727273
Q2,1990-10-16,nitrate_ug_l,168.45454545454547
Q2,1990-10-16,mg_mg_l,2.7209090909090907
Q2,1990-10-16,ca_mg_l,5.8136363636363635
Q2,1990-10-16,amm_ug_l,NA
Q2,1990-10-23,k_mg_l,0.98
Q2,1990-10-23,nitrate_ug_l,182.54545454545453
Q2,1990-10-23,mg_mg_l,2.728181818181818
Q2,1990-10-23,ca_mg_l,5.877272727272727
Q2,1990-10-23,amm_ug_l,NA
Q2,1990-10-30,k_mg_l,0.9933333333333333
Q2,1990-10-30,nitrate_ug_l,194.83333333333334
Q2,1990-10-30,mg_mg_l,2.714166666666667
Q2,1990-10-30,ca_mg_l,5.870833333333334
Q2,1990-10-30,amm_ug_l,NA
Q2,1990-11-06,k_mg_l,0.9927272727272727
Q2,1990-11-06,nitrate_ug_l,203.45454545454547
Q2,1990-11-06,mg_mg_l,2.820909090909091
Q2,1990-11-06,ca_mg_l,6.1054545454545455
Q2,1990-11-06,amm_ug_l,NA
Q2,1990-11-13,k_mg_l,1.0463636363636364
Q2,1990-11-13,nitrate_ug_l,211.45454545454547
Q2,1990-11-13,mg_mg_l,2.9263636363636363
Q2,1990-11-13,ca_mg_l,6.368181818181818
Q2,1990-11-13,amm_ug_l,NA
Q2,1990-11-20,k_mg_l,1.039090909090909
Q2,1990-11-20,nitrate_ug_l,215.6
Q2,1990-11-20,mg_mg_l,2.919090909090909
Q2,1990-11-20,ca_mg_l,6.409090909090909
Q2,1990-11-20,amm_ug_l,NA
Q2,1990-11-27,k_mg_l,1.03
Q2,1990-11-27,nitrate_ug_l,204.1
Q2,1990-11-27,mg_mg_l,2.921818181818182
Q2,1990-11-27,ca_mg_l,6.456363636363636
Q2,1990-11-27,amm_ug_l,NA
Q2,1990-12-04,k_mg_l,1.0172727272727273
Q2,1990-12-04,nitrate_ug_l,193.1
Q2,1990-12-04,mg_mg_l,2.93
Q2,1990-12-04,ca_mg_l,6.463636363636364
Q2,1990-12-04,amm_ug_l,NA
Q2,1990-12-04,k_mg_l,1.0172727272727273
Q2,1990-12-04,nitrate_ug_l,193.1
Q2,1990-12-04,mg_mg_l,2.93
Q2,1990-12-04,ca_mg_l,6.463636363636364
Q2,1990-12-04,amm_ug_l,NA
Q2,1990-12-11,k_mg_l,0.998
Q2,1990-12-11,nitrate_ug_l,182.11111111111111
Q2,1990-12-11,mg_mg_l,3.08
Q2,1990-12-11,ca_mg_l,6.782
Q2,1990-12-11,amm_ug_l,NA
Q2,1990-12-14,k_mg_l,1.01
Q2,1990-12-14,nitrate_ug_l,188.33333333333334
Q2,1990-12-14,mg_mg_l,3.089
Q2,1990-12-14,ca_mg_l,6.782
Q2,1990-12-14,amm_ug_l,NA
Q2,1990-12-18,k_mg_l,0.8822222222222222
Q2,1990-12-18,nitrate_ug_l,174.375
Q2,1990-12-18,mg_mg_l,3.1744444444444446
Q2,1990-12-18,ca_mg_l,6.943333333333333
Q2,1990-12-18,amm_ug_l,NA
Q2,1990-12-25,k_mg_l,0.9111111111111111
Q2,1990-12-25,nitrate_ug_l,151.75
Q2,1990-12-25,mg_mg_l,3.068888888888889
Q2,1990-12-25,ca_mg_l,6.742222222222222
Q2,1990-12-25,amm_ug_l,NA
Q2,1990-12-31,k_mg_l,0.9088888888888889
Q2,1990-12-31,nitrate_ug_l,151
Q2,1990-12-31,mg_mg_l,2.9477777777777776
Q2,1990-12-31,ca_mg_l,6.698888888888889
Q2,1990-12-31,amm_ug_l,NA
Q2,1991-01-08,k_mg_l,0.8655555555555555
Q2,1991-01-08,nitrate_ug_l,134.42857142857142
Q2,1991-01-08,mg_mg_l,3.037777777777778
Q2,1991-01-08,ca_mg_l,6.883333333333333
Q2,1991-01-08,amm_ug_l,NA
Q2,1991-01-15,k_mg_l,0.8288888888888889
Q2,1991-01-15,nitrate_ug_l,124.71428571428571
Q2,1991-01-15,mg_mg_l,3.0255555555555556
Q2,1991-01-15,ca_mg_l,6.865555555555556
Q2,1991-01-15,amm_ug_l,NA
Q2,1991-01-22,k_mg_l,0.8311111111111111
Q2,1991-01-22,nitrate_ug_l,135.625
Q2,1991-01-22,mg_mg_l,3.0055555555555555
Q2,1991-01-22,ca_mg_l,6.881111111111111
Q2,1991-01-22,amm_ug_l,NA
Q2,1991-01-29,k_mg_l,0.8333333333333334
Q2,1991-01-29,nitrate_ug_l,138.125
Q2,1991-01-29,mg_mg_l,2.9722222222222223
Q2,1991-01-29,ca_mg_l,6.832222222222222
Q2,1991-01-29,amm_ug_l,NA
Q2,1991-02-05,k_mg_l,0.8366666666666667
Q2,1991-02-05,nitrate_ug_l,150.125
Q2,1991-02-05,mg_mg_l,2.964444444444444
Q2,1991-02-05,ca_mg_l,6.831111111111111
Q2,1991-02-05,amm_ug_l,NA
Q2,1991-02-12,k_mg_l,0.843
Q2,1991-02-12,nitrate_ug_l,138.11111111111111
Q2,1991-02-12,mg_mg_l,2.938
Q2,1991-02-12,ca_mg_l,6.742
Q2,1991-02-12,amm_ug_l,NA
Q2,1991-02-19,k_mg_l,0.8377777777777778
Q2,1991-02-19,nitrate_ug_l,147.5
Q2,1991-02-19,mg_mg_l,2.8877777777777776
Q2,1991-02-19,ca_mg_l,6.666666666666667
Q2,1991-02-19,amm_ug_l,NA
Q2,1991-02-26,k_mg_l,0.8422222222222222
Q2,1991-02-26,nitrate_ug_l,141
Q2,1991-02-26,mg_mg_l,2.9466666666666668
Q2,1991-02-26,ca_mg_l,6.7844444444444445
Q2,1991-02-26,amm_ug_l,NA
Q2,1991-03-05,k_mg_l,0.8522222222222222
Q2,1991-03-05,nitrate_ug_l,117.625
Q2,1991-03-05,mg_mg_l,2.908888888888889
Q2,1991-03-05,ca_mg_l,6.4944444444444445
Q2,1991-03-05,amm_ug_l,NA
Q2,1991-03-12,k_mg_l,0.8777777777777778
Q2,1991-03-12,nitrate_ug_l,106.55555555555556
Q2,1991-03-12,mg_mg_l,2.9033333333333333
Q2,1991-03-12,ca_mg_l,6.08
Q2,1991-03-12,amm_ug_l,NA
Q2,1991-03-19,k_mg_l,0.8922222222222222
Q2,1991-03-19,nitrate_ug_l,77.44444444444444
Q2,1991-03-19,mg_mg_l,2.92
Q2,1991-03-19,ca_mg_l,5.662222222222222
Q2,1991-03-19,amm_ug_l,NA
Q2,1991-03-22,k_mg_l,0.9122222222222223
Q2,1991-03-22,nitrate_ug_l,56
Q2,1991-03-22,mg_mg_l,2.918888888888889
Q2,1991-03-22,ca_mg_l,5.273333333333333
Q2,1991-03-22,amm_ug_l,NA
Q2,1991-03-26,k_mg_l,0.9122222222222223
Q2,1991-03-26,nitrate_ug_l,56
Q2,1991-03-26,mg_mg_l,2.918888888888889
Q2,1991-03-26,ca_mg_l,5.273333333333333
Q2,1991-03-26,amm_ug_l,NA
Q2,1991-04-02,k_mg_l,0.9510000000000001
Q2,1991-04-02,nitrate_ug_l,39.55555555555556
Q2,1991-04-02,mg_mg_l,2.825
Q2,1991-04-02,ca_mg_l,4.717
Q2,1991-04-02,amm_ug_l,NA
Q2,1991-04-09,k_mg_l,0.975
Q2,1991-04-09,nitrate_ug_l,26.88888888888889
Q2,1991-04-09,mg_mg_l,2.826
Q2,1991-04-09,ca_mg_l,4.325
Q2,1991-04-09,amm_ug_l,NA
Q2,1991-04-15,k_mg_l,1.0090000000000001
Q2,1991-04-15,nitrate_ug_l,35
Q2,1991-04-15,mg_mg_l,2.834
Q2,1991-04-15,ca_mg_l,4.025
Q2,1991-04-15,amm_ug_l,NA
Q2,1991-04-23,k_mg_l,1.014
Q2,1991-04-23,nitrate_ug_l,41.333333333333336
Q2,1991-04-23,mg_mg_l,2.854
Q2,1991-04-23,ca_mg_l,3.777
Q2,1991-04-23,amm_ug_l,NA
Q2,1991-04-30,k_mg_l,1.016
Q2,1991-04-30,nitrate_ug_l,43.111111111111114
Q2,1991-04-30,mg_mg_l,2.887
Q2,1991-04-30,ca_mg_l,3.432
Q2,1991-04-30,amm_ug_l,NA
Q2,1991-05-07,k_mg_l,1.033
Q2,1991-05-07,nitrate_ug_l,65.66666666666667
Q2,1991-05-07,mg_mg_l,3.015
Q2,1991-05-07,ca_mg_l,3.349
Q2,1991-05-07,amm_ug_l,NA
Q2,1991-05-14,k_mg_l,1.046
Q2,1991-05-14,nitrate_ug_l,76.77777777777777
Q2,1991-05-14,mg_mg_l,3.006
Q2,1991-05-14,ca_mg_l,3.356
Q2,1991-05-14,amm_ug_l,NA
Q2,1991-05-21,k_mg_l,1.078
Q2,1991-05-21,nitrate_ug_l,85.125
Q2,1991-05-21,mg_mg_l,3.005
Q2,1991-05-21,ca_mg_l,3.7439999999999998
Q2,1991-05-21,amm_ug_l,NA
Q2,1991-05-28,k_mg_l,1.052
Q2,1991-05-28,nitrate_ug_l,84
Q2,1991-05-28,mg_mg_l,2.914
Q2,1991-05-28,ca_mg_l,4.082
Q2,1991-05-28,amm_ug_l,NA
Q2,1991-05-31,k_mg_l,1.034
Q2,1991-05-31,nitrate_ug_l,84
Q2,1991-05-31,mg_mg_l,3.007
Q2,1991-05-31,ca_mg_l,4.402
Q2,1991-05-31,amm_ug_l,NA
Q2,1991-06-01,k_mg_l,1.028888888888889
Q2,1991-06-01,nitrate_ug_l,84
Q2,1991-06-01,mg_mg_l,2.9988888888888887
Q2,1991-06-01,ca_mg_l,4.555555555555555
Q2,1991-06-01,amm_ug_l,NA
Q2,1991-06-04,k_mg_l,1.028888888888889
Q2,1991-06-04,nitrate_ug_l,84
Q2,1991-06-04,mg_mg_l,2.9988888888888887
Q2,1991-06-04,ca_mg_l,4.555555555555555
Q2,1991-06-04,amm_ug_l,NA
Q2,1991-06-11,k_mg_l,1.018888888888889
Q2,1991-06-11,nitrate_ug_l,91.125
Q2,1991-06-11,mg_mg_l,3.0744444444444445
Q2,1991-06-11,ca_mg_l,4.952222222222222
Q2,1991-06-11,amm_ug_l,NA
Q2,1991-06-18,k_mg_l,0.9955555555555555
Q2,1991-06-18,nitrate_ug_l,81
Q2,1991-06-18,mg_mg_l,3.201111111111111
Q2,1991-06-18,ca_mg_l,5.316666666666666
Q2,1991-06-18,amm_ug_l,NA
Q2,1991-06-25,k_mg_l,0.9788888888888889
Q2,1991-06-25,nitrate_ug_l,71.5
Q2,1991-06-25,mg_mg_l,3.305555555555556
Q2,1991-06-25,ca_mg_l,5.764444444444444
Q2,1991-06-25,amm_ug_l,NA
Q2,1991-07-02,k_mg_l,1.06
Q2,1991-07-02,nitrate_ug_l,64.44444444444444
Q2,1991-07-02,mg_mg_l,3.008
Q2,1991-07-02,ca_mg_l,5.585
Q2,1991-07-02,amm_ug_l,NA
Q2,1991-07-09,k_mg_l,1.225
Q2,1991-07-09,nitrate_ug_l,51.44444444444444
Q2,1991-07-09,mg_mg_l,3.074
Q2,1991-07-09,ca_mg_l,6.159
Q2,1991-07-09,amm_ug_l,NA
Q2,1991-07-16,k_mg_l,1.273
Q2,1991-07-16,nitrate_ug_l,53.55555555555556
Q2,1991-07-16,mg_mg_l,3.173
Q2,1991-07-16,ca_mg_l,6.671
Q2,1991-07-16,amm_ug_l,NA
Q2,1991-07-23,k_mg_l,1.271
Q2,1991-07-23,nitrate_ug_l,60.2
Q2,1991-07-23,mg_mg_l,3.157
Q2,1991-07-23,ca_mg_l,6.536
Q2,1991-07-23,amm_ug_l,NA
Q2,1991-07-30,k_mg_l,1.325
Q2,1991-07-30,nitrate_ug_l,66.5
Q2,1991-07-30,mg_mg_l,3.2720000000000002
Q2,1991-07-30,ca_mg_l,6.528
Q2,1991-07-30,amm_ug_l,NA
Q2,1991-08-06,k_mg_l,1.367
Q2,1991-08-06,nitrate_ug_l,77.7
Q2,1991-08-06,mg_mg_l,3.224
Q2,1991-08-06,ca_mg_l,6.3549999999999995
Q2,1991-08-06,amm_ug_l,NA
Q2,1991-08-13,k_mg_l,1.384
Q2,1991-08-13,nitrate_ug_l,76.8
Q2,1991-08-13,mg_mg_l,3.132
Q2,1991-08-13,ca_mg_l,6.227
Q2,1991-08-13,amm_ug_l,NA
Q2,1991-08-20,k_mg_l,1.42
Q2,1991-08-20,nitrate_ug_l,88.2
Q2,1991-08-20,mg_mg_l,2.986
Q2,1991-08-20,ca_mg_l,6.027
Q2,1991-08-20,amm_ug_l,NA
Q2,1991-08-27,k_mg_l,1.443
Q2,1991-08-27,nitrate_ug_l,98.9
Q2,1991-08-27,mg_mg_l,2.888
Q2,1991-08-27,ca_mg_l,5.742
Q2,1991-08-27,amm_ug_l,NA
Q2,1991-08-27,k_mg_l,1.443
Q2,1991-08-27,nitrate_ug_l,98.9
Q2,1991-08-27,mg_mg_l,2.888
Q2,1991-08-27,ca_mg_l,5.742
Q2,1991-08-27,amm_ug_l,NA
Q2,1991-09-03,k_mg_l,1.4055555555555554
Q2,1991-09-03,nitrate_ug_l,109.33333333333333
Q2,1991-09-03,mg_mg_l,3.128888888888889
Q2,1991-09-03,ca_mg_l,6.124444444444444
Q2,1991-09-03,amm_ug_l,NA
Q2,1991-09-10,k_mg_l,1.2518181818181817
Q2,1991-09-10,nitrate_ug_l,135.8181818181818
Q2,1991-09-10,mg_mg_l,2.7572727272727273
Q2,1991-09-10,ca_mg_l,4.933636363636364
Q2,1991-09-10,amm_ug_l,NA
Q2,1991-09-17,k_mg_l,1.2758333333333334
Q2,1991-09-17,nitrate_ug_l,168.16666666666666
Q2,1991-09-17,mg_mg_l,2.743333333333333
Q2,1991-09-17,ca_mg_l,4.9158333333333335
Q2,1991-09-17,amm_ug_l,NA
Q2,1991-09-24,k_mg_l,1.2816666666666667
Q2,1991-09-24,nitrate_ug_l,170.83333333333334
Q2,1991-09-24,mg_mg_l,2.6133333333333333
Q2,1991-09-24,ca_mg_l,4.645833333333333
Q2,1991-09-24,amm_ug_l,NA
Q2,1991-10-01,k_mg_l,1.29
Q2,1991-10-01,nitrate_ug_l,188.58333333333334
Q2,1991-10-01,mg_mg_l,2.5933333333333333
Q2,1991-10-01,ca_mg_l,4.525
Q2,1991-10-01,amm_ug_l,NA
Q2,1991-10-08,k_mg_l,1.2741666666666667
Q2,1991-10-08,nitrate_ug_l,179.25
Q2,1991-10-08,mg_mg_l,2.615
Q2,1991-10-08,ca_mg_l,4.4383333333333335
Q2,1991-10-08,amm_ug_l,NA
Q2,1991-10-15,k_mg_l,1.2783333333333333
Q2,1991-10-15,nitrate_ug_l,204.75
Q2,1991-10-15,mg_mg_l,2.6275
Q2,1991-10-15,ca_mg_l,4.5
Q2,1991-10-15,amm_ug_l,NA
Q2,1991-10-22,k_mg_l,1.273076923076923
Q2,1991-10-22,nitrate_ug_l,226.69230769230768
Q2,1991-10-22,mg_mg_l,2.7115384615384617
Q2,1991-10-22,ca_mg_l,4.760769230769231
Q2,1991-10-22,amm_ug_l,NA
Q2,1991-10-29,k_mg_l,1.2561538461538462
Q2,1991-10-29,nitrate_ug_l,232.76923076923077
Q2,1991-10-29,mg_mg_l,2.7623076923076924
Q2,1991-10-29,ca_mg_l,4.813076923076923
Q2,1991-10-29,amm_ug_l,NA
Q2,1991-11-05,k_mg_l,1.2733333333333334
Q2,1991-11-05,nitrate_ug_l,249
Q2,1991-11-05,mg_mg_l,2.7533333333333334
Q2,1991-11-05,ca_mg_l,4.810833333333333
Q2,1991-11-05,amm_ug_l,NA
Q2,1991-11-07,k_mg_l,1.3258333333333334
Q2,1991-11-07,nitrate_ug_l,273.5833333333333
Q2,1991-11-07,mg_mg_l,2.7025
Q2,1991-11-07,ca_mg_l,4.923333333333334
Q2,1991-11-07,amm_ug_l,NA
Q2,1991-11-08,k_mg_l,1.299090909090909
Q2,1991-11-08,nitrate_ug_l,280.3636363636364
Q2,1991-11-08,mg_mg_l,2.8145454545454545
Q2,1991-11-08,ca_mg_l,5.154545454545454
Q2,1991-11-08,amm_ug_l,NA
Q2,1991-11-12,k_mg_l,1.275
Q2,1991-11-12,nitrate_ug_l,280.1
Q2,1991-11-12,mg_mg_l,2.931
Q2,1991-11-12,ca_mg_l,5.423
Q2,1991-11-12,amm_ug_l,NA
Q2,1991-11-18,k_mg_l,1.256
Q2,1991-11-18,nitrate_ug_l,277.6
Q2,1991-11-18,mg_mg_l,2.9210000000000003
Q2,1991-11-18,ca_mg_l,5.524
Q2,1991-11-18,amm_ug_l,NA
Q2,1991-11-22,k_mg_l,1.209
Q2,1991-11-22,nitrate_ug_l,281.7
Q2,1991-11-22,mg_mg_l,2.892
Q2,1991-11-22,ca_mg_l,5.448
Q2,1991-11-22,amm_ug_l,NA
Q2,1991-11-26,k_mg_l,1.198888888888889
Q2,1991-11-26,nitrate_ug_l,296.1111111111111
Q2,1991-11-26,mg_mg_l,3.051111111111111
Q2,1991-11-26,ca_mg_l,5.783333333333333
Q2,1991-11-26,amm_ug_l,NA
Q2,1991-12-03,k_mg_l,1.1977777777777778
Q2,1991-12-03,nitrate_ug_l,297.6666666666667
Q2,1991-12-03,mg_mg_l,3.068888888888889
Q2,1991-12-03,ca_mg_l,5.9655555555555555
Q2,1991-12-03,amm_ug_l,NA
Q2,1991-12-10,k_mg_l,1.294
Q2,1991-12-10,nitrate_ug_l,334.5
Q2,1991-12-10,mg_mg_l,2.948
Q2,1991-12-10,ca_mg_l,5.837
Q2,1991-12-10,amm_ug_l,NA
Q2,1991-12-17,k_mg_l,1.295
Q2,1991-12-17,nitrate_ug_l,293.3
Q2,1991-12-17,mg_mg_l,2.941
Q2,1991-12-17,ca_mg_l,5.822
Q2,1991-12-17,amm_ug_l,NA
Q2,1991-12-23,k_mg_l,1.301
Q2,1991-12-23,nitrate_ug_l,284.9
Q2,1991-12-23,mg_mg_l,2.956
Q2,1991-12-23,ca_mg_l,5.949
Q2,1991-12-23,amm_ug_l,NA
Q2,1991-12-30,k_mg_l,1.29
Q2,1991-12-30,nitrate_ug_l,276.2
Q2,1991-12-30,mg_mg_l,2.96
Q2,1991-12-30,ca_mg_l,6.0040000000000004
Q2,1991-12-30,amm_ug_l,NA
Q2,1992-01-07,k_mg_l,1.281
Q2,1992-01-07,nitrate_ug_l,257.6
Q2,1992-01-07,mg_mg_l,2.9219999999999997
Q2,1992-01-07,ca_mg_l,5.989
Q2,1992-01-07,amm_ug_l,NA
Q2,1992-01-14,k_mg_l,1.267
Q2,1992-01-14,nitrate_ug_l,221.7
Q2,1992-01-14,mg_mg_l,2.976
Q2,1992-01-14,ca_mg_l,6.167
Q2,1992-01-14,amm_ug_l,NA
Q2,1992-01-21,k_mg_l,1.286
Q2,1992-01-21,nitrate_ug_l,202.3
Q2,1992-01-21,mg_mg_l,2.984
Q2,1992-01-21,ca_mg_l,6.154
Q2,1992-01-21,amm_ug_l,NA
Q2,1992-01-28,k_mg_l,1.284
Q2,1992-01-28,nitrate_ug_l,191.11111111111111
Q2,1992-01-28,mg_mg_l,2.969
Q2,1992-01-28,ca_mg_l,6.08
Q2,1992-01-28,amm_ug_l,NA
Q2,1992-02-04,k_mg_l,1.284
Q2,1992-02-04,nitrate_ug_l,171.77777777777777
Q2,1992-02-04,mg_mg_l,2.92
Q2,1992-02-04,ca_mg_l,5.889
Q2,1992-02-04,amm_ug_l,NA
Q2,1992-02-06,k_mg_l,1.2389999999999999
Q2,1992-02-06,nitrate_ug_l,127.22222222222223
Q2,1992-02-06,mg_mg_l,3.031
Q2,1992-02-06,ca_mg_l,6.11
Q2,1992-02-06,amm_ug_l,NA
Q2,1992-02-11,k_mg_l,1.1855555555555555
Q2,1992-02-11,nitrate_ug_l,117.25
Q2,1992-02-11,mg_mg_l,3.1066666666666665
Q2,1992-02-11,ca_mg_l,6.188888888888889
Q2,1992-02-11,amm_ug_l,NA
Q2,1992-02-18,k_mg_l,1.1433333333333333
Q2,1992-02-18,nitrate_ug_l,116.25
Q2,1992-02-18,mg_mg_l,3.1422222222222222
Q2,1992-02-18,ca_mg_l,5.957777777777778
Q2,1992-02-18,amm_ug_l,NA
Q2,1992-02-25,k_mg_l,1.1222222222222222
Q2,1992-02-25,nitrate_ug_l,88.125
Q2,1992-02-25,mg_mg_l,3.121111111111111
Q2,1992-02-25,ca_mg_l,5.852222222222222
Q2,1992-02-25,amm_ug_l,NA
Q2,1992-03-03,k_mg_l,1.1211111111111112
Q2,1992-03-03,nitrate_ug_l,65.625
Q2,1992-03-03,mg_mg_l,3.1
Q2,1992-03-03,ca_mg_l,5.7122222222222225
Q2,1992-03-03,amm_ug_l,NA
Q2,1992-03-10,k_mg_l,1.1544444444444444
Q2,1992-03-10,nitrate_ug_l,108.5
Q2,1992-03-10,mg_mg_l,2.9755555555555557
Q2,1992-03-10,ca_mg_l,5.588888888888889
Q2,1992-03-10,amm_ug_l,NA
Q2,1992-03-17,k_mg_l,1.1522222222222223
Q2,1992-03-17,nitrate_ug_l,131.5
Q2,1992-03-17,mg_mg_l,2.98
Q2,1992-03-17,ca_mg_l,5.578888888888889
Q2,1992-03-17,amm_ug_l,NA
Q2,1992-03-24,k_mg_l,1.1444444444444444
Q2,1992-03-24,nitrate_ug_l,135.125
Q2,1992-03-24,mg_mg_l,2.931111111111111
Q2,1992-03-24,ca_mg_l,5.587777777777778
Q2,1992-03-24,amm_ug_l,NA
Q2,1992-04-01,k_mg_l,1.1560000000000001
Q2,1992-04-01,nitrate_ug_l,124.88888888888889
Q2,1992-04-01,mg_mg_l,2.715
Q2,1992-04-01,ca_mg_l,5.224
Q2,1992-04-01,amm_ug_l,NA
Q2,1992-04-07,k_mg_l,1.1344444444444444
Q2,1992-04-07,nitrate_ug_l,124.75
Q2,1992-04-07,mg_mg_l,2.7088888888888887
Q2,1992-04-07,ca_mg_l,5.217777777777778
Q2,1992-04-07,amm_ug_l,NA
Q2,1992-04-14,k_mg_l,1.18
Q2,1992-04-14,nitrate_ug_l,119.5
Q2,1992-04-14,mg_mg_l,2.7022222222222223
Q2,1992-04-14,ca_mg_l,5.344444444444444
Q2,1992-04-14,amm_ug_l,NA
Q2,1992-04-21,k_mg_l,1.24
Q2,1992-04-21,nitrate_ug_l,121.625
Q2,1992-04-21,mg_mg_l,2.5644444444444443
Q2,1992-04-21,ca_mg_l,5.413333333333333
Q2,1992-04-21,amm_ug_l,NA
Q2,1992-04-28,k_mg_l,1.2466666666666666
Q2,1992-04-28,nitrate_ug_l,124.875
Q2,1992-04-28,mg_mg_l,2.482222222222222
Q2,1992-04-28,ca_mg_l,5.24
Q2,1992-04-28,amm_ug_l,NA
Q2,1992-05-05,k_mg_l,1.261111111111111
Q2,1992-05-05,nitrate_ug_l,125.125
Q2,1992-05-05,mg_mg_l,2.561111111111111
Q2,1992-05-05,ca_mg_l,5.404444444444445
Q2,1992-05-05,amm_ug_l,NA
Q2,1992-05-12,k_mg_l,1.2733333333333334
Q2,1992-05-12,nitrate_ug_l,84.5
Q2,1992-05-12,mg_mg_l,2.7055555555555557
Q2,1992-05-12,ca_mg_l,5.737777777777778
Q2,1992-05-12,amm_ug_l,NA
Q2,1992-05-19,k_mg_l,1.2755555555555556
Q2,1992-05-19,nitrate_ug_l,55.25
Q2,1992-05-19,mg_mg_l,2.796666666666667
Q2,1992-05-19,ca_mg_l,5.894444444444444
Q2,1992-05-19,amm_ug_l,NA
Q2,1992-05-26,k_mg_l,1.258888888888889
Q2,1992-05-26,nitrate_ug_l,46.875
Q2,1992-05-26,mg_mg_l,2.8933333333333335
Q2,1992-05-26,ca_mg_l,5.958888888888889
Q2,1992-05-26,amm_ug_l,NA
Q2,1992-06-02,k_mg_l,1.26
Q2,1992-06-02,nitrate_ug_l,58
Q2,1992-06-02,mg_mg_l,2.9877777777777776
Q2,1992-06-02,ca_mg_l,6.188888888888889
Q2,1992-06-02,amm_ug_l,NA
Q2,1992-06-09,k_mg_l,1.268888888888889
Q2,1992-06-09,nitrate_ug_l,74.66666666666667
Q2,1992-06-09,mg_mg_l,3.1966666666666668
Q2,1992-06-09,ca_mg_l,6.64
Q2,1992-06-09,amm_ug_l,NA
Q2,1992-06-16,k_mg_l,1.2633333333333334
Q2,1992-06-16,nitrate_ug_l,74.66666666666667
Q2,1992-06-16,mg_mg_l,3.0533333333333332
Q2,1992-06-16,ca_mg_l,6.378888888888889
Q2,1992-06-16,amm_ug_l,NA
Q2,1992-06-23,k_mg_l,1.231111111111111
Q2,1992-06-23,nitrate_ug_l,90.44444444444444
Q2,1992-06-23,mg_mg_l,3.203333333333333
Q2,1992-06-23,ca_mg_l,6.685555555555555
Q2,1992-06-23,amm_ug_l,NA
Q2,1992-06-30,k_mg_l,1.23
Q2,1992-06-30,nitrate_ug_l,108.22222222222223
Q2,1992-06-30,mg_mg_l,3.26
Q2,1992-06-30,ca_mg_l,6.88
Q2,1992-06-30,amm_ug_l,NA
Q2,1992-07-07,k_mg_l,1.241111111111111
Q2,1992-07-07,nitrate_ug_l,106.11111111111111
Q2,1992-07-07,mg_mg_l,3.3
Q2,1992-07-07,ca_mg_l,6.92
Q2,1992-07-07,amm_ug_l,NA
Q2,1992-07-14,k_mg_l,1.258888888888889
Q2,1992-07-14,nitrate_ug_l,104.11111111111111
Q2,1992-07-14,mg_mg_l,3.1977777777777776
Q2,1992-07-14,ca_mg_l,6.753333333333333
Q2,1992-07-14,amm_ug_l,NA
Q2,1992-07-21,k_mg_l,1.24
Q2,1992-07-21,nitrate_ug_l,100.55555555555556
Q2,1992-07-21,mg_mg_l,3.1344444444444446
Q2,1992-07-21,ca_mg_l,6.61
Q2,1992-07-21,amm_ug_l,NA
Q2,1992-07-28,k_mg_l,1.2644444444444445
Q2,1992-07-28,nitrate_ug_l,85.88888888888889
Q2,1992-07-28,mg_mg_l,3.082222222222222
Q2,1992-07-28,ca_mg_l,6.593333333333334
Q2,1992-07-28,amm_ug_l,NA
Q2,1992-08-04,k_mg_l,1.2733333333333332
Q2,1992-08-04,nitrate_ug_l,79.66666666666667
Q2,1992-08-04,mg_mg_l,3.04
Q2,1992-08-04,ca_mg_l,6.444444444444445
Q2,1992-08-04,amm_ug_l,NA
Q2,1992-08-11,k_mg_l,1.26
Q2,1992-08-11,nitrate_ug_l,84.22222222222223
Q2,1992-08-11,mg_mg_l,3.0166666666666666
Q2,1992-08-11,ca_mg_l,6.366666666666666
Q2,1992-08-11,amm_ug_l,NA
Q2,1992-08-18,k_mg_l,1.2477777777777779
Q2,1992-08-18,nitrate_ug_l,82.22222222222223
Q2,1992-08-18,mg_mg_l,3.1633333333333336
Q2,1992-08-18,ca_mg_l,6.644444444444445
Q2,1992-08-18,amm_ug_l,NA
Q2,1992-08-25,k_mg_l,1.258888888888889
Q2,1992-08-25,nitrate_ug_l,71.25
Q2,1992-08-25,mg_mg_l,3.1255555555555556
Q2,1992-08-25,ca_mg_l,6.593333333333334
Q2,1992-08-25,amm_ug_l,NA
Q2,1992-09-01,k_mg_l,1.2677777777777777
Q2,1992-09-01,nitrate_ug_l,49.125
Q2,1992-09-01,mg_mg_l,3.1655555555555557
Q2,1992-09-01,ca_mg_l,6.641111111111111
Q2,1992-09-01,amm_ug_l,NA
Q2,1992-09-08,k_mg_l,1.2555555555555555
Q2,1992-09-08,nitrate_ug_l,52
Q2,1992-09-08,mg_mg_l,3.013333333333333
Q2,1992-09-08,ca_mg_l,6.403333333333333
Q2,1992-09-08,amm_ug_l,NA
Q2,1992-09-15,k_mg_l,1.2577777777777777
Q2,1992-09-15,nitrate_ug_l,54.375
Q2,1992-09-15,mg_mg_l,2.9844444444444447
Q2,1992-09-15,ca_mg_l,6.2988888888888885
Q2,1992-09-15,amm_ug_l,NA
Q2,1992-09-22,k_mg_l,1.1866666666666665
Q2,1992-09-22,nitrate_ug_l,57.5
Q2,1992-09-22,mg_mg_l,2.7455555555555557
Q2,1992-09-22,ca_mg_l,5.955555555555556
Q2,1992-09-22,amm_ug_l,NA
Q2,1992-09-29,k_mg_l,1.1844444444444444
Q2,1992-09-29,nitrate_ug_l,57.125
Q2,1992-09-29,mg_mg_l,2.7355555555555555
Q2,1992-09-29,ca_mg_l,5.907777777777778
Q2,1992-09-29,amm_ug_l,NA
Q2,1992-10-06,k_mg_l,1.1822222222222223
Q2,1992-10-06,nitrate_ug_l,47.75
Q2,1992-10-06,mg_mg_l,2.738888888888889
Q2,1992-10-06,ca_mg_l,5.905555555555556
Q2,1992-10-06,amm_ug_l,NA
Q2,1992-10-13,k_mg_l,1.1977777777777778
Q2,1992-10-13,nitrate_ug_l,20.75
Q2,1992-10-13,mg_mg_l,2.73
Q2,1992-10-13,ca_mg_l,5.898888888888889
Q2,1992-10-13,amm_ug_l,NA
Q2,1992-10-20,k_mg_l,1.17
Q2,1992-10-20,nitrate_ug_l,60.5
Q2,1992-10-20,mg_mg_l,2.703333333333333
Q2,1992-10-20,ca_mg_l,5.932222222222222
Q2,1992-10-20,amm_ug_l,NA
Q2,1992-10-27,k_mg_l,1.201111111111111
Q2,1992-10-27,nitrate_ug_l,60.5
Q2,1992-10-27,mg_mg_l,2.6455555555555557
Q2,1992-10-27,ca_mg_l,5.805555555555555
Q2,1992-10-27,amm_ug_l,NA
Q2,1992-11-03,k_mg_l,1.2144444444444444
Q2,1992-11-03,nitrate_ug_l,66.28571428571429
Q2,1992-11-03,mg_mg_l,2.6044444444444443
Q2,1992-11-03,ca_mg_l,5.694444444444445
Q2,1992-11-03,amm_ug_l,NA
Q2,1992-11-10,k_mg_l,1.232222222222222
Q2,1992-11-10,nitrate_ug_l,71.83333333333333
Q2,1992-11-10,mg_mg_l,2.707777777777778
Q2,1992-11-10,ca_mg_l,5.848888888888889
Q2,1992-11-10,amm_ug_l,NA
Q2,1992-11-17,k_mg_l,1.2055555555555555
Q2,1992-11-17,nitrate_ug_l,80.4
Q2,1992-11-17,mg_mg_l,2.783333333333333
Q2,1992-11-17,ca_mg_l,6.001111111111111
Q2,1992-11-17,amm_ug_l,NA
Q2,1992-11-24,k_mg_l,1.2844444444444445
Q2,1992-11-24,nitrate_ug_l,91.75
Q2,1992-11-24,mg_mg_l,3.02
Q2,1992-11-24,ca_mg_l,6.344444444444444
Q2,1992-11-24,amm_ug_l,NA
Q2,1992-12-01,k_mg_l,1.2622222222222221
Q2,1992-12-01,nitrate_ug_l,120
Q2,1992-12-01,mg_mg_l,3.033333333333333
Q2,1992-12-01,ca_mg_l,6.2844444444444445
Q2,1992-12-01,amm_ug_l,NA
Q2,1992-12-08,k_mg_l,1.2344444444444445
Q2,1992-12-08,nitrate_ug_l,172
Q2,1992-12-08,mg_mg_l,3.0322222222222224
Q2,1992-12-08,ca_mg_l,6.345555555555555
Q2,1992-12-08,amm_ug_l,NA
Q2,1992-12-15,k_mg_l,1.218888888888889
Q2,1992-12-15,nitrate_ug_l,326
Q2,1992-12-15,mg_mg_l,3.033333333333333
Q2,1992-12-15,ca_mg_l,6.286666666666667
Q2,1992-12-15,amm_ug_l,NA
Q2,1992-12-22,k_mg_l,1.2733333333333332
Q2,1992-12-22,nitrate_ug_l,NA
Q2,1992-12-22,mg_mg_l,3.1
Q2,1992-12-22,ca_mg_l,6.383333333333334
Q2,1992-12-22,amm_ug_l,NA
Q2,1992-12-22,k_mg_l,1.2733333333333332
Q2,1992-12-22,nitrate_ug_l,NA
Q2,1992-12-22,mg_mg_l,3.1
Q2,1992-12-22,ca_mg_l,6.383333333333334
Q2,1992-12-22,amm_ug_l,NA
Q2,1992-12-29,k_mg_l,1.28
Q2,1992-12-29,nitrate_ug_l,NA
Q2,1992-12-29,mg_mg_l,3.1544444444444446
Q2,1992-12-29,ca_mg_l,6.444444444444445
Q2,1992-12-29,amm_ug_l,NA
Q2,1993-01-05,k_mg_l,1.27
Q2,1993-01-05,nitrate_ug_l,135
Q2,1993-01-05,mg_mg_l,3.181111111111111
Q2,1993-01-05,ca_mg_l,6.49
Q2,1993-01-05,amm_ug_l,NA
Q2,1993-01-12,k_mg_l,1.2144444444444444
Q2,1993-01-12,nitrate_ug_l,177.5
Q2,1993-01-12,mg_mg_l,3.1133333333333333
Q2,1993-01-12,ca_mg_l,6.373333333333333
Q2,1993-01-12,amm_ug_l,NA
Q2,1993-01-19,k_mg_l,1.1955555555555555
Q2,1993-01-19,nitrate_ug_l,179.33333333333334
Q2,1993-01-19,mg_mg_l,3.102222222222222
Q2,1993-01-19,ca_mg_l,6.28
Q2,1993-01-19,amm_ug_l,NA
Q2,1993-01-26,k_mg_l,1.3322222222222222
Q2,1993-01-26,nitrate_ug_l,179.33333333333334
Q2,1993-01-26,mg_mg_l,3.1033333333333335
Q2,1993-01-26,ca_mg_l,6.22
Q2,1993-01-26,amm_ug_l,NA
Q2,1993-02-02,k_mg_l,1.3677777777777778
Q2,1993-02-02,nitrate_ug_l,179.33333333333334
Q2,1993-02-02,mg_mg_l,3.282222222222222
Q2,1993-02-02,ca_mg_l,6.693333333333333
Q2,1993-02-02,amm_ug_l,NA
Q2,1993-02-09,k_mg_l,1.38
Q2,1993-02-09,nitrate_ug_l,145.5
Q2,1993-02-09,mg_mg_l,3.3477777777777775
Q2,1993-02-09,ca_mg_l,6.855555555555555
Q2,1993-02-09,amm_ug_l,NA
Q2,1993-02-16,k_mg_l,1.3922222222222222
Q2,1993-02-16,nitrate_ug_l,135
Q2,1993-02-16,mg_mg_l,3.402222222222222
Q2,1993-02-16,ca_mg_l,7.028888888888889
Q2,1993-02-16,amm_ug_l,NA
Q2,1993-02-23,k_mg_l,1.3677777777777778
Q2,1993-02-23,nitrate_ug_l,123.66666666666667
Q2,1993-02-23,mg_mg_l,3.33
Q2,1993-02-23,ca_mg_l,6.8566666666666665
Q2,1993-02-23,amm_ug_l,NA
Q2,1993-03-02,k_mg_l,1.3122222222222222
Q2,1993-03-02,nitrate_ug_l,111.14285714285714
Q2,1993-03-02,mg_mg_l,3.35
Q2,1993-03-02,ca_mg_l,6.502222222222223
Q2,1993-03-02,amm_ug_l,NA
Q2,1993-03-09,k_mg_l,1.3044444444444445
Q2,1993-03-09,nitrate_ug_l,144
Q2,1993-03-09,mg_mg_l,3.243333333333333
Q2,1993-03-09,ca_mg_l,6.347777777777778
Q2,1993-03-09,amm_ug_l,NA
Q2,1993-03-16,k_mg_l,1.3544444444444443
Q2,1993-03-16,nitrate_ug_l,114.28571428571429
Q2,1993-03-16,mg_mg_l,3.1566666666666667
Q2,1993-03-16,ca_mg_l,6.122222222222222
Q2,1993-03-16,amm_ug_l,NA
Q2,1993-03-23,k_mg_l,1.3855555555555554
Q2,1993-03-23,nitrate_ug_l,102.83333333333333
Q2,1993-03-23,mg_mg_l,3.121111111111111
Q2,1993-03-23,ca_mg_l,6.101111111111111
Q2,1993-03-23,amm_ug_l,NA
Q2,1993-03-30,k_mg_l,1.301111111111111
Q2,1993-03-30,nitrate_ug_l,89.85714285714286
Q2,1993-03-30,mg_mg_l,3.0444444444444443
Q2,1993-03-30,ca_mg_l,6.071111111111111
Q2,1993-03-30,amm_ug_l,NA
Q2,1993-04-06,k_mg_l,1.2655555555555555
Q2,1993-04-06,nitrate_ug_l,84.125
Q2,1993-04-06,mg_mg_l,2.8466666666666667
Q2,1993-04-06,ca_mg_l,5.627777777777777
Q2,1993-04-06,amm_ug_l,NA
Q2,1993-04-13,k_mg_l,1.3155555555555556
Q2,1993-04-13,nitrate_ug_l,89.75
Q2,1993-04-13,mg_mg_l,2.8722222222222222
Q2,1993-04-13,ca_mg_l,5.665555555555556
Q2,1993-04-13,amm_ug_l,NA
Q2,1993-04-20,k_mg_l,1.3211111111111111
Q2,1993-04-20,nitrate_ug_l,82.875
Q2,1993-04-20,mg_mg_l,2.787777777777778
Q2,1993-04-20,ca_mg_l,5.476666666666667
Q2,1993-04-20,amm_ug_l,NA
Q2,1993-04-27,k_mg_l,1.4344444444444444
Q2,1993-04-27,nitrate_ug_l,97.75
Q2,1993-04-27,mg_mg_l,2.8644444444444446
Q2,1993-04-27,ca_mg_l,5.6
Q2,1993-04-27,amm_ug_l,NA
Q2,1993-05-04,k_mg_l,1.4677777777777778
Q2,1993-05-04,nitrate_ug_l,95
Q2,1993-05-04,mg_mg_l,2.86
Q2,1993-05-04,ca_mg_l,5.96
Q2,1993-05-04,amm_ug_l,NA
Q2,1993-05-11,k_mg_l,1.468888888888889
Q2,1993-05-11,nitrate_ug_l,72.75
Q2,1993-05-11,mg_mg_l,2.9611111111111112
Q2,1993-05-11,ca_mg_l,6.171111111111111
Q2,1993-05-11,amm_ug_l,NA
Q2,1993-05-18,k_mg_l,1.4633333333333334
Q2,1993-05-18,nitrate_ug_l,81.42857142857143
Q2,1993-05-18,mg_mg_l,3.011111111111111
Q2,1993-05-18,ca_mg_l,6.346666666666667
Q2,1993-05-18,amm_ug_l,NA
Q2,1993-05-25,k_mg_l,1.5755555555555556
Q2,1993-05-25,nitrate_ug_l,81.42857142857143
Q2,1993-05-25,mg_mg_l,3.2944444444444443
Q2,1993-05-25,ca_mg_l,7.011111111111111
Q2,1993-05-25,amm_ug_l,NA
Q2,1993-06-01,k_mg_l,1.541111111111111
Q2,1993-06-01,nitrate_ug_l,93
Q2,1993-06-01,mg_mg_l,3.1911111111111112
Q2,1993-06-01,ca_mg_l,7.083333333333333
Q2,1993-06-01,amm_ug_l,NA
Q2,1993-06-08,k_mg_l,1.5377777777777777
Q2,1993-06-08,nitrate_ug_l,102.8
Q2,1993-06-08,mg_mg_l,3.2311111111111113
Q2,1993-06-08,ca_mg_l,7.156666666666666
Q2,1993-06-08,amm_ug_l,NA
Q2,1993-06-15,k_mg_l,1.49
Q2,1993-06-15,nitrate_ug_l,95.4
Q2,1993-06-15,mg_mg_l,3.163333333333333
Q2,1993-06-15,ca_mg_l,7.022222222222222
Q2,1993-06-15,amm_ug_l,NA
Q2,1993-06-15,k_mg_l,1.49
Q2,1993-06-15,nitrate_ug_l,95.4
Q2,1993-06-15,mg_mg_l,3.163333333333333
Q2,1993-06-15,ca_mg_l,7.022222222222222
Q2,1993-06-15,amm_ug_l,NA
Q2,1993-06-22,k_mg_l,1.4966666666666666
Q2,1993-06-22,nitrate_ug_l,89
Q2,1993-06-22,mg_mg_l,3.212222222222222
Q2,1993-06-22,ca_mg_l,7.162222222222223
Q2,1993-06-22,amm_ug_l,NA
Q2,1993-06-29,k_mg_l,1.42
Q2,1993-06-29,nitrate_ug_l,64.75
Q2,1993-06-29,mg_mg_l,3.243333333333333
Q2,1993-06-29,ca_mg_l,7.242222222222222
Q2,1993-06-29,amm_ug_l,NA
Q2,1993-07-06,k_mg_l,1.4266666666666667
Q2,1993-07-06,nitrate_ug_l,63
Q2,1993-07-06,mg_mg_l,3.1833333333333336
Q2,1993-07-06,ca_mg_l,7.2
Q2,1993-07-06,amm_ug_l,NA
Q2,1993-07-13,k_mg_l,1.4122222222222223
Q2,1993-07-13,nitrate_ug_l,23.5
Q2,1993-07-13,mg_mg_l,3.1777777777777776
Q2,1993-07-13,ca_mg_l,7.205555555555556
Q2,1993-07-13,amm_ug_l,NA
Q2,1993-07-20,k_mg_l,1.4177777777777778
Q2,1993-07-20,nitrate_ug_l,51.4
Q2,1993-07-20,mg_mg_l,3.0522222222222224
Q2,1993-07-20,ca_mg_l,7.174444444444444
Q2,1993-07-20,amm_ug_l,NA
Q2,1993-07-27,k_mg_l,1.2977777777777777
Q2,1993-07-27,nitrate_ug_l,84.16666666666667
Q2,1993-07-27,mg_mg_l,2.8222222222222224
Q2,1993-07-27,ca_mg_l,6.6899999999999995
Q2,1993-07-27,amm_ug_l,NA
Q2,1993-08-03,k_mg_l,1.271111111111111
Q2,1993-08-03,nitrate_ug_l,74.71428571428571
Q2,1993-08-03,mg_mg_l,2.93
Q2,1993-08-03,ca_mg_l,6.608888888888889
Q2,1993-08-03,amm_ug_l,NA
Q2,1993-08-10,k_mg_l,1.268888888888889
Q2,1993-08-10,nitrate_ug_l,67.125
Q2,1993-08-10,mg_mg_l,2.9066666666666667
Q2,1993-08-10,ca_mg_l,6.583333333333333
Q2,1993-08-10,amm_ug_l,NA
Q2,1993-08-17,k_mg_l,1.2966666666666666
Q2,1993-08-17,nitrate_ug_l,61.625
Q2,1993-08-17,mg_mg_l,2.8777777777777778
Q2,1993-08-17,ca_mg_l,6.525555555555555
Q2,1993-08-17,amm_ug_l,NA
Q2,1993-08-24,k_mg_l,1.29
Q2,1993-08-24,nitrate_ug_l,62
Q2,1993-08-24,mg_mg_l,2.8533333333333335
Q2,1993-08-24,ca_mg_l,6.446666666666666
Q2,1993-08-24,amm_ug_l,NA
Q2,1993-08-31,k_mg_l,1.3077777777777777
Q2,1993-08-31,nitrate_ug_l,57
Q2,1993-08-31,mg_mg_l,2.7944444444444443
Q2,1993-08-31,ca_mg_l,6.362222222222222
Q2,1993-08-31,amm_ug_l,NA
Q2,1993-09-07,k_mg_l,1.298888888888889
Q2,1993-09-07,nitrate_ug_l,57.333333333333336
Q2,1993-09-07,mg_mg_l,2.858888888888889
Q2,1993-09-07,ca_mg_l,6.433333333333334
Q2,1993-09-07,amm_ug_l,NA
Q2,1993-09-14,k_mg_l,1.33
Q2,1993-09-14,nitrate_ug_l,55.333333333333336
Q2,1993-09-14,mg_mg_l,2.8533333333333335
Q2,1993-09-14,ca_mg_l,6.414444444444444
Q2,1993-09-14,amm_ug_l,NA
Q2,1993-09-21,k_mg_l,1.35
Q2,1993-09-21,nitrate_ug_l,57.77777777777778
Q2,1993-09-21,mg_mg_l,2.9766666666666666
Q2,1993-09-21,ca_mg_l,6.446666666666666
Q2,1993-09-21,amm_ug_l,NA
Q2,1993-09-28,k_mg_l,1.3966666666666667
Q2,1993-09-28,nitrate_ug_l,35.44444444444444
Q2,1993-09-28,mg_mg_l,3.102222222222222
Q2,1993-09-28,ca_mg_l,6.644444444444445
Q2,1993-09-28,amm_ug_l,NA
Q2,1993-10-05,k_mg_l,1.4111111111111112
Q2,1993-10-05,nitrate_ug_l,35.44444444444444
Q2,1993-10-05,mg_mg_l,3.1
Q2,1993-10-05,ca_mg_l,6.628888888888889
Q2,1993-10-05,amm_ug_l,NA
Q2,1993-10-13,k_mg_l,1.402
Q2,1993-10-13,nitrate_ug_l,37.9
Q2,1993-10-13,mg_mg_l,2.956
Q2,1993-10-13,ca_mg_l,6.581
Q2,1993-10-13,amm_ug_l,NA
Q2,1993-10-19,k_mg_l,1.3855555555555557
Q2,1993-10-19,nitrate_ug_l,41.22222222222222
Q2,1993-10-19,mg_mg_l,2.966666666666667
Q2,1993-10-19,ca_mg_l,6.611111111111112
Q2,1993-10-19,amm_ug_l,NA
Q2,1993-10-26,k_mg_l,1.4044444444444444
Q2,1993-10-26,nitrate_ug_l,42
Q2,1993-10-26,mg_mg_l,2.942222222222222
Q2,1993-10-26,ca_mg_l,6.57
Q2,1993-10-26,amm_ug_l,NA
Q2,1993-11-02,k_mg_l,1.4077777777777778
Q2,1993-11-02,nitrate_ug_l,45.125
Q2,1993-11-02,mg_mg_l,2.982222222222222
Q2,1993-11-02,ca_mg_l,6.594444444444444
Q2,1993-11-02,amm_ug_l,NA
Q2,1993-11-09,k_mg_l,1.4077777777777778
Q2,1993-11-09,nitrate_ug_l,50.142857142857146
Q2,1993-11-09,mg_mg_l,2.792222222222222
Q2,1993-11-09,ca_mg_l,6.514444444444445
Q2,1993-11-09,amm_ug_l,NA
Q2,1993-11-16,k_mg_l,1.4
Q2,1993-11-16,nitrate_ug_l,56.666666666666664
Q2,1993-11-16,mg_mg_l,2.6155555555555554
Q2,1993-11-16,ca_mg_l,6.371111111111111
Q2,1993-11-16,amm_ug_l,NA
Q2,1993-11-23,k_mg_l,1.38
Q2,1993-11-23,nitrate_ug_l,31
Q2,1993-11-23,mg_mg_l,2.6355555555555554
Q2,1993-11-23,ca_mg_l,6.355555555555556
Q2,1993-11-23,amm_ug_l,NA
Q2,1993-11-30,k_mg_l,1.34
Q2,1993-11-30,nitrate_ug_l,27
Q2,1993-11-30,mg_mg_l,2.526666666666667
Q2,1993-11-30,ca_mg_l,6.1000000000000005
Q2,1993-11-30,amm_ug_l,NA
Q2,1993-12-07,k_mg_l,1.3511111111111112
Q2,1993-12-07,nitrate_ug_l,30
Q2,1993-12-07,mg_mg_l,2.5566666666666666
Q2,1993-12-07,ca_mg_l,6.1033333333333335
Q2,1993-12-07,amm_ug_l,NA
Q2,1993-12-14,k_mg_l,1.3955555555555557
Q2,1993-12-14,nitrate_ug_l,15
Q2,1993-12-14,mg_mg_l,2.69
Q2,1993-12-14,ca_mg_l,6.032222222222222
Q2,1993-12-14,amm_ug_l,NA
Q2,1993-12-21,k_mg_l,1.3711111111111112
Q2,1993-12-21,nitrate_ug_l,12.5
Q2,1993-12-21,mg_mg_l,2.694444444444444
Q2,1993-12-21,ca_mg_l,5.996666666666667
Q2,1993-12-21,amm_ug_l,NA
Q2,1993-12-28,k_mg_l,1.3866666666666667
Q2,1993-12-28,nitrate_ug_l,9
Q2,1993-12-28,mg_mg_l,2.63
Q2,1993-12-28,ca_mg_l,5.931111111111111
Q2,1993-12-28,amm_ug_l,NA
Q2,1994-01-04,k_mg_l,1.3477777777777777
Q2,1994-01-04,nitrate_ug_l,9.5
Q2,1994-01-04,mg_mg_l,2.4699999999999998
Q2,1994-01-04,ca_mg_l,5.67
Q2,1994-01-04,amm_ug_l,NA
Q2,1994-01-11,k_mg_l,1.35
Q2,1994-01-11,nitrate_ug_l,12.333333333333334
Q2,1994-01-11,mg_mg_l,2.638888888888889
Q2,1994-01-11,ca_mg_l,5.762222222222222
Q2,1994-01-11,amm_ug_l,NA
Q2,1994-01-18,k_mg_l,1.3533333333333333
Q2,1994-01-18,nitrate_ug_l,12.333333333333334
Q2,1994-01-18,mg_mg_l,2.828888888888889
Q2,1994-01-18,ca_mg_l,5.916666666666667
Q2,1994-01-18,amm_ug_l,NA
Q2,1994-01-25,k_mg_l,1.3444444444444446
Q2,1994-01-25,nitrate_ug_l,12.333333333333334
Q2,1994-01-25,mg_mg_l,2.8566666666666665
Q2,1994-01-25,ca_mg_l,6.094444444444444
Q2,1994-01-25,amm_ug_l,NA
Q2,1994-02-01,k_mg_l,1.3522222222222222
Q2,1994-02-01,nitrate_ug_l,12.333333333333334
Q2,1994-02-01,mg_mg_l,2.8722222222222222
Q2,1994-02-01,ca_mg_l,6.2122222222222225
Q2,1994-02-01,amm_ug_l,NA
Q2,1994-02-08,k_mg_l,1.3544444444444446
Q2,1994-02-08,nitrate_ug_l,12.333333333333334
Q2,1994-02-08,mg_mg_l,2.9322222222222223
Q2,1994-02-08,ca_mg_l,6.415555555555556
Q2,1994-02-08,amm_ug_l,NA
Q2,1994-02-15,k_mg_l,1.3155555555555556
Q2,1994-02-15,nitrate_ug_l,18.666666666666668
Q2,1994-02-15,mg_mg_l,2.953333333333333
Q2,1994-02-15,ca_mg_l,6.5488888888888885
Q2,1994-02-15,amm_ug_l,NA
Q2,1994-02-22,k_mg_l,1.3444444444444446
Q2,1994-02-22,nitrate_ug_l,37.5
Q2,1994-02-22,mg_mg_l,2.9522222222222223
Q2,1994-02-22,ca_mg_l,6.587777777777778
Q2,1994-02-22,amm_ug_l,NA
Q2,1994-03-01,k_mg_l,1.3022222222222222
Q2,1994-03-01,nitrate_ug_l,32.8
Q2,1994-03-01,mg_mg_l,3.0633333333333335
Q2,1994-03-01,ca_mg_l,6.767777777777778
Q2,1994-03-01,amm_ug_l,NA
Q2,1994-03-08,k_mg_l,1.2577777777777779
Q2,1994-03-08,nitrate_ug_l,33
Q2,1994-03-08,mg_mg_l,3.15
Q2,1994-03-08,ca_mg_l,6.952222222222222
Q2,1994-03-08,amm_ug_l,NA
Q2,1994-03-15,k_mg_l,1.2722222222222221
Q2,1994-03-15,nitrate_ug_l,33
Q2,1994-03-15,mg_mg_l,3.1044444444444443
Q2,1994-03-15,ca_mg_l,6.854444444444444
Q2,1994-03-15,amm_ug_l,NA
Q2,1994-03-22,k_mg_l,1.2733333333333334
Q2,1994-03-22,nitrate_ug_l,30.166666666666668
Q2,1994-03-22,mg_mg_l,3.0566666666666666
Q2,1994-03-22,ca_mg_l,6.77
Q2,1994-03-22,amm_ug_l,NA
Q2,1994-03-29,k_mg_l,1.268888888888889
Q2,1994-03-29,nitrate_ug_l,28.428571428571427
Q2,1994-03-29,mg_mg_l,3.0433333333333334
Q2,1994-03-29,ca_mg_l,6.702222222222222
Q2,1994-03-29,amm_ug_l,NA
Q2,1994-04-05,k_mg_l,1.32
Q2,1994-04-05,nitrate_ug_l,28
Q2,1994-04-05,mg_mg_l,3.172222222222222
Q2,1994-04-05,ca_mg_l,6.887777777777778
Q2,1994-04-05,amm_ug_l,NA
Q2,1994-04-12,k_mg_l,1.3433333333333333
Q2,1994-04-12,nitrate_ug_l,26.77777777777778
Q2,1994-04-12,mg_mg_l,3.1888888888888887
Q2,1994-04-12,ca_mg_l,6.905555555555555
Q2,1994-04-12,amm_ug_l,NA
Q2,1994-04-19,k_mg_l,1.3625
Q2,1994-04-19,nitrate_ug_l,26.625
Q2,1994-04-19,mg_mg_l,3.20625
Q2,1994-04-19,ca_mg_l,6.945
Q2,1994-04-19,amm_ug_l,NA
Q2,1994-04-26,k_mg_l,1.3925
Q2,1994-04-26,nitrate_ug_l,22.25
Q2,1994-04-26,mg_mg_l,3.24125
Q2,1994-04-26,ca_mg_l,6.95875
Q2,1994-04-26,amm_ug_l,NA
Q2,1994-05-03,k_mg_l,1.4011111111111112
Q2,1994-05-03,nitrate_ug_l,23.11111111111111
Q2,1994-05-03,mg_mg_l,3.1177777777777775
Q2,1994-05-03,ca_mg_l,6.631111111111111
Q2,1994-05-03,amm_ug_l,NA
Q2,1994-05-10,k_mg_l,1.4266666666666667
Q2,1994-05-10,nitrate_ug_l,29.444444444444443
Q2,1994-05-10,mg_mg_l,3.09
Q2,1994-05-10,ca_mg_l,6.533333333333333
Q2,1994-05-10,amm_ug_l,NA
Q2,1994-05-17,k_mg_l,1.43
Q2,1994-05-17,nitrate_ug_l,30.875
Q2,1994-05-17,mg_mg_l,3.1425
Q2,1994-05-17,ca_mg_l,6.62375
Q2,1994-05-17,amm_ug_l,NA
Q2,1994-05-24,k_mg_l,1.46125
Q2,1994-05-24,nitrate_ug_l,87.625
Q2,1994-05-24,mg_mg_l,3.11875
Q2,1994-05-24,ca_mg_l,6.51
Q2,1994-05-24,amm_ug_l,NA
Q2,1994-05-31,k_mg_l,1.4885714285714287
Q2,1994-05-31,nitrate_ug_l,97.57142857142857
Q2,1994-05-31,mg_mg_l,3.125714285714286
Q2,1994-05-31,ca_mg_l,6.472857142857142
Q2,1994-05-31,amm_ug_l,NA
Q2,1994-06-07,k_mg_l,1.27
Q2,1994-06-07,nitrate_ug_l,109.66666666666667
Q2,1994-06-07,mg_mg_l,2.7257142857142855
Q2,1994-06-07,ca_mg_l,5.54
Q2,1994-06-07,amm_ug_l,NA
Q2,1994-06-14,k_mg_l,1.2285714285714286
Q2,1994-06-14,nitrate_ug_l,128.2
Q2,1994-06-14,mg_mg_l,2.597142857142857
Q2,1994-06-14,ca_mg_l,5.298571428571428
Q2,1994-06-14,amm_ug_l,NA
Q2,1994-06-21,k_mg_l,1.2285714285714286
Q2,1994-06-21,nitrate_ug_l,128.2
Q2,1994-06-21,mg_mg_l,2.597142857142857
Q2,1994-06-21,ca_mg_l,5.298571428571428
Q2,1994-06-21,amm_ug_l,NA
Q2,1994-06-28,k_mg_l,1.1633333333333333
Q2,1994-06-28,nitrate_ug_l,145.5
Q2,1994-06-28,mg_mg_l,2.4833333333333334
Q2,1994-06-28,ca_mg_l,5.0649999999999995
Q2,1994-06-28,amm_ug_l,NA
Q2,1994-06-30,k_mg_l,1.138
Q2,1994-06-30,nitrate_ug_l,192
Q2,1994-06-30,mg_mg_l,2.376
Q2,1994-06-30,ca_mg_l,4.868
Q2,1994-06-30,amm_ug_l,NA
Q2,1994-07-05,k_mg_l,1.075
Q2,1994-07-05,nitrate_ug_l,269
Q2,1994-07-05,mg_mg_l,2.3875
Q2,1994-07-05,ca_mg_l,4.85
Q2,1994-07-05,amm_ug_l,NA
Q2,1994-07-12,k_mg_l,1.0033333333333334
Q2,1994-07-12,nitrate_ug_l,470
Q2,1994-07-12,mg_mg_l,2.2133333333333334
Q2,1994-07-12,ca_mg_l,4.38
Q2,1994-07-12,amm_ug_l,NA
Q2,1994-07-19,k_mg_l,1.0033333333333334
Q2,1994-07-19,nitrate_ug_l,470
Q2,1994-07-19,mg_mg_l,2.2133333333333334
Q2,1994-07-19,ca_mg_l,4.38
Q2,1994-07-19,amm_ug_l,NA
Q2,1994-07-26,k_mg_l,0.9500000000000001
Q2,1994-07-26,nitrate_ug_l,NA
Q2,1994-07-26,mg_mg_l,1.9333333333333331
Q2,1994-07-26,ca_mg_l,3.913333333333333
Q2,1994-07-26,amm_ug_l,NA
Q2,1994-08-02,k_mg_l,0.9500000000000001
Q2,1994-08-02,nitrate_ug_l,NA
Q2,1994-08-02,mg_mg_l,1.9333333333333331
Q2,1994-08-02,ca_mg_l,3.913333333333333
Q2,1994-08-02,amm_ug_l,NA
Q2,1994-08-09,k_mg_l,1.29
Q2,1994-08-09,nitrate_ug_l,NA
Q2,1994-08-09,mg_mg_l,2.085
Q2,1994-08-09,ca_mg_l,4.67
Q2,1994-08-09,amm_ug_l,NA
Q2,1994-08-16,k_mg_l,1.36
Q2,1994-08-16,nitrate_ug_l,NA
Q2,1994-08-16,mg_mg_l,1.64
Q2,1994-08-16,ca_mg_l,3.57
Q2,1994-08-16,amm_ug_l,NA
Q2,1994-08-23,k_mg_l,1.36
Q2,1994-08-23,nitrate_ug_l,NA
Q2,1994-08-23,mg_mg_l,1.64
Q2,1994-08-23,ca_mg_l,3.57
Q2,1994-08-23,amm_ug_l,NA
Q2,1994-08-30,k_mg_l,1.32
Q2,1994-08-30,nitrate_ug_l,NA
Q2,1994-08-30,mg_mg_l,1.975
Q2,1994-08-30,ca_mg_l,4.325
Q2,1994-08-30,amm_ug_l,NA
Q2,1994-09-06,k_mg_l,1.32
Q2,1994-09-06,nitrate_ug_l,NA
Q2,1994-09-06,mg_mg_l,1.975
Q2,1994-09-06,ca_mg_l,4.325
Q2,1994-09-06,amm_ug_l,NA
Q2,1994-09-13,k_mg_l,1.34
Q2,1994-09-13,nitrate_ug_l,NA
Q2,1994-09-13,mg_mg_l,1.9233333333333333
Q2,1994-09-13,ca_mg_l,4.096666666666667
Q2,1994-09-13,amm_ug_l,NA
Q2,1994-09-20,k_mg_l,1.2875
Q2,1994-09-20,nitrate_ug_l,NA
Q2,1994-09-20,mg_mg_l,1.9849999999999999
Q2,1994-09-20,ca_mg_l,4.215
Q2,1994-09-20,amm_ug_l,NA
Q2,1994-09-27,k_mg_l,1.2125
Q2,1994-09-27,nitrate_ug_l,NA
Q2,1994-09-27,mg_mg_l,2.125
Q2,1994-09-27,ca_mg_l,4.5125
Q2,1994-09-27,amm_ug_l,NA
Q2,1994-10-04,k_mg_l,1.212
Q2,1994-10-04,nitrate_ug_l,NA
Q2,1994-10-04,mg_mg_l,2.166
Q2,1994-10-04,ca_mg_l,4.572
Q2,1994-10-04,amm_ug_l,NA
Q2,1994-10-11,k_mg_l,1.205
Q2,1994-10-11,nitrate_ug_l,NA
Q2,1994-10-11,mg_mg_l,2.211666666666667
Q2,1994-10-11,ca_mg_l,4.678333333333334
Q2,1994-10-11,amm_ug_l,NA
Q2,1994-10-18,k_mg_l,1.1957142857142857
Q2,1994-10-18,nitrate_ug_l,NA
Q2,1994-10-18,mg_mg_l,2.27
Q2,1994-10-18,ca_mg_l,4.837142857142857
Q2,1994-10-18,amm_ug_l,NA
Q2,1994-10-25,k_mg_l,1.27
Q2,1994-10-25,nitrate_ug_l,NA
Q2,1994-10-25,mg_mg_l,2.43875
Q2,1994-10-25,ca_mg_l,5.22875
Q2,1994-10-25,amm_ug_l,NA
Q2,1994-11-01,k_mg_l,1.25375
Q2,1994-11-01,nitrate_ug_l,NA
Q2,1994-11-01,mg_mg_l,2.48875
Q2,1994-11-01,ca_mg_l,5.3075
Q2,1994-11-01,amm_ug_l,NA
Q2,1994-11-08,k_mg_l,1.25375
Q2,1994-11-08,nitrate_ug_l,NA
Q2,1994-11-08,mg_mg_l,2.48875
Q2,1994-11-08,ca_mg_l,5.3075
Q2,1994-11-08,amm_ug_l,NA
Q2,1994-11-15,k_mg_l,1.2357142857142858
Q2,1994-11-15,nitrate_ug_l,NA
Q2,1994-11-15,mg_mg_l,2.5842857142857145
Q2,1994-11-15,ca_mg_l,5.545714285714285
Q2,1994-11-15,amm_ug_l,NA
Q2,1994-11-22,k_mg_l,1.2533333333333334
Q2,1994-11-22,nitrate_ug_l,NA
Q2,1994-11-22,mg_mg_l,2.6533333333333333
Q2,1994-11-22,ca_mg_l,5.708333333333333
Q2,1994-11-22,amm_ug_l,NA
Q2,1994-11-29,k_mg_l,1.292
Q2,1994-11-29,nitrate_ug_l,NA
Q2,1994-11-29,mg_mg_l,2.744
Q2,1994-11-29,ca_mg_l,5.898
Q2,1994-11-29,amm_ug_l,NA
Q2,1994-12-06,k_mg_l,1.3125
Q2,1994-12-06,nitrate_ug_l,NA
Q2,1994-12-06,mg_mg_l,2.8475
Q2,1994-12-06,ca_mg_l,6.17
Q2,1994-12-06,amm_ug_l,NA
Q2,1994-12-13,k_mg_l,1.3599999999999999
Q2,1994-12-13,nitrate_ug_l,NA
Q2,1994-12-13,mg_mg_l,2.9833333333333334
Q2,1994-12-13,ca_mg_l,6.49
Q2,1994-12-13,amm_ug_l,NA
Q2,1994-12-20,k_mg_l,1.47
Q2,1994-12-20,nitrate_ug_l,NA
Q2,1994-12-20,mg_mg_l,3.165
Q2,1994-12-20,ca_mg_l,6.84
Q2,1994-12-20,amm_ug_l,NA
Q2,1994-12-27,k_mg_l,1.15
Q2,1994-12-27,nitrate_ug_l,NA
Q2,1994-12-27,mg_mg_l,2.71
Q2,1994-12-27,ca_mg_l,5.71
Q2,1994-12-27,amm_ug_l,NA
Q3,1988-01-05,k_mg_l,0.728
Q3,1988-01-05,nitrate_ug_l,165.4375
Q3,1988-01-05,mg_mg_l,2.556
Q3,1988-01-05,ca_mg_l,3.3953333333333333
Q3,1988-01-05,amm_ug_l,33.1764705882353
Q3,1988-01-12,k_mg_l,0.72
Q3,1988-01-12,nitrate_ug_l,168.8125
Q3,1988-01-12,mg_mg_l,2.5766666666666667
Q3,1988-01-12,ca_mg_l,3.356
Q3,1988-01-12,amm_ug_l,34.35294117647059
Q3,1988-01-19,k_mg_l,0.6833333333333333
Q3,1988-01-19,nitrate_ug_l,170.9375
Q3,1988-01-19,mg_mg_l,2.5166666666666666
Q3,1988-01-19,ca_mg_l,3.3646666666666665
Q3,1988-01-19,amm_ug_l,34.588235294117645
Q3,1988-01-26,k_mg_l,0.6806666666666666
Q3,1988-01-26,nitrate_ug_l,174.8125
Q3,1988-01-26,mg_mg_l,2.5366666666666666
Q3,1988-01-26,ca_mg_l,3.3753333333333333
Q3,1988-01-26,amm_ug_l,35.05882352941177
Q3,1988-01-29,k_mg_l,0.672
Q3,1988-01-29,nitrate_ug_l,177.5
Q3,1988-01-29,mg_mg_l,2.4526666666666666
Q3,1988-01-29,ca_mg_l,3.263333333333333
Q3,1988-01-29,amm_ug_l,35.05882352941177
Q3,1988-01-29,k_mg_l,0.672
Q3,1988-01-29,nitrate_ug_l,177.5
Q3,1988-01-29,mg_mg_l,2.4526666666666666
Q3,1988-01-29,ca_mg_l,3.263333333333333
Q3,1988-01-29,amm_ug_l,35.05882352941177
Q3,1988-01-29,k_mg_l,0.672
Q3,1988-01-29,nitrate_ug_l,177.5
Q3,1988-01-29,mg_mg_l,2.4526666666666666
Q3,1988-01-29,ca_mg_l,3.263333333333333
Q3,1988-01-29,amm_ug_l,35.05882352941177
Q3,1988-01-29,k_mg_l,0.672
Q3,1988-01-29,nitrate_ug_l,177.5
Q3,1988-01-29,mg_mg_l,2.4526666666666666
Q3,1988-01-29,ca_mg_l,3.263333333333333
Q3,1988-01-29,amm_ug_l,35.05882352941177
Q3,1988-01-29,k_mg_l,0.672
Q3,1988-01-29,nitrate_ug_l,177.5
Q3,1988-01-29,mg_mg_l,2.4526666666666666
Q3,1988-01-29,ca_mg_l,3.263333333333333
Q3,1988-01-29,amm_ug_l,35.05882352941177
Q3,1988-01-29,k_mg_l,0.672
Q3,1988-01-29,nitrate_ug_l,177.5
Q3,1988-01-29,mg_mg_l,2.4526666666666666
Q3,1988-01-29,ca_mg_l,3.263333333333333
Q3,1988-01-29,amm_ug_l,35.05882352941177
Q3,1988-01-29,k_mg_l,0.672
Q3,1988-01-29,nitrate_ug_l,177.5
Q3,1988-01-29,mg_mg_l,2.4526666666666666
Q3,1988-01-29,ca_mg_l,3.263333333333333
Q3,1988-01-29,amm_ug_l,35.05882352941177
Q3,1988-02-02,k_mg_l,0.609
Q3,1988-02-02,nitrate_ug_l,172.4
Q3,1988-02-02,mg_mg_l,2.597
Q3,1988-02-02,ca_mg_l,3.349
Q3,1988-02-02,amm_ug_l,25.1
Q3,1988-02-02,k_mg_l,0.609
Q3,1988-02-02,nitrate_ug_l,172.4
Q3,1988-02-02,mg_mg_l,2.597
Q3,1988-02-02,ca_mg_l,3.349
Q3,1988-02-02,amm_ug_l,25.1
Q3,1988-02-03,k_mg_l,0.5833333333333334
Q3,1988-02-03,nitrate_ug_l,194.77777777777777
Q3,1988-02-03,mg_mg_l,2.7488888888888887
Q3,1988-02-03,ca_mg_l,3.462222222222222
Q3,1988-02-03,amm_ug_l,22.444444444444443
Q3,1988-02-04,k_mg_l,0.5833333333333334
Q3,1988-02-04,nitrate_ug_l,194.77777777777777
Q3,1988-02-04,mg_mg_l,2.7488888888888887
Q3,1988-02-04,ca_mg_l,3.462222222222222
Q3,1988-02-04,amm_ug_l,22.444444444444443
Q3,1988-02-09,k_mg_l,0.5833333333333334
Q3,1988-02-09,nitrate_ug_l,194.77777777777777
Q3,1988-02-09,mg_mg_l,2.7488888888888887
Q3,1988-02-09,ca_mg_l,3.462222222222222
Q3,1988-02-09,amm_ug_l,22.444444444444443
Q3,1988-02-10,k_mg_l,0.5722222222222222
Q3,1988-02-10,nitrate_ug_l,199.22222222222223
Q3,1988-02-10,mg_mg_l,2.651111111111111
Q3,1988-02-10,ca_mg_l,3.5733333333333333
Q3,1988-02-10,amm_ug_l,21.666666666666668
Q3,1988-02-16,k_mg_l,0.5722222222222222
Q3,1988-02-16,nitrate_ug_l,199.22222222222223
Q3,1988-02-16,mg_mg_l,2.651111111111111
Q3,1988-02-16,ca_mg_l,3.5733333333333333
Q3,1988-02-16,amm_ug_l,21.666666666666668
Q3,1988-02-23,k_mg_l,0.5633333333333334
Q3,1988-02-23,nitrate_ug_l,204.22222222222223
Q3,1988-02-23,mg_mg_l,2.628888888888889
Q3,1988-02-23,ca_mg_l,3.497777777777778
Q3,1988-02-23,amm_ug_l,21.77777777777778
Q3,1988-03-01,k_mg_l,0.5588888888888889
Q3,1988-03-01,nitrate_ug_l,204.66666666666666
Q3,1988-03-01,mg_mg_l,2.6233333333333335
Q3,1988-03-01,ca_mg_l,3.4922222222222223
Q3,1988-03-01,amm_ug_l,22.22222222222222
Q3,1988-03-08,k_mg_l,0.5555555555555556
Q3,1988-03-08,nitrate_ug_l,205.22222222222223
Q3,1988-03-08,mg_mg_l,2.6144444444444446
Q3,1988-03-08,ca_mg_l,3.4766666666666666
Q3,1988-03-08,amm_ug_l,26.333333333333332
Q3,1988-03-15,k_mg_l,0.593
Q3,1988-03-15,nitrate_ug_l,206.1
Q3,1988-03-15,mg_mg_l,2.529
Q3,1988-03-15,ca_mg_l,3.443
Q3,1988-03-15,amm_ug_l,28.5
Q3,1988-03-23,k_mg_l,0.6372727272727272
Q3,1988-03-23,nitrate_ug_l,202.54545454545453
Q3,1988-03-23,mg_mg_l,2.381818181818182
Q3,1988-03-23,ca_mg_l,2.99
Q3,1988-03-23,amm_ug_l,33.90909090909091
Q3,1988-03-29,k_mg_l,0.639
Q3,1988-03-29,nitrate_ug_l,200.9
Q3,1988-03-29,mg_mg_l,2.321
Q3,1988-03-29,ca_mg_l,2.908
Q3,1988-03-29,amm_ug_l,34.8
Q3,1988-04-05,k_mg_l,0.647
Q3,1988-04-05,nitrate_ug_l,198.7
Q3,1988-04-05,mg_mg_l,2.384
Q3,1988-04-05,ca_mg_l,2.929
Q3,1988-04-05,amm_ug_l,40.5
Q3,1988-04-12,k_mg_l,0.658
Q3,1988-04-12,nitrate_ug_l,198.6
Q3,1988-04-12,mg_mg_l,2.3890000000000002
Q3,1988-04-12,ca_mg_l,2.8810000000000002
Q3,1988-04-12,amm_ug_l,46.2
Q3,1988-04-19,k_mg_l,0.667
Q3,1988-04-19,nitrate_ug_l,197.33333333333334
Q3,1988-04-19,mg_mg_l,2.4050000000000002
Q3,1988-04-19,ca_mg_l,2.834
Q3,1988-04-19,amm_ug_l,51.3
Q3,1988-04-26,k_mg_l,0.6759999999999999
Q3,1988-04-26,nitrate_ug_l,198.125
Q3,1988-04-26,mg_mg_l,2.376
Q3,1988-04-26,ca_mg_l,2.774
Q3,1988-04-26,amm_ug_l,55.111111111111114
Q3,1988-05-03,k_mg_l,0.6819999999999999
Q3,1988-05-03,nitrate_ug_l,196.71428571428572
Q3,1988-05-03,mg_mg_l,2.354
Q3,1988-05-03,ca_mg_l,2.692
Q3,1988-05-03,amm_ug_l,58.625
Q3,1988-05-10,k_mg_l,0.688
Q3,1988-05-10,nitrate_ug_l,196
Q3,1988-05-10,mg_mg_l,2.339
Q3,1988-05-10,ca_mg_l,2.613
Q3,1988-05-10,amm_ug_l,59.57142857142857
Q3,1988-05-10,k_mg_l,0.688
Q3,1988-05-10,nitrate_ug_l,196
Q3,1988-05-10,mg_mg_l,2.339
Q3,1988-05-10,ca_mg_l,2.613
Q3,1988-05-10,amm_ug_l,59.57142857142857
Q3,1988-05-10,k_mg_l,0.688
Q3,1988-05-10,nitrate_ug_l,196
Q3,1988-05-10,mg_mg_l,2.339
Q3,1988-05-10,ca_mg_l,2.613
Q3,1988-05-10,amm_ug_l,59.57142857142857
Q3,1988-05-10,k_mg_l,0.688
Q3,1988-05-10,nitrate_ug_l,196
Q3,1988-05-10,mg_mg_l,2.339
Q3,1988-05-10,ca_mg_l,2.613
Q3,1988-05-10,amm_ug_l,59.57142857142857
Q3,1988-05-10,k_mg_l,0.688
Q3,1988-05-10,nitrate_ug_l,196
Q3,1988-05-10,mg_mg_l,2.339
Q3,1988-05-10,ca_mg_l,2.613
Q3,1988-05-10,amm_ug_l,59.57142857142857
Q3,1988-05-17,k_mg_l,0.6733333333333333
Q3,1988-05-17,nitrate_ug_l,191.5
Q3,1988-05-17,mg_mg_l,2.3777777777777778
Q3,1988-05-17,ca_mg_l,2.5366666666666666
Q3,1988-05-17,amm_ug_l,67.4
Q3,1988-05-24,k_mg_l,0.67
Q3,1988-05-24,nitrate_ug_l,196.66666666666666
Q3,1988-05-24,mg_mg_l,2.466
Q3,1988-05-24,ca_mg_l,2.727
Q3,1988-05-24,amm_ug_l,65.6
Q3,1988-05-31,k_mg_l,0.672
Q3,1988-05-31,nitrate_ug_l,192
Q3,1988-05-31,mg_mg_l,2.534
Q3,1988-05-31,ca_mg_l,2.857
Q3,1988-05-31,amm_ug_l,63.5
Q3,1988-06-07,k_mg_l,0.679
Q3,1988-06-07,nitrate_ug_l,206
Q3,1988-06-07,mg_mg_l,2.586
Q3,1988-06-07,ca_mg_l,2.906
Q3,1988-06-07,amm_ug_l,46.25
Q3,1988-06-14,k_mg_l,0.677
Q3,1988-06-14,nitrate_ug_l,NA
Q3,1988-06-14,mg_mg_l,2.584
Q3,1988-06-14,ca_mg_l,2.896
Q3,1988-06-14,amm_ug_l,28
Q3,1988-06-21,k_mg_l,0.6759999999999999
Q3,1988-06-21,nitrate_ug_l,NA
Q3,1988-06-21,mg_mg_l,2.574
Q3,1988-06-21,ca_mg_l,2.887
Q3,1988-06-21,amm_ug_l,29.75
Q3,1988-06-28,k_mg_l,0.6414285714285715
Q3,1988-06-28,nitrate_ug_l,85
Q3,1988-06-28,mg_mg_l,2.2721428571428572
Q3,1988-06-28,ca_mg_l,2.6492857142857145
Q3,1988-06-28,amm_ug_l,28.6
Q3,1988-07-05,k_mg_l,0.6321428571428571
Q3,1988-07-05,nitrate_ug_l,118
Q3,1988-07-05,mg_mg_l,2.2542857142857144
Q3,1988-07-05,ca_mg_l,2.66
Q3,1988-07-05,amm_ug_l,28.6
Q3,1988-07-12,k_mg_l,0.6328571428571429
Q3,1988-07-12,nitrate_ug_l,134.66666666666666
Q3,1988-07-12,mg_mg_l,2.2592857142857143
Q3,1988-07-12,ca_mg_l,2.710714285714286
Q3,1988-07-12,amm_ug_l,28.6
Q3,1988-07-19,k_mg_l,0.6221428571428571
Q3,1988-07-19,nitrate_ug_l,135.5
Q3,1988-07-19,mg_mg_l,2.2064285714285714
Q3,1988-07-19,ca_mg_l,2.697857142857143
Q3,1988-07-19,amm_ug_l,25.166666666666668
Q3,1988-07-22,k_mg_l,0.625
Q3,1988-07-22,nitrate_ug_l,134.4
Q3,1988-07-22,mg_mg_l,2.232142857142857
Q3,1988-07-22,ca_mg_l,2.76
Q3,1988-07-22,amm_ug_l,26.6
Q3,1988-07-26,k_mg_l,0.6215384615384615
Q3,1988-07-26,nitrate_ug_l,134.4
Q3,1988-07-26,mg_mg_l,2.2223076923076923
Q3,1988-07-26,ca_mg_l,2.76
Q3,1988-07-26,amm_ug_l,26.6
Q3,1988-07-26,k_mg_l,0.6215384615384615
Q3,1988-07-26,nitrate_ug_l,134.4
Q3,1988-07-26,mg_mg_l,2.2223076923076923
Q3,1988-07-26,ca_mg_l,2.76
Q3,1988-07-26,amm_ug_l,26.6
Q3,1988-08-02,k_mg_l,0.6223076923076923
Q3,1988-08-02,nitrate_ug_l,133.16666666666666
Q3,1988-08-02,mg_mg_l,2.2846153846153845
Q3,1988-08-02,ca_mg_l,2.8215384615384616
Q3,1988-08-02,amm_ug_l,26.6
Q3,1988-08-09,k_mg_l,0.6076923076923076
Q3,1988-08-09,nitrate_ug_l,133.16666666666666
Q3,1988-08-09,mg_mg_l,2.2115384615384617
Q3,1988-08-09,ca_mg_l,2.7830769230769232
Q3,1988-08-09,amm_ug_l,35.6
Q3,1988-08-16,k_mg_l,0.5984615384615385
Q3,1988-08-16,nitrate_ug_l,140.85714285714286
Q3,1988-08-16,mg_mg_l,2.1923076923076925
Q3,1988-08-16,ca_mg_l,2.786153846153846
Q3,1988-08-16,amm_ug_l,42.2
Q3,1988-08-23,k_mg_l,0.5908333333333333
Q3,1988-08-23,nitrate_ug_l,148.875
Q3,1988-08-23,mg_mg_l,2.1341666666666668
Q3,1988-08-23,ca_mg_l,2.7558333333333334
Q3,1988-08-23,amm_ug_l,38.2
Q3,1988-08-24,k_mg_l,0.5933333333333333
Q3,1988-08-24,nitrate_ug_l,150.44444444444446
Q3,1988-08-24,mg_mg_l,2.118333333333333
Q3,1988-08-24,ca_mg_l,2.7708333333333335
Q3,1988-08-24,amm_ug_l,38.2
Q3,1988-08-24,k_mg_l,0.5933333333333333
Q3,1988-08-24,nitrate_ug_l,150.44444444444446
Q3,1988-08-24,mg_mg_l,2.118333333333333
Q3,1988-08-24,ca_mg_l,2.7708333333333335
Q3,1988-08-24,amm_ug_l,38.2
Q3,1988-08-24,k_mg_l,0.5933333333333333
Q3,1988-08-24,nitrate_ug_l,150.44444444444446
Q3,1988-08-24,mg_mg_l,2.118333333333333
Q3,1988-08-24,ca_mg_l,2.7708333333333335
Q3,1988-08-24,amm_ug_l,38.2
Q3,1988-08-24,k_mg_l,0.5933333333333333
Q3,1988-08-24,nitrate_ug_l,150.44444444444446
Q3,1988-08-24,mg_mg_l,2.118333333333333
Q3,1988-08-24,ca_mg_l,2.7708333333333335
Q3,1988-08-24,amm_ug_l,38.2
Q3,1988-08-24,k_mg_l,0.5933333333333333
Q3,1988-08-24,nitrate_ug_l,150.44444444444446
Q3,1988-08-24,mg_mg_l,2.118333333333333
Q3,1988-08-24,ca_mg_l,2.7708333333333335
Q3,1988-08-24,amm_ug_l,38.2
Q3,1988-08-30,k_mg_l,0.60875
Q3,1988-08-30,nitrate_ug_l,158.625
Q3,1988-08-30,mg_mg_l,2.4775
Q3,1988-08-30,ca_mg_l,3.2225
Q3,1988-08-30,amm_ug_l,41.75
Q3,1988-09-06,k_mg_l,0.6366666666666666
Q3,1988-09-06,nitrate_ug_l,168.22222222222223
Q3,1988-09-06,mg_mg_l,2.53
Q3,1988-09-06,ca_mg_l,3.371111111111111
Q3,1988-09-06,amm_ug_l,41.75
Q3,1988-09-13,k_mg_l,0.6275
Q3,1988-09-13,nitrate_ug_l,168.25
Q3,1988-09-13,mg_mg_l,2.48875
Q3,1988-09-13,ca_mg_l,3.33125
Q3,1988-09-13,amm_ug_l,41.75
Q3,1988-09-20,k_mg_l,0.65125
Q3,1988-09-20,nitrate_ug_l,171.25
Q3,1988-09-20,mg_mg_l,2.565
Q3,1988-09-20,ca_mg_l,3.4387499999999998
Q3,1988-09-20,amm_ug_l,53
Q3,1988-09-27,k_mg_l,0.665
Q3,1988-09-27,nitrate_ug_l,176.25
Q3,1988-09-27,mg_mg_l,2.5375
Q3,1988-09-27,ca_mg_l,3.4171428571428573
Q3,1988-09-27,amm_ug_l,53
Q3,1988-10-04,k_mg_l,0.67125
Q3,1988-10-04,nitrate_ug_l,182.75
Q3,1988-10-04,mg_mg_l,2.5324999999999998
Q3,1988-10-04,ca_mg_l,3.4971428571428573
Q3,1988-10-04,amm_ug_l,53
Q3,1988-10-11,k_mg_l,0.68625
Q3,1988-10-11,nitrate_ug_l,184.44444444444446
Q3,1988-10-11,mg_mg_l,2.6325
Q3,1988-10-11,ca_mg_l,3.6671428571428573
Q3,1988-10-11,amm_ug_l,47.5
Q3,1988-10-18,k_mg_l,0.7075
Q3,1988-10-18,nitrate_ug_l,184
Q3,1988-10-18,mg_mg_l,2.6574999999999998
Q3,1988-10-18,ca_mg_l,3.7885714285714287
Q3,1988-10-18,amm_ug_l,57
Q3,1988-10-25,k_mg_l,0.7144444444444444
Q3,1988-10-25,nitrate_ug_l,184
Q3,1988-10-25,mg_mg_l,2.672222222222222
Q3,1988-10-25,ca_mg_l,3.8125
Q3,1988-10-25,amm_ug_l,NA
Q3,1988-11-01,k_mg_l,0.7233333333333333
Q3,1988-11-01,nitrate_ug_l,186.33333333333334
Q3,1988-11-01,mg_mg_l,2.6966666666666668
Q3,1988-11-01,ca_mg_l,3.8449999999999998
Q3,1988-11-01,amm_ug_l,NA
Q3,1988-11-07,k_mg_l,0.7244444444444444
Q3,1988-11-07,nitrate_ug_l,182.22222222222223
Q3,1988-11-07,mg_mg_l,2.7177777777777776
Q3,1988-11-07,ca_mg_l,3.8762499999999998
Q3,1988-11-07,amm_ug_l,NA
Q3,1988-11-15,k_mg_l,0.7366666666666667
Q3,1988-11-15,nitrate_ug_l,191.33333333333334
Q3,1988-11-15,mg_mg_l,2.66
Q3,1988-11-15,ca_mg_l,3.815
Q3,1988-11-15,amm_ug_l,NA
Q3,1988-11-22,k_mg_l,0.7444444444444445
Q3,1988-11-22,nitrate_ug_l,174.44444444444446
Q3,1988-11-22,mg_mg_l,2.668888888888889
Q3,1988-11-22,ca_mg_l,3.84
Q3,1988-11-22,amm_ug_l,NA
Q3,1988-11-29,k_mg_l,0.7611111111111111
Q3,1988-11-29,nitrate_ug_l,177.33333333333334
Q3,1988-11-29,mg_mg_l,2.7344444444444447
Q3,1988-11-29,ca_mg_l,3.862222222222222
Q3,1988-11-29,amm_ug_l,NA
Q3,1988-12-06,k_mg_l,0.7755555555555556
Q3,1988-12-06,nitrate_ug_l,181.77777777777777
Q3,1988-12-06,mg_mg_l,2.7466666666666666
Q3,1988-12-06,ca_mg_l,3.8766666666666665
Q3,1988-12-06,amm_ug_l,NA
Q3,1988-12-13,k_mg_l,0.7955555555555556
Q3,1988-12-13,nitrate_ug_l,184
Q3,1988-12-13,mg_mg_l,2.7511111111111113
Q3,1988-12-13,ca_mg_l,3.888888888888889
Q3,1988-12-13,amm_ug_l,NA
Q3,1988-12-20,k_mg_l,0.7922222222222223
Q3,1988-12-20,nitrate_ug_l,188.88888888888889
Q3,1988-12-20,mg_mg_l,2.761111111111111
Q3,1988-12-20,ca_mg_l,3.87
Q3,1988-12-20,amm_ug_l,NA
Q3,1988-12-27,k_mg_l,0.7866666666666666
Q3,1988-12-27,nitrate_ug_l,184
Q3,1988-12-27,mg_mg_l,2.756666666666667
Q3,1988-12-27,ca_mg_l,3.8355555555555556
Q3,1988-12-27,amm_ug_l,NA
Q3,1989-01-03,k_mg_l,0.7811111111111111
Q3,1989-01-03,nitrate_ug_l,179.77777777777777
Q3,1989-01-03,mg_mg_l,2.7544444444444447
Q3,1989-01-03,ca_mg_l,3.801111111111111
Q3,1989-01-03,amm_ug_l,NA
Q3,1989-01-10,k_mg_l,0.7777777777777778
Q3,1989-01-10,nitrate_ug_l,181.44444444444446
Q3,1989-01-10,mg_mg_l,2.7622222222222224
Q3,1989-01-10,ca_mg_l,3.79
Q3,1989-01-10,amm_ug_l,NA
Q3,1989-01-17,k_mg_l,0.7688888888888888
Q3,1989-01-17,nitrate_ug_l,163.66666666666666
Q3,1989-01-17,mg_mg_l,2.8033333333333332
Q3,1989-01-17,ca_mg_l,3.801111111111111
Q3,1989-01-17,amm_ug_l,NA
Q3,1989-01-24,k_mg_l,0.76
Q3,1989-01-24,nitrate_ug_l,181.77777777777777
Q3,1989-01-24,mg_mg_l,2.8166666666666664
Q3,1989-01-24,ca_mg_l,3.7544444444444443
Q3,1989-01-24,amm_ug_l,NA
Q3,1989-01-31,k_mg_l,0.7388888888888888
Q3,1989-01-31,nitrate_ug_l,180.22222222222223
Q3,1989-01-31,mg_mg_l,2.8144444444444443
Q3,1989-01-31,ca_mg_l,3.6855555555555557
Q3,1989-01-31,amm_ug_l,NA
Q3,1989-02-07,k_mg_l,0.7244444444444444
Q3,1989-02-07,nitrate_ug_l,175.11111111111111
Q3,1989-02-07,mg_mg_l,2.792222222222222
Q3,1989-02-07,ca_mg_l,3.6666666666666665
Q3,1989-02-07,amm_ug_l,NA
Q3,1989-02-14,k_mg_l,0.7066666666666667
Q3,1989-02-14,nitrate_ug_l,167.11111111111111
Q3,1989-02-14,mg_mg_l,2.7455555555555553
Q3,1989-02-14,ca_mg_l,3.6255555555555556
Q3,1989-02-14,amm_ug_l,NA
Q3,1989-02-21,k_mg_l,0.6988888888888889
Q3,1989-02-21,nitrate_ug_l,158.22222222222223
Q3,1989-02-21,mg_mg_l,2.716666666666667
Q3,1989-02-21,ca_mg_l,3.668888888888889
Q3,1989-02-21,amm_ug_l,NA
Q3,1989-02-28,k_mg_l,0.7055555555555555
Q3,1989-02-28,nitrate_ug_l,161
Q3,1989-02-28,mg_mg_l,2.7255555555555557
Q3,1989-02-28,ca_mg_l,3.7399999999999998
Q3,1989-02-28,amm_ug_l,NA
Q3,1989-03-07,k_mg_l,0.7122222222222222
Q3,1989-03-07,nitrate_ug_l,163.77777777777777
Q3,1989-03-07,mg_mg_l,2.76
Q3,1989-03-07,ca_mg_l,3.8533333333333335
Q3,1989-03-07,amm_ug_l,NA
Q3,1989-03-09,k_mg_l,0.7211111111111111
Q3,1989-03-09,nitrate_ug_l,159.66666666666666
Q3,1989-03-09,mg_mg_l,2.7022222222222223
Q3,1989-03-09,ca_mg_l,3.8377777777777777
Q3,1989-03-09,amm_ug_l,NA
Q3,1989-03-14,k_mg_l,0.7211111111111111
Q3,1989-03-14,nitrate_ug_l,159.66666666666666
Q3,1989-03-14,mg_mg_l,2.7022222222222223
Q3,1989-03-14,ca_mg_l,3.8377777777777777
Q3,1989-03-14,amm_ug_l,NA
Q3,1989-03-21,k_mg_l,0.7344444444444445
Q3,1989-03-21,nitrate_ug_l,164.66666666666666
Q3,1989-03-21,mg_mg_l,2.7355555555555555
Q3,1989-03-21,ca_mg_l,3.9033333333333333
Q3,1989-03-21,amm_ug_l,NA
Q3,1989-03-28,k_mg_l,0.7344444444444445
Q3,1989-03-28,nitrate_ug_l,166.55555555555554
Q3,1989-03-28,mg_mg_l,2.7577777777777777
Q3,1989-03-28,ca_mg_l,3.9988888888888887
Q3,1989-03-28,amm_ug_l,NA
Q3,1989-04-04,k_mg_l,0.7488888888888889
Q3,1989-04-04,nitrate_ug_l,164.44444444444446
Q3,1989-04-04,mg_mg_l,2.7711111111111113
Q3,1989-04-04,ca_mg_l,4.073333333333333
Q3,1989-04-04,amm_ug_l,NA
Q3,1989-04-11,k_mg_l,0.7577777777777778
Q3,1989-04-11,nitrate_ug_l,159.88888888888889
Q3,1989-04-11,mg_mg_l,2.8133333333333335
Q3,1989-04-11,ca_mg_l,4.101111111111111
Q3,1989-04-11,amm_ug_l,NA
Q3,1989-04-18,k_mg_l,0.75
Q3,1989-04-18,nitrate_ug_l,159.66666666666666
Q3,1989-04-18,mg_mg_l,2.8744444444444444
Q3,1989-04-18,ca_mg_l,4.188888888888889
Q3,1989-04-18,amm_ug_l,NA
Q3,1989-04-25,k_mg_l,0.7544444444444445
Q3,1989-04-25,nitrate_ug_l,145.22222222222223
Q3,1989-04-25,mg_mg_l,2.9
Q3,1989-04-25,ca_mg_l,4.1755555555555555
Q3,1989-04-25,amm_ug_l,NA
Q3,1989-05-02,k_mg_l,0.7466666666666667
Q3,1989-05-02,nitrate_ug_l,128.11111111111111
Q3,1989-05-02,mg_mg_l,2.951111111111111
Q3,1989-05-02,ca_mg_l,4.111111111111111
Q3,1989-05-02,amm_ug_l,NA
Q3,1989-05-09,k_mg_l,0.7433333333333333
Q3,1989-05-09,nitrate_ug_l,110.22222222222223
Q3,1989-05-09,mg_mg_l,2.8
Q3,1989-05-09,ca_mg_l,3.761111111111111
Q3,1989-05-09,amm_ug_l,NA
Q3,1989-05-16,k_mg_l,0.75
Q3,1989-05-16,nitrate_ug_l,109
Q3,1989-05-16,mg_mg_l,2.8455555555555554
Q3,1989-05-16,ca_mg_l,3.7755555555555556
Q3,1989-05-16,amm_ug_l,NA
Q3,1989-05-23,k_mg_l,0.7511111111111111
Q3,1989-05-23,nitrate_ug_l,92.22222222222223
Q3,1989-05-23,mg_mg_l,2.8066666666666666
Q3,1989-05-23,ca_mg_l,3.7533333333333334
Q3,1989-05-23,amm_ug_l,NA
Q3,1989-05-30,k_mg_l,0.7633333333333333
Q3,1989-05-30,nitrate_ug_l,75.66666666666667
Q3,1989-05-30,mg_mg_l,2.772222222222222
Q3,1989-05-30,ca_mg_l,3.701111111111111
Q3,1989-05-30,amm_ug_l,NA
Q3,1989-06-06,k_mg_l,0.7688888888888888
Q3,1989-06-06,nitrate_ug_l,75.22222222222223
Q3,1989-06-06,mg_mg_l,2.747777777777778
Q3,1989-06-06,ca_mg_l,3.6622222222222223
Q3,1989-06-06,amm_ug_l,NA
Q3,1989-06-13,k_mg_l,0.7888888888888889
Q3,1989-06-13,nitrate_ug_l,90.33333333333333
Q3,1989-06-13,mg_mg_l,2.768888888888889
Q3,1989-06-13,ca_mg_l,3.6822222222222223
Q3,1989-06-13,amm_ug_l,NA
Q3,1989-06-20,k_mg_l,0.8111111111111111
Q3,1989-06-20,nitrate_ug_l,97.33333333333333
Q3,1989-06-20,mg_mg_l,2.781111111111111
Q3,1989-06-20,ca_mg_l,3.6277777777777778
Q3,1989-06-20,amm_ug_l,NA
Q3,1989-06-27,k_mg_l,0.8044444444444444
Q3,1989-06-27,nitrate_ug_l,111.22222222222223
Q3,1989-06-27,mg_mg_l,2.626666666666667
Q3,1989-06-27,ca_mg_l,3.4266666666666667
Q3,1989-06-27,amm_ug_l,NA
Q3,1989-07-05,k_mg_l,0.8088888888888889
Q3,1989-07-05,nitrate_ug_l,130.5
Q3,1989-07-05,mg_mg_l,2.334
Q3,1989-07-05,ca_mg_l,3.456
Q3,1989-07-05,amm_ug_l,NA
Q3,1989-07-11,k_mg_l,0.81625
Q3,1989-07-11,nitrate_ug_l,143.88888888888889
Q3,1989-07-11,mg_mg_l,2.4166666666666665
Q3,1989-07-11,ca_mg_l,3.6944444444444446
Q3,1989-07-11,amm_ug_l,NA
Q3,1989-07-18,k_mg_l,0.80625
Q3,1989-07-18,nitrate_ug_l,139.66666666666666
Q3,1989-07-18,mg_mg_l,2.4266666666666667
Q3,1989-07-18,ca_mg_l,3.6833333333333336
Q3,1989-07-18,amm_ug_l,NA
Q3,1989-07-26,k_mg_l,0.878
Q3,1989-07-26,nitrate_ug_l,155.875
Q3,1989-07-26,mg_mg_l,2.482727272727273
Q3,1989-07-26,ca_mg_l,3.4336363636363636
Q3,1989-07-26,amm_ug_l,NA
Q3,1989-08-01,k_mg_l,0.8855555555555555
Q3,1989-08-01,nitrate_ug_l,172.28571428571428
Q3,1989-08-01,mg_mg_l,2.458
Q3,1989-08-01,ca_mg_l,3.3970000000000002
Q3,1989-08-01,amm_ug_l,NA
Q3,1989-08-08,k_mg_l,0.915
Q3,1989-08-08,nitrate_ug_l,157
Q3,1989-08-08,mg_mg_l,2.488
Q3,1989-08-08,ca_mg_l,3.412
Q3,1989-08-08,amm_ug_l,NA
Q3,1989-08-15,k_mg_l,0.913
Q3,1989-08-15,nitrate_ug_l,138.5
Q3,1989-08-15,mg_mg_l,2.465
Q3,1989-08-15,ca_mg_l,3.387
Q3,1989-08-15,amm_ug_l,NA
Q3,1989-08-22,k_mg_l,0.963
Q3,1989-08-22,nitrate_ug_l,132.83333333333334
Q3,1989-08-22,mg_mg_l,2.497
Q3,1989-08-22,ca_mg_l,3.4290000000000003
Q3,1989-08-22,amm_ug_l,NA
Q3,1989-08-29,k_mg_l,1.031
Q3,1989-08-29,nitrate_ug_l,176.5
Q3,1989-08-29,mg_mg_l,2.676
Q3,1989-08-29,ca_mg_l,3.638
Q3,1989-08-29,amm_ug_l,NA
Q3,1989-09-05,k_mg_l,1.0718181818181818
Q3,1989-09-05,nitrate_ug_l,234.66666666666666
Q3,1989-09-05,mg_mg_l,3.083
Q3,1989-09-05,ca_mg_l,3.761
Q3,1989-09-05,amm_ug_l,NA
Q3,1989-09-12,k_mg_l,1.3575
Q3,1989-09-12,nitrate_ug_l,409.57142857142856
Q3,1989-09-12,mg_mg_l,3.210909090909091
Q3,1989-09-12,ca_mg_l,3.7454545454545456
Q3,1989-09-12,amm_ug_l,NA
Q3,1989-09-20,k_mg_l,1.426153846153846
Q3,1989-09-20,nitrate_ug_l,444.625
Q3,1989-09-20,mg_mg_l,3.2675
Q3,1989-09-20,ca_mg_l,3.5933333333333333
Q3,1989-09-20,amm_ug_l,NA
Q3,1989-09-22,k_mg_l,1.426153846153846
Q3,1989-09-22,nitrate_ug_l,444.625
Q3,1989-09-22,mg_mg_l,3.2675
Q3,1989-09-22,ca_mg_l,3.5933333333333333
Q3,1989-09-22,amm_ug_l,NA
Q3,1989-09-26,k_mg_l,1.4708333333333334
Q3,1989-09-26,nitrate_ug_l,444.625
Q3,1989-09-26,mg_mg_l,3.325454545454545
Q3,1989-09-26,ca_mg_l,3.6163636363636367
Q3,1989-09-26,amm_ug_l,NA
Q3,1989-09-26,k_mg_l,1.4708333333333334
Q3,1989-09-26,nitrate_ug_l,444.625
Q3,1989-09-26,mg_mg_l,3.325454545454545
Q3,1989-09-26,ca_mg_l,3.6163636363636367
Q3,1989-09-26,amm_ug_l,NA
Q3,1989-10-03,k_mg_l,1.500909090909091
Q3,1989-10-03,nitrate_ug_l,431.6666666666667
Q3,1989-10-03,mg_mg_l,3.465
Q3,1989-10-03,ca_mg_l,3.9450000000000003
Q3,1989-10-03,amm_ug_l,NA
Q3,1989-10-05,k_mg_l,1.499090909090909
Q3,1989-10-05,nitrate_ug_l,460.8888888888889
Q3,1989-10-05,mg_mg_l,3.502
Q3,1989-10-05,ca_mg_l,4.057
Q3,1989-10-05,amm_ug_l,NA
Q3,1989-10-10,k_mg_l,1.549
Q3,1989-10-10,nitrate_ug_l,460.8888888888889
Q3,1989-10-10,mg_mg_l,3.502
Q3,1989-10-10,ca_mg_l,4.057
Q3,1989-10-10,amm_ug_l,NA
Q3,1989-10-17,k_mg_l,1.557
Q3,1989-10-17,nitrate_ug_l,415.8
Q3,1989-10-17,mg_mg_l,3.556
Q3,1989-10-17,ca_mg_l,4.1770000000000005
Q3,1989-10-17,amm_ug_l,NA
Q3,1989-10-24,k_mg_l,1.524
Q3,1989-10-24,nitrate_ug_l,428.8
Q3,1989-10-24,mg_mg_l,3.573
Q3,1989-10-24,ca_mg_l,4.2700000000000005
Q3,1989-10-24,amm_ug_l,NA
Q3,1989-10-31,k_mg_l,1.4889999999999999
Q3,1989-10-31,nitrate_ug_l,424.5
Q3,1989-10-31,mg_mg_l,3.586
Q3,1989-10-31,ca_mg_l,4.354
Q3,1989-10-31,amm_ug_l,NA
Q3,1989-11-07,k_mg_l,1.587
Q3,1989-11-07,nitrate_ug_l,407
Q3,1989-11-07,mg_mg_l,3.549
Q3,1989-11-07,ca_mg_l,4.404
Q3,1989-11-07,amm_ug_l,NA
Q3,1989-11-08,k_mg_l,1.526
Q3,1989-11-08,nitrate_ug_l,367.77777777777777
Q3,1989-11-08,mg_mg_l,3.539
Q3,1989-11-08,ca_mg_l,4.491
Q3,1989-11-08,amm_ug_l,NA
Q3,1989-11-14,k_mg_l,1.3133333333333332
Q3,1989-11-14,nitrate_ug_l,300.625
Q3,1989-11-14,mg_mg_l,3.5244444444444443
Q3,1989-11-14,ca_mg_l,4.62
Q3,1989-11-14,amm_ug_l,NA
Q3,1989-11-21,k_mg_l,1.2833333333333332
Q3,1989-11-21,nitrate_ug_l,249.625
Q3,1989-11-21,mg_mg_l,3.5433333333333334
Q3,1989-11-21,ca_mg_l,5.018888888888889
Q3,1989-11-21,amm_ug_l,NA
Q3,1989-11-28,k_mg_l,1.268888888888889
Q3,1989-11-28,nitrate_ug_l,218.625
Q3,1989-11-28,mg_mg_l,3.5666666666666664
Q3,1989-11-28,ca_mg_l,5.1433333333333335
Q3,1989-11-28,amm_ug_l,NA
Q3,1989-12-05,k_mg_l,1.29
Q3,1989-12-05,nitrate_ug_l,181.875
Q3,1989-12-05,mg_mg_l,3.5777777777777775
Q3,1989-12-05,ca_mg_l,5.185555555555555
Q3,1989-12-05,amm_ug_l,NA
Q3,1989-12-12,k_mg_l,1.3111111111111111
Q3,1989-12-12,nitrate_ug_l,191.875
Q3,1989-12-12,mg_mg_l,3.578888888888889
Q3,1989-12-12,ca_mg_l,5.202222222222222
Q3,1989-12-12,amm_ug_l,NA
Q3,1989-12-19,k_mg_l,1.3588888888888888
Q3,1989-12-19,nitrate_ug_l,256.875
Q3,1989-12-19,mg_mg_l,3.5955555555555554
Q3,1989-12-19,ca_mg_l,5.2
Q3,1989-12-19,amm_ug_l,NA
Q3,1989-12-26,k_mg_l,1.4155555555555555
Q3,1989-12-26,nitrate_ug_l,268.375
Q3,1989-12-26,mg_mg_l,3.598888888888889
Q3,1989-12-26,ca_mg_l,5.1722222222222225
Q3,1989-12-26,amm_ug_l,NA
Q3,1990-01-02,k_mg_l,1.4577777777777778
Q3,1990-01-02,nitrate_ug_l,262.375
Q3,1990-01-02,mg_mg_l,3.61
Q3,1990-01-02,ca_mg_l,5.15
Q3,1990-01-02,amm_ug_l,NA
Q3,1990-01-09,k_mg_l,1.3244444444444445
Q3,1990-01-09,nitrate_ug_l,268.55555555555554
Q3,1990-01-09,mg_mg_l,3.598888888888889
Q3,1990-01-09,ca_mg_l,5.167777777777777
Q3,1990-01-09,amm_ug_l,NA
Q3,1990-01-16,k_mg_l,1.4122222222222223
Q3,1990-01-16,nitrate_ug_l,241
Q3,1990-01-16,mg_mg_l,3.46
Q3,1990-01-16,ca_mg_l,4.963333333333333
Q3,1990-01-16,amm_ug_l,NA
Q3,1990-01-23,k_mg_l,1.4322222222222223
Q3,1990-01-23,nitrate_ug_l,320.44444444444446
Q3,1990-01-23,mg_mg_l,3.4277777777777776
Q3,1990-01-23,ca_mg_l,4.886666666666667
Q3,1990-01-23,amm_ug_l,NA
Q3,1990-01-30,k_mg_l,1.4522222222222223
Q3,1990-01-30,nitrate_ug_l,381.77777777777777
Q3,1990-01-30,mg_mg_l,3.3755555555555556
Q3,1990-01-30,ca_mg_l,4.81
Q3,1990-01-30,amm_ug_l,NA
Q3,1990-02-06,k_mg_l,1.44
Q3,1990-02-06,nitrate_ug_l,425.25
Q3,1990-02-06,mg_mg_l,3.3733333333333335
Q3,1990-02-06,ca_mg_l,4.773333333333333
Q3,1990-02-06,amm_ug_l,NA
Q3,1990-02-13,k_mg_l,1.4355555555555555
Q3,1990-02-13,nitrate_ug_l,404
Q3,1990-02-13,mg_mg_l,3.3966666666666665
Q3,1990-02-13,ca_mg_l,4.767777777777778
Q3,1990-02-13,amm_ug_l,NA
Q3,1990-02-20,k_mg_l,1.4055555555555554
Q3,1990-02-20,nitrate_ug_l,356.25
Q3,1990-02-20,mg_mg_l,3.3855555555555554
Q3,1990-02-20,ca_mg_l,4.767777777777778
Q3,1990-02-20,amm_ug_l,NA
Q3,1990-02-27,k_mg_l,1.4246153846153846
Q3,1990-02-27,nitrate_ug_l,384.5
Q3,1990-02-27,mg_mg_l,2.663846153846154
Q3,1990-02-27,ca_mg_l,3.7192307692307693
Q3,1990-02-27,amm_ug_l,NA
Q3,1990-03-06,k_mg_l,1.406153846153846
Q3,1990-03-06,nitrate_ug_l,380.25
Q3,1990-03-06,mg_mg_l,2.644615384615385
Q3,1990-03-06,ca_mg_l,3.683076923076923
Q3,1990-03-06,amm_ug_l,NA
Q3,1990-03-13,k_mg_l,1.4185714285714286
Q3,1990-03-13,nitrate_ug_l,387.3076923076923
Q3,1990-03-13,mg_mg_l,2.584285714285714
Q3,1990-03-13,ca_mg_l,3.593571428571429
Q3,1990-03-13,amm_ug_l,NA
Q3,1990-03-20,k_mg_l,1.372142857142857
Q3,1990-03-20,nitrate_ug_l,411.6923076923077
Q3,1990-03-20,mg_mg_l,2.65
Q3,1990-03-20,ca_mg_l,3.680714285714286
Q3,1990-03-20,amm_ug_l,NA
Q3,1990-03-27,k_mg_l,1.3571428571428572
Q3,1990-03-27,nitrate_ug_l,375.0769230769231
Q3,1990-03-27,mg_mg_l,2.662857142857143
Q3,1990-03-27,ca_mg_l,3.692142857142857
Q3,1990-03-27,amm_ug_l,NA
Q3,1990-04-03,k_mg_l,1.3478571428571429
Q3,1990-04-03,nitrate_ug_l,352.3076923076923
Q3,1990-04-03,mg_mg_l,2.6742857142857144
Q3,1990-04-03,ca_mg_l,3.6885714285714286
Q3,1990-04-03,amm_ug_l,NA
Q3,1990-04-10,k_mg_l,1.35
Q3,1990-04-10,nitrate_ug_l,340.57142857142856
Q3,1990-04-10,mg_mg_l,2.682142857142857
Q3,1990-04-10,ca_mg_l,3.6792857142857143
Q3,1990-04-10,amm_ug_l,NA
Q3,1990-04-17,k_mg_l,1.3585714285714285
Q3,1990-04-17,nitrate_ug_l,335.5
Q3,1990-04-17,mg_mg_l,2.6835714285714287
Q3,1990-04-17,ca_mg_l,3.6542857142857144
Q3,1990-04-17,amm_ug_l,NA
Q3,1990-04-24,k_mg_l,1.365
Q3,1990-04-24,nitrate_ug_l,349
Q3,1990-04-24,mg_mg_l,2.670714285714286
Q3,1990-04-24,ca_mg_l,3.611428571428571
Q3,1990-04-24,amm_ug_l,NA
Q3,1990-04-25,k_mg_l,1.3707142857142858
Q3,1990-04-25,nitrate_ug_l,375.35714285714283
Q3,1990-04-25,mg_mg_l,2.6092857142857144
Q3,1990-04-25,ca_mg_l,3.512857142857143
Q3,1990-04-25,amm_ug_l,NA
Q3,1990-04-25,k_mg_l,1.3707142857142858
Q3,1990-04-25,nitrate_ug_l,375.35714285714283
Q3,1990-04-25,mg_mg_l,2.6092857142857144
Q3,1990-04-25,ca_mg_l,3.512857142857143
Q3,1990-04-25,amm_ug_l,NA
Q3,1990-04-25,k_mg_l,1.3707142857142858
Q3,1990-04-25,nitrate_ug_l,375.35714285714283
Q3,1990-04-25,mg_mg_l,2.6092857142857144
Q3,1990-04-25,ca_mg_l,3.512857142857143
Q3,1990-04-25,amm_ug_l,NA
Q3,1990-04-26,k_mg_l,1.3136363636363637
Q3,1990-04-26,nitrate_ug_l,314.3636363636364
Q3,1990-04-26,mg_mg_l,3.1645454545454546
Q3,1990-04-26,ca_mg_l,4.2718181818181815
Q3,1990-04-26,amm_ug_l,NA
Q3,1990-05-01,k_mg_l,1.3
Q3,1990-05-01,nitrate_ug_l,310.6
Q3,1990-05-01,mg_mg_l,3.241
Q3,1990-05-01,ca_mg_l,4.391
Q3,1990-05-01,amm_ug_l,NA
Q3,1990-05-08,k_mg_l,1.304
Q3,1990-05-08,nitrate_ug_l,308
Q3,1990-05-08,mg_mg_l,3.278
Q3,1990-05-08,ca_mg_l,4.443
Q3,1990-05-08,amm_ug_l,NA
Q3,1990-05-10,k_mg_l,1.293
Q3,1990-05-10,nitrate_ug_l,333.1
Q3,1990-05-10,mg_mg_l,3.299
Q3,1990-05-10,ca_mg_l,4.461
Q3,1990-05-10,amm_ug_l,NA
Q3,1990-05-15,k_mg_l,1.26
Q3,1990-05-15,nitrate_ug_l,283.44444444444446
Q3,1990-05-15,mg_mg_l,3.4411111111111112
Q3,1990-05-15,ca_mg_l,4.641111111111111
Q3,1990-05-15,amm_ug_l,NA
Q3,1990-05-22,k_mg_l,1.2277777777777779
Q3,1990-05-22,nitrate_ug_l,252.77777777777777
Q3,1990-05-22,mg_mg_l,3.486666666666667
Q3,1990-05-22,ca_mg_l,4.721111111111111
Q3,1990-05-22,amm_ug_l,NA
Q3,1990-05-29,k_mg_l,1.2222222222222223
Q3,1990-05-29,nitrate_ug_l,250
Q3,1990-05-29,mg_mg_l,3.3133333333333335
Q3,1990-05-29,ca_mg_l,4.507777777777777
Q3,1990-05-29,amm_ug_l,NA
Q3,1990-06-05,k_mg_l,1.1855555555555555
Q3,1990-06-05,nitrate_ug_l,224.25
Q3,1990-06-05,mg_mg_l,3.3677777777777775
Q3,1990-06-05,ca_mg_l,4.614444444444445
Q3,1990-06-05,amm_ug_l,NA
Q3,1990-06-12,k_mg_l,1.1566666666666667
Q3,1990-06-12,nitrate_ug_l,227.125
Q3,1990-06-12,mg_mg_l,3.411111111111111
Q3,1990-06-12,ca_mg_l,4.724444444444444
Q3,1990-06-12,amm_ug_l,NA
Q3,1990-06-19,k_mg_l,1.1377777777777778
Q3,1990-06-19,nitrate_ug_l,260.875
Q3,1990-06-19,mg_mg_l,3.3255555555555554
Q3,1990-06-19,ca_mg_l,5.166666666666667
Q3,1990-06-19,amm_ug_l,NA
Q3,1990-06-26,k_mg_l,1.1133333333333333
Q3,1990-06-26,nitrate_ug_l,245.625
Q3,1990-06-26,mg_mg_l,3.3377777777777777
Q3,1990-06-26,ca_mg_l,5.225555555555555
Q3,1990-06-26,amm_ug_l,NA
Q3,1990-07-03,k_mg_l,1.0855555555555556
Q3,1990-07-03,nitrate_ug_l,215.625
Q3,1990-07-03,mg_mg_l,3.421111111111111
Q3,1990-07-03,ca_mg_l,5.384444444444444
Q3,1990-07-03,amm_ug_l,NA
Q3,1990-07-10,k_mg_l,1.0666666666666667
Q3,1990-07-10,nitrate_ug_l,187.375
Q3,1990-07-10,mg_mg_l,3.4144444444444444
Q3,1990-07-10,ca_mg_l,5.423333333333333
Q3,1990-07-10,amm_ug_l,NA
Q3,1990-07-17,k_mg_l,1.0477777777777777
Q3,1990-07-17,nitrate_ug_l,156.125
Q3,1990-07-17,mg_mg_l,3.397777777777778
Q3,1990-07-17,ca_mg_l,5.452222222222222
Q3,1990-07-17,amm_ug_l,NA
Q3,1990-07-24,k_mg_l,1.038888888888889
Q3,1990-07-24,nitrate_ug_l,154.375
Q3,1990-07-24,mg_mg_l,3.3788888888888886
Q3,1990-07-24,ca_mg_l,5.44
Q3,1990-07-24,amm_ug_l,NA
Q3,1990-07-31,k_mg_l,1.0055555555555555
Q3,1990-07-31,nitrate_ug_l,148.88888888888889
Q3,1990-07-31,mg_mg_l,3.5477777777777777
Q3,1990-07-31,ca_mg_l,5.71
Q3,1990-07-31,amm_ug_l,NA
Q3,1990-08-07,k_mg_l,0.9944444444444445
Q3,1990-08-07,nitrate_ug_l,151.77777777777777
Q3,1990-08-07,mg_mg_l,3.4522222222222223
Q3,1990-08-07,ca_mg_l,5.593333333333334
Q3,1990-08-07,amm_ug_l,NA
Q3,1990-08-14,k_mg_l,0.9988888888888889
Q3,1990-08-14,nitrate_ug_l,138.66666666666666
Q3,1990-08-14,mg_mg_l,3.3744444444444444
Q3,1990-08-14,ca_mg_l,5.484444444444445
Q3,1990-08-14,amm_ug_l,NA
Q3,1990-08-21,k_mg_l,0.9788888888888889
Q3,1990-08-21,nitrate_ug_l,103.55555555555556
Q3,1990-08-21,mg_mg_l,3.6333333333333333
Q3,1990-08-21,ca_mg_l,5.666666666666667
Q3,1990-08-21,amm_ug_l,NA
Q3,1990-08-28,k_mg_l,0.9677777777777777
Q3,1990-08-28,nitrate_ug_l,99.77777777777777
Q3,1990-08-28,mg_mg_l,3.562222222222222
Q3,1990-08-28,ca_mg_l,5.5777777777777775
Q3,1990-08-28,amm_ug_l,NA
Q3,1990-09-04,k_mg_l,0.9611111111111111
Q3,1990-09-04,nitrate_ug_l,95.88888888888889
Q3,1990-09-04,mg_mg_l,3.361111111111111
Q3,1990-09-04,ca_mg_l,5.466666666666667
Q3,1990-09-04,amm_ug_l,NA
Q3,1990-09-11,k_mg_l,0.9577777777777777
Q3,1990-09-11,nitrate_ug_l,114.55555555555556
Q3,1990-09-11,mg_mg_l,3.2544444444444447
Q3,1990-09-11,ca_mg_l,5.295555555555556
Q3,1990-09-11,amm_ug_l,NA
Q3,1990-09-18,k_mg_l,0.9511111111111111
Q3,1990-09-18,nitrate_ug_l,131.44444444444446
Q3,1990-09-18,mg_mg_l,3.2377777777777776
Q3,1990-09-18,ca_mg_l,5.217777777777778
Q3,1990-09-18,amm_ug_l,NA
Q3,1990-09-25,k_mg_l,0.9388888888888889
Q3,1990-09-25,nitrate_ug_l,141.22222222222223
Q3,1990-09-25,mg_mg_l,3.24
Q3,1990-09-25,ca_mg_l,5.176666666666667
Q3,1990-09-25,amm_ug_l,NA
Q3,1990-10-02,k_mg_l,0.9288888888888889
Q3,1990-10-02,nitrate_ug_l,155.55555555555554
Q3,1990-10-02,mg_mg_l,3.2066666666666666
Q3,1990-10-02,ca_mg_l,5.098888888888889
Q3,1990-10-02,amm_ug_l,NA
Q3,1990-10-09,k_mg_l,0.9339999999999999
Q3,1990-10-09,nitrate_ug_l,155.11111111111111
Q3,1990-10-09,mg_mg_l,2.934
Q3,1990-10-09,ca_mg_l,5.102
Q3,1990-10-09,amm_ug_l,NA
Q3,1990-10-16,k_mg_l,0.9890909090909091
Q3,1990-10-16,nitrate_ug_l,167.5
Q3,1990-10-16,mg_mg_l,2.8372727272727274
Q3,1990-10-16,ca_mg_l,4.911818181818182
Q3,1990-10-16,amm_ug_l,NA
Q3,1990-10-23,k_mg_l,0.9718181818181818
Q3,1990-10-23,nitrate_ug_l,188.9
Q3,1990-10-23,mg_mg_l,2.6772727272727272
Q3,1990-10-23,ca_mg_l,4.41
Q3,1990-10-23,amm_ug_l,NA
Q3,1990-10-30,k_mg_l,0.9825
Q3,1990-10-30,nitrate_ug_l,189.9090909090909
Q3,1990-10-30,mg_mg_l,2.6966666666666668
Q3,1990-10-30,ca_mg_l,4.3775
Q3,1990-10-30,amm_ug_l,NA
Q3,1990-11-06,k_mg_l,0.9854545454545455
Q3,1990-11-06,nitrate_ug_l,198.5
Q3,1990-11-06,mg_mg_l,2.787272727272727
Q3,1990-11-06,ca_mg_l,4.39
Q3,1990-11-06,amm_ug_l,NA
Q3,1990-11-13,k_mg_l,0.9927272727272728
Q3,1990-11-13,nitrate_ug_l,197.5
Q3,1990-11-13,mg_mg_l,2.8363636363636364
Q3,1990-11-13,ca_mg_l,4.458181818181818
Q3,1990-11-13,amm_ug_l,NA
Q3,1990-11-20,k_mg_l,0.9763636363636363
Q3,1990-11-20,nitrate_ug_l,201.33333333333334
Q3,1990-11-20,mg_mg_l,2.820909090909091
Q3,1990-11-20,ca_mg_l,4.446363636363636
Q3,1990-11-20,amm_ug_l,NA
Q3,1990-11-27,k_mg_l,0.9681818181818181
Q3,1990-11-27,nitrate_ug_l,194.66666666666666
Q3,1990-11-27,mg_mg_l,2.8181818181818183
Q3,1990-11-27,ca_mg_l,4.439090909090909
Q3,1990-11-27,amm_ug_l,NA
Q3,1990-12-04,k_mg_l,0.9636363636363636
Q3,1990-12-04,nitrate_ug_l,189.75
Q3,1990-12-04,mg_mg_l,2.8354545454545454
Q3,1990-12-04,ca_mg_l,4.693636363636363
Q3,1990-12-04,amm_ug_l,NA
Q3,1990-12-04,k_mg_l,0.9636363636363636
Q3,1990-12-04,nitrate_ug_l,189.75
Q3,1990-12-04,mg_mg_l,2.8354545454545454
Q3,1990-12-04,ca_mg_l,4.693636363636363
Q3,1990-12-04,amm_ug_l,NA
Q3,1990-12-11,k_mg_l,0.9460000000000001
Q3,1990-12-11,nitrate_ug_l,170.625
Q3,1990-12-11,mg_mg_l,3.08
Q3,1990-12-11,ca_mg_l,4.6770000000000005
Q3,1990-12-11,amm_ug_l,NA
Q3,1990-12-14,k_mg_l,0.9540000000000001
Q3,1990-12-14,nitrate_ug_l,173.5
Q3,1990-12-14,mg_mg_l,3.6
Q3,1990-12-14,ca_mg_l,4.713
Q3,1990-12-14,amm_ug_l,NA
Q3,1990-12-18,k_mg_l,0.8644444444444445
Q3,1990-12-18,nitrate_ug_l,161.42857142857142
Q3,1990-12-18,mg_mg_l,3.8088888888888888
Q3,1990-12-18,ca_mg_l,4.93
Q3,1990-12-18,amm_ug_l,NA
Q3,1990-12-25,k_mg_l,0.8788888888888889
Q3,1990-12-25,nitrate_ug_l,159.14285714285714
Q3,1990-12-25,mg_mg_l,3.711111111111111
Q3,1990-12-25,ca_mg_l,4.842222222222222
Q3,1990-12-25,amm_ug_l,NA
Q3,1990-12-31,k_mg_l,0.8688888888888889
Q3,1990-12-31,nitrate_ug_l,157
Q3,1990-12-31,mg_mg_l,3.6977777777777776
Q3,1990-12-31,ca_mg_l,4.7844444444444445
Q3,1990-12-31,amm_ug_l,NA
Q3,1991-01-08,k_mg_l,0.8222222222222222
Q3,1991-01-08,nitrate_ug_l,153.57142857142858
Q3,1991-01-08,mg_mg_l,3.811111111111111
Q3,1991-01-08,ca_mg_l,4.956666666666667
Q3,1991-01-08,amm_ug_l,NA
Q3,1991-01-15,k_mg_l,0.7888888888888889
Q3,1991-01-15,nitrate_ug_l,154.28571428571428
Q3,1991-01-15,mg_mg_l,3.8155555555555556
Q3,1991-01-15,ca_mg_l,4.995555555555556
Q3,1991-01-15,amm_ug_l,NA
Q3,1991-01-22,k_mg_l,0.7922222222222223
Q3,1991-01-22,nitrate_ug_l,163.625
Q3,1991-01-22,mg_mg_l,3.812222222222222
Q3,1991-01-22,ca_mg_l,5.0200000000000005
Q3,1991-01-22,amm_ug_l,NA
Q3,1991-01-29,k_mg_l,0.7844444444444444
Q3,1991-01-29,nitrate_ug_l,168.75
Q3,1991-01-29,mg_mg_l,3.8066666666666666
Q3,1991-01-29,ca_mg_l,5.0633333333333335
Q3,1991-01-29,amm_ug_l,NA
Q3,1991-02-05,k_mg_l,0.7811111111111111
Q3,1991-02-05,nitrate_ug_l,158.88888888888889
Q3,1991-02-05,mg_mg_l,3.82
Q3,1991-02-05,ca_mg_l,4.802222222222222
Q3,1991-02-05,amm_ug_l,NA
Q3,1991-02-12,k_mg_l,0.79
Q3,1991-02-12,nitrate_ug_l,146.3
Q3,1991-02-12,mg_mg_l,3.772
Q3,1991-02-12,ca_mg_l,4.788
Q3,1991-02-12,amm_ug_l,NA
Q3,1991-02-19,k_mg_l,0.7777777777777778
Q3,1991-02-19,nitrate_ug_l,147.33333333333334
Q3,1991-02-19,mg_mg_l,3.2244444444444444
Q3,1991-02-19,ca_mg_l,4.716666666666667
Q3,1991-02-19,amm_ug_l,NA
Q3,1991-02-26,k_mg_l,0.7866666666666666
Q3,1991-02-26,nitrate_ug_l,118.22222222222223
Q3,1991-02-26,mg_mg_l,3.2844444444444445
Q3,1991-02-26,ca_mg_l,4.772222222222222
Q3,1991-02-26,amm_ug_l,NA
Q3,1991-03-05,k_mg_l,0.7944444444444444
Q3,1991-03-05,nitrate_ug_l,109.11111111111111
Q3,1991-03-05,mg_mg_l,3.1277777777777778
Q3,1991-03-05,ca_mg_l,4.593333333333334
Q3,1991-03-05,amm_ug_l,NA
Q3,1991-03-12,k_mg_l,0.8111111111111111
Q3,1991-03-12,nitrate_ug_l,92.22222222222223
Q3,1991-03-12,mg_mg_l,3.17
Q3,1991-03-12,ca_mg_l,4.4688888888888885
Q3,1991-03-12,amm_ug_l,NA
Q3,1991-03-19,k_mg_l,0.8233333333333334
Q3,1991-03-19,nitrate_ug_l,82.125
Q3,1991-03-19,mg_mg_l,3.187777777777778
Q3,1991-03-19,ca_mg_l,4.322222222222222
Q3,1991-03-19,amm_ug_l,NA
Q3,1991-03-22,k_mg_l,0.8433333333333333
Q3,1991-03-22,nitrate_ug_l,59.125
Q3,1991-03-22,mg_mg_l,3.2344444444444442
Q3,1991-03-22,ca_mg_l,4.3677777777777775
Q3,1991-03-22,amm_ug_l,NA
Q3,1991-03-26,k_mg_l,0.8433333333333333
Q3,1991-03-26,nitrate_ug_l,59.125
Q3,1991-03-26,mg_mg_l,3.2344444444444442
Q3,1991-03-26,ca_mg_l,4.3677777777777775
Q3,1991-03-26,amm_ug_l,NA
Q3,1991-04-02,k_mg_l,0.865
Q3,1991-04-02,nitrate_ug_l,49.875
Q3,1991-04-02,mg_mg_l,3.214
Q3,1991-04-02,ca_mg_l,4.35
Q3,1991-04-02,amm_ug_l,NA
Q3,1991-04-09,k_mg_l,0.881
Q3,1991-04-09,nitrate_ug_l,41.5
Q3,1991-04-09,mg_mg_l,3.21
Q3,1991-04-09,ca_mg_l,4.214
Q3,1991-04-09,amm_ug_l,NA
Q3,1991-04-15,k_mg_l,0.897
Q3,1991-04-15,nitrate_ug_l,51.75
Q3,1991-04-15,mg_mg_l,3.23
Q3,1991-04-15,ca_mg_l,4.237
Q3,1991-04-15,amm_ug_l,NA
Q3,1991-04-23,k_mg_l,0.893
Q3,1991-04-23,nitrate_ug_l,67.75
Q3,1991-04-23,mg_mg_l,3.27
Q3,1991-04-23,ca_mg_l,4.284
Q3,1991-04-23,amm_ug_l,NA
Q3,1991-04-30,k_mg_l,0.889
Q3,1991-04-30,nitrate_ug_l,63
Q3,1991-04-30,mg_mg_l,3.305
Q3,1991-04-30,ca_mg_l,4.189
Q3,1991-04-30,amm_ug_l,NA
Q3,1991-05-07,k_mg_l,0.889
Q3,1991-05-07,nitrate_ug_l,74.5
Q3,1991-05-07,mg_mg_l,3.441
Q3,1991-05-07,ca_mg_l,4.262
Q3,1991-05-07,amm_ug_l,NA
Q3,1991-05-14,k_mg_l,0.883
Q3,1991-05-14,nitrate_ug_l,87.25
Q3,1991-05-14,mg_mg_l,3.385
Q3,1991-05-14,ca_mg_l,4.244
Q3,1991-05-14,amm_ug_l,NA
Q3,1991-05-21,k_mg_l,0.929
Q3,1991-05-21,nitrate_ug_l,87.25
Q3,1991-05-21,mg_mg_l,3.391
Q3,1991-05-21,ca_mg_l,4.38
Q3,1991-05-21,amm_ug_l,NA
Q3,1991-05-28,k_mg_l,0.907
Q3,1991-05-28,nitrate_ug_l,101.375
Q3,1991-05-28,mg_mg_l,3.344
Q3,1991-05-28,ca_mg_l,4.376
Q3,1991-05-28,amm_ug_l,NA
Q3,1991-05-31,k_mg_l,0.887
Q3,1991-05-31,nitrate_ug_l,92.875
Q3,1991-05-31,mg_mg_l,3.363
Q3,1991-05-31,ca_mg_l,4.308
Q3,1991-05-31,amm_ug_l,NA
Q3,1991-06-01,k_mg_l,0.8855555555555555
Q3,1991-06-01,nitrate_ug_l,92.875
Q3,1991-06-01,mg_mg_l,3.3577777777777778
Q3,1991-06-01,ca_mg_l,4.3822222222222225
Q3,1991-06-01,amm_ug_l,NA
Q3,1991-06-04,k_mg_l,0.8855555555555555
Q3,1991-06-04,nitrate_ug_l,92.875
Q3,1991-06-04,mg_mg_l,3.3577777777777778
Q3,1991-06-04,ca_mg_l,4.3822222222222225
Q3,1991-06-04,amm_ug_l,NA
Q3,1991-06-11,k_mg_l,0.8688888888888889
Q3,1991-06-11,nitrate_ug_l,130.5
Q3,1991-06-11,mg_mg_l,3.418888888888889
Q3,1991-06-11,ca_mg_l,4.426666666666667
Q3,1991-06-11,amm_ug_l,NA
Q3,1991-06-18,k_mg_l,0.8588888888888889
Q3,1991-06-18,nitrate_ug_l,118.625
Q3,1991-06-18,mg_mg_l,3.535555555555556
Q3,1991-06-18,ca_mg_l,4.447777777777778
Q3,1991-06-18,amm_ug_l,NA
Q3,1991-06-25,k_mg_l,0.85375
Q3,1991-06-25,nitrate_ug_l,101.625
Q3,1991-06-25,mg_mg_l,3.6233333333333335
Q3,1991-06-25,ca_mg_l,4.555555555555555
Q3,1991-06-25,amm_ug_l,NA
Q3,1991-07-02,k_mg_l,1.0433333333333334
Q3,1991-07-02,nitrate_ug_l,98.11111111111111
Q3,1991-07-02,mg_mg_l,3.365
Q3,1991-07-02,ca_mg_l,4.406
Q3,1991-07-02,amm_ug_l,NA
Q3,1991-07-09,k_mg_l,1.0455555555555556
Q3,1991-07-09,nitrate_ug_l,103.44444444444444
Q3,1991-07-09,mg_mg_l,3.37
Q3,1991-07-09,ca_mg_l,4.51
Q3,1991-07-09,amm_ug_l,NA
Q3,1991-07-16,k_mg_l,1.031111111111111
Q3,1991-07-16,nitrate_ug_l,100.66666666666667
Q3,1991-07-16,mg_mg_l,3.309
Q3,1991-07-16,ca_mg_l,4.568
Q3,1991-07-16,amm_ug_l,NA
Q3,1991-07-23,k_mg_l,0.98
Q3,1991-07-23,nitrate_ug_l,107.1
Q3,1991-07-23,mg_mg_l,3.269
Q3,1991-07-23,ca_mg_l,4.54
Q3,1991-07-23,amm_ug_l,NA
Q3,1991-07-30,k_mg_l,0.98
Q3,1991-07-30,nitrate_ug_l,103.2
Q3,1991-07-30,mg_mg_l,3.397
Q3,1991-07-30,ca_mg_l,4.635
Q3,1991-07-30,amm_ug_l,NA
Q3,1991-08-06,k_mg_l,1.008888888888889
Q3,1991-08-06,nitrate_ug_l,111.9
Q3,1991-08-06,mg_mg_l,3.365
Q3,1991-08-06,ca_mg_l,4.586
Q3,1991-08-06,amm_ug_l,NA
Q3,1991-08-13,k_mg_l,1.0255555555555556
Q3,1991-08-13,nitrate_ug_l,97.2
Q3,1991-08-13,mg_mg_l,3.313
Q3,1991-08-13,ca_mg_l,4.66
Q3,1991-08-13,amm_ug_l,NA
Q3,1991-08-20,k_mg_l,1.05
Q3,1991-08-20,nitrate_ug_l,114.8
Q3,1991-08-20,mg_mg_l,3.249
Q3,1991-08-20,ca_mg_l,4.675
Q3,1991-08-20,amm_ug_l,NA
Q3,1991-08-27,k_mg_l,1.0270000000000001
Q3,1991-08-27,nitrate_ug_l,130.1
Q3,1991-08-27,mg_mg_l,3.141
Q3,1991-08-27,ca_mg_l,4.471
Q3,1991-08-27,amm_ug_l,NA
Q3,1991-08-27,k_mg_l,1.0270000000000001
Q3,1991-08-27,nitrate_ug_l,130.1
Q3,1991-08-27,mg_mg_l,3.141
Q3,1991-08-27,ca_mg_l,4.471
Q3,1991-08-27,amm_ug_l,NA
Q3,1991-09-03,k_mg_l,0.8033333333333333
Q3,1991-09-03,nitrate_ug_l,142.88888888888889
Q3,1991-09-03,mg_mg_l,3.5322222222222224
Q3,1991-09-03,ca_mg_l,4.859999999999999
Q3,1991-09-03,amm_ug_l,NA
Q3,1991-09-10,k_mg_l,0.8354545454545454
Q3,1991-09-10,nitrate_ug_l,132.36363636363637
Q3,1991-09-10,mg_mg_l,3.0527272727272727
Q3,1991-09-10,ca_mg_l,4.46
Q3,1991-09-10,amm_ug_l,NA
Q3,1991-09-17,k_mg_l,0.8883333333333333
Q3,1991-09-17,nitrate_ug_l,153.5
Q3,1991-09-17,mg_mg_l,3.1308333333333334
Q3,1991-09-17,ca_mg_l,4.469166666666666
Q3,1991-09-17,amm_ug_l,NA
Q3,1991-09-24,k_mg_l,0.8916666666666667
Q3,1991-09-24,nitrate_ug_l,147.91666666666666
Q3,1991-09-24,mg_mg_l,3.0091666666666668
Q3,1991-09-24,ca_mg_l,4.235833333333333
Q3,1991-09-24,amm_ug_l,NA
Q3,1991-10-01,k_mg_l,0.905
Q3,1991-10-01,nitrate_ug_l,154.41666666666666
Q3,1991-10-01,mg_mg_l,2.895
Q3,1991-10-01,ca_mg_l,4.045
Q3,1991-10-01,amm_ug_l,NA
Q3,1991-10-08,k_mg_l,0.9066666666666666
Q3,1991-10-08,nitrate_ug_l,148.41666666666666
Q3,1991-10-08,mg_mg_l,2.885
Q3,1991-10-08,ca_mg_l,3.955
Q3,1991-10-08,amm_ug_l,NA
Q3,1991-10-15,k_mg_l,0.8966666666666667
Q3,1991-10-15,nitrate_ug_l,154.66666666666666
Q3,1991-10-15,mg_mg_l,2.8441666666666667
Q3,1991-10-15,ca_mg_l,3.881666666666667
Q3,1991-10-15,amm_ug_l,NA
Q3,1991-10-22,k_mg_l,0.8776923076923077
Q3,1991-10-22,nitrate_ug_l,167
Q3,1991-10-22,mg_mg_l,2.813846153846154
Q3,1991-10-22,ca_mg_l,3.8207692307692307
Q3,1991-10-22,amm_ug_l,NA
Q3,1991-10-29,k_mg_l,0.9
Q3,1991-10-29,nitrate_ug_l,173.76923076923077
Q3,1991-10-29,mg_mg_l,2.8238461538461537
Q3,1991-10-29,ca_mg_l,4.11
Q3,1991-10-29,amm_ug_l,NA
Q3,1991-11-05,k_mg_l,0.9400000000000001
Q3,1991-11-05,nitrate_ug_l,183.16666666666666
Q3,1991-11-05,mg_mg_l,2.6525
Q3,1991-11-05,ca_mg_l,3.9766666666666666
Q3,1991-11-05,amm_ug_l,NA
Q3,1991-11-07,k_mg_l,0.9675
Q3,1991-11-07,nitrate_ug_l,192.83333333333334
Q3,1991-11-07,mg_mg_l,2.7441666666666666
Q3,1991-11-07,ca_mg_l,3.8525
Q3,1991-11-07,amm_ug_l,NA
Q3,1991-11-08,k_mg_l,0.9600000000000001
Q3,1991-11-08,nitrate_ug_l,201.63636363636363
Q3,1991-11-08,mg_mg_l,2.8527272727272726
Q3,1991-11-08,ca_mg_l,4.013636363636364
Q3,1991-11-08,amm_ug_l,NA
Q3,1991-11-12,k_mg_l,0.9440000000000001
Q3,1991-11-12,nitrate_ug_l,207.5
Q3,1991-11-12,mg_mg_l,2.957
Q3,1991-11-12,ca_mg_l,4.2059999999999995
Q3,1991-11-12,amm_ug_l,NA
Q3,1991-11-18,k_mg_l,0.911
Q3,1991-11-18,nitrate_ug_l,203.9
Q3,1991-11-18,mg_mg_l,2.944
Q3,1991-11-18,ca_mg_l,4.259
Q3,1991-11-18,amm_ug_l,NA
Q3,1991-11-22,k_mg_l,0.912
Q3,1991-11-22,nitrate_ug_l,204.9
Q3,1991-11-22,mg_mg_l,2.95
Q3,1991-11-22,ca_mg_l,4.293
Q3,1991-11-22,amm_ug_l,NA
Q3,1991-11-26,k_mg_l,0.9144444444444445
Q3,1991-11-26,nitrate_ug_l,216.77777777777777
Q3,1991-11-26,mg_mg_l,3.0955555555555554
Q3,1991-11-26,ca_mg_l,4.552222222222222
Q3,1991-11-26,amm_ug_l,NA
Q3,1991-12-03,k_mg_l,0.9166666666666667
Q3,1991-12-03,nitrate_ug_l,219.22222222222223
Q3,1991-12-03,mg_mg_l,3.137777777777778
Q3,1991-12-03,ca_mg_l,4.738888888888889
Q3,1991-12-03,amm_ug_l,NA
Q3,1991-12-10,k_mg_l,0.9620000000000001
Q3,1991-12-10,nitrate_ug_l,219.8
Q3,1991-12-10,mg_mg_l,2.988
Q3,1991-12-10,ca_mg_l,4.499
Q3,1991-12-10,amm_ug_l,NA
Q3,1991-12-17,k_mg_l,0.976
Q3,1991-12-17,nitrate_ug_l,197.3
Q3,1991-12-17,mg_mg_l,3.0060000000000002
Q3,1991-12-17,ca_mg_l,4.584
Q3,1991-12-17,amm_ug_l,NA
Q3,1991-12-23,k_mg_l,1.0050000000000001
Q3,1991-12-23,nitrate_ug_l,185.3
Q3,1991-12-23,mg_mg_l,3.129
Q3,1991-12-23,ca_mg_l,4.877
Q3,1991-12-23,amm_ug_l,NA
Q3,1991-12-30,k_mg_l,1.017
Q3,1991-12-30,nitrate_ug_l,194.9
Q3,1991-12-30,mg_mg_l,3.188
Q3,1991-12-30,ca_mg_l,5.037
Q3,1991-12-30,amm_ug_l,NA
Q3,1992-01-07,k_mg_l,0.995
Q3,1992-01-07,nitrate_ug_l,189.1
Q3,1992-01-07,mg_mg_l,3.238
Q3,1992-01-07,ca_mg_l,4.941
Q3,1992-01-07,amm_ug_l,NA
Q3,1992-01-14,k_mg_l,0.989
Q3,1992-01-14,nitrate_ug_l,177.4
Q3,1992-01-14,mg_mg_l,3.2800000000000002
Q3,1992-01-14,ca_mg_l,4.911
Q3,1992-01-14,amm_ug_l,NA
Q3,1992-01-21,k_mg_l,1.067
Q3,1992-01-21,nitrate_ug_l,172.2
Q3,1992-01-21,mg_mg_l,3.357
Q3,1992-01-21,ca_mg_l,5.17
Q3,1992-01-21,amm_ug_l,NA
Q3,1992-01-28,k_mg_l,1.159
Q3,1992-01-28,nitrate_ug_l,167.11111111111111
Q3,1992-01-28,mg_mg_l,3.3930000000000002
Q3,1992-01-28,ca_mg_l,5.371
Q3,1992-01-28,amm_ug_l,NA
Q3,1992-02-04,k_mg_l,1.173
Q3,1992-02-04,nitrate_ug_l,154.11111111111111
Q3,1992-02-04,mg_mg_l,3.366
Q3,1992-02-04,ca_mg_l,5.44
Q3,1992-02-04,amm_ug_l,NA
Q3,1992-02-06,k_mg_l,1.204
Q3,1992-02-06,nitrate_ug_l,144.77777777777777
Q3,1992-02-06,mg_mg_l,3.449
Q3,1992-02-06,ca_mg_l,5.826
Q3,1992-02-06,amm_ug_l,NA
Q3,1992-02-11,k_mg_l,1.1922222222222223
Q3,1992-02-11,nitrate_ug_l,143.375
Q3,1992-02-11,mg_mg_l,3.591111111111111
Q3,1992-02-11,ca_mg_l,6.1
Q3,1992-02-11,amm_ug_l,NA
Q3,1992-02-18,k_mg_l,1.1577777777777778
Q3,1992-02-18,nitrate_ug_l,143
Q3,1992-02-18,mg_mg_l,3.4755555555555557
Q3,1992-02-18,ca_mg_l,6.463333333333333
Q3,1992-02-18,amm_ug_l,NA
Q3,1992-02-25,k_mg_l,1.12
Q3,1992-02-25,nitrate_ug_l,127.375
Q3,1992-02-25,mg_mg_l,3.3511111111111114
Q3,1992-02-25,ca_mg_l,6.21
Q3,1992-02-25,amm_ug_l,NA
Q3,1992-03-03,k_mg_l,1.13
Q3,1992-03-03,nitrate_ug_l,89.25
Q3,1992-03-03,mg_mg_l,3.312222222222222
Q3,1992-03-03,ca_mg_l,6.147777777777778
Q3,1992-03-03,amm_ug_l,NA
Q3,1992-03-10,k_mg_l,1.1877777777777778
Q3,1992-03-10,nitrate_ug_l,85.75
Q3,1992-03-10,mg_mg_l,3.228888888888889
Q3,1992-03-10,ca_mg_l,5.888888888888888
Q3,1992-03-10,amm_ug_l,NA
Q3,1992-03-17,k_mg_l,1.1777777777777778
Q3,1992-03-17,nitrate_ug_l,86.5
Q3,1992-03-17,mg_mg_l,3.258888888888889
Q3,1992-03-17,ca_mg_l,6.003333333333333
Q3,1992-03-17,amm_ug_l,NA
Q3,1992-03-24,k_mg_l,1.0777777777777777
Q3,1992-03-24,nitrate_ug_l,80
Q3,1992-03-24,mg_mg_l,3.2555555555555555
Q3,1992-03-24,ca_mg_l,5.828888888888889
Q3,1992-03-24,amm_ug_l,NA
Q3,1992-04-01,k_mg_l,0.977
Q3,1992-04-01,nitrate_ug_l,77
Q3,1992-04-01,mg_mg_l,2.908
Q3,1992-04-01,ca_mg_l,5.084
Q3,1992-04-01,amm_ug_l,NA
Q3,1992-04-07,k_mg_l,0.97
Q3,1992-04-07,nitrate_ug_l,73.875
Q3,1992-04-07,mg_mg_l,2.88
Q3,1992-04-07,ca_mg_l,4.972222222222222
Q3,1992-04-07,amm_ug_l,NA
Q3,1992-04-14,k_mg_l,0.9222222222222223
Q3,1992-04-14,nitrate_ug_l,73.875
Q3,1992-04-14,mg_mg_l,2.8933333333333335
Q3,1992-04-14,ca_mg_l,4.815555555555555
Q3,1992-04-14,amm_ug_l,NA
Q3,1992-04-21,k_mg_l,0.9377777777777778
Q3,1992-04-21,nitrate_ug_l,113.75
Q3,1992-04-21,mg_mg_l,2.85
Q3,1992-04-21,ca_mg_l,4.195555555555556
Q3,1992-04-21,amm_ug_l,NA
Q3,1992-04-28,k_mg_l,0.9355555555555556
Q3,1992-04-28,nitrate_ug_l,115
Q3,1992-04-28,mg_mg_l,2.73
Q3,1992-04-28,ca_mg_l,4.054444444444444
Q3,1992-04-28,amm_ug_l,NA
Q3,1992-05-05,k_mg_l,0.9355555555555556
Q3,1992-05-05,nitrate_ug_l,115.5
Q3,1992-05-05,mg_mg_l,2.7455555555555557
Q3,1992-05-05,ca_mg_l,3.98
Q3,1992-05-05,amm_ug_l,NA
Q3,1992-05-12,k_mg_l,0.89
Q3,1992-05-12,nitrate_ug_l,98.125
Q3,1992-05-12,mg_mg_l,2.787777777777778
Q3,1992-05-12,ca_mg_l,4.107777777777778
Q3,1992-05-12,amm_ug_l,NA
Q3,1992-05-19,k_mg_l,0.8822222222222222
Q3,1992-05-19,nitrate_ug_l,82.5
Q3,1992-05-19,mg_mg_l,2.75
Q3,1992-05-19,ca_mg_l,4.05
Q3,1992-05-19,amm_ug_l,NA
Q3,1992-05-26,k_mg_l,0.9033333333333333
Q3,1992-05-26,nitrate_ug_l,72.125
Q3,1992-05-26,mg_mg_l,2.712222222222222
Q3,1992-05-26,ca_mg_l,3.986666666666667
Q3,1992-05-26,amm_ug_l,NA
Q3,1992-06-02,k_mg_l,0.9077777777777778
Q3,1992-06-02,nitrate_ug_l,74.11111111111111
Q3,1992-06-02,mg_mg_l,2.8355555555555556
Q3,1992-06-02,ca_mg_l,4.177777777777778
Q3,1992-06-02,amm_ug_l,NA
Q3,1992-06-09,k_mg_l,0.9044444444444444
Q3,1992-06-09,nitrate_ug_l,71.11111111111111
Q3,1992-06-09,mg_mg_l,3.0733333333333333
Q3,1992-06-09,ca_mg_l,4.484444444444445
Q3,1992-06-09,amm_ug_l,NA
Q3,1992-06-16,k_mg_l,0.9011111111111111
Q3,1992-06-16,nitrate_ug_l,72.88888888888889
Q3,1992-06-16,mg_mg_l,2.9233333333333333
Q3,1992-06-16,ca_mg_l,4.263333333333334
Q3,1992-06-16,amm_ug_l,NA
Q3,1992-06-23,k_mg_l,0.9077777777777778
Q3,1992-06-23,nitrate_ug_l,46.888888888888886
Q3,1992-06-23,mg_mg_l,3.1222222222222222
Q3,1992-06-23,ca_mg_l,4.557777777777778
Q3,1992-06-23,amm_ug_l,NA
Q3,1992-06-30,k_mg_l,1.1411111111111112
Q3,1992-06-30,nitrate_ug_l,44.888888888888886
Q3,1992-06-30,mg_mg_l,3.263333333333333
Q3,1992-06-30,ca_mg_l,4.682222222222222
Q3,1992-06-30,amm_ug_l,NA
Q3,1992-07-07,k_mg_l,1.1188888888888888
Q3,1992-07-07,nitrate_ug_l,42.44444444444444
Q3,1992-07-07,mg_mg_l,2.942222222222222
Q3,1992-07-07,ca_mg_l,4.384444444444444
Q3,1992-07-07,amm_ug_l,NA
Q3,1992-07-14,k_mg_l,1.1300000000000001
Q3,1992-07-14,nitrate_ug_l,40.333333333333336
Q3,1992-07-14,mg_mg_l,2.9811111111111113
Q3,1992-07-14,ca_mg_l,4.416666666666667
Q3,1992-07-14,amm_ug_l,NA
Q3,1992-07-21,k_mg_l,1.1322222222222222
Q3,1992-07-21,nitrate_ug_l,39.77777777777778
Q3,1992-07-21,mg_mg_l,3.0211111111111113
Q3,1992-07-21,ca_mg_l,4.544444444444444
Q3,1992-07-21,amm_ug_l,NA
Q3,1992-07-28,k_mg_l,1.1155555555555556
Q3,1992-07-28,nitrate_ug_l,48
Q3,1992-07-28,mg_mg_l,2.9566666666666666
Q3,1992-07-28,ca_mg_l,4.444444444444445
Q3,1992-07-28,amm_ug_l,NA
Q3,1992-08-04,k_mg_l,1.1233333333333333
Q3,1992-08-04,nitrate_ug_l,49.666666666666664
Q3,1992-08-04,mg_mg_l,2.918888888888889
Q3,1992-08-04,ca_mg_l,4.372222222222223
Q3,1992-08-04,amm_ug_l,NA
Q3,1992-08-11,k_mg_l,1.0955555555555556
Q3,1992-08-11,nitrate_ug_l,62.55555555555556
Q3,1992-08-11,mg_mg_l,2.9155555555555557
Q3,1992-08-11,ca_mg_l,4.3133333333333335
Q3,1992-08-11,amm_ug_l,NA
Q3,1992-08-18,k_mg_l,1.1222222222222222
Q3,1992-08-18,nitrate_ug_l,64.77777777777777
Q3,1992-08-18,mg_mg_l,3.2022222222222223
Q3,1992-08-18,ca_mg_l,4.734444444444445
Q3,1992-08-18,amm_ug_l,NA
Q3,1992-08-25,k_mg_l,1.1233333333333333
Q3,1992-08-25,nitrate_ug_l,54.55555555555556
Q3,1992-08-25,mg_mg_l,3.212222222222222
Q3,1992-08-25,ca_mg_l,4.717777777777778
Q3,1992-08-25,amm_ug_l,NA
Q3,1992-09-01,k_mg_l,0.8933333333333333
Q3,1992-09-01,nitrate_ug_l,56.333333333333336
Q3,1992-09-01,mg_mg_l,3.2177777777777776
Q3,1992-09-01,ca_mg_l,4.835555555555556
Q3,1992-09-01,amm_ug_l,NA
Q3,1992-09-08,k_mg_l,0.91
Q3,1992-09-08,nitrate_ug_l,68.11111111111111
Q3,1992-09-08,mg_mg_l,3.511111111111111
Q3,1992-09-08,ca_mg_l,5.094444444444444
Q3,1992-09-08,amm_ug_l,NA
Q3,1992-09-15,k_mg_l,0.8822222222222222
Q3,1992-09-15,nitrate_ug_l,76.44444444444444
Q3,1992-09-15,mg_mg_l,3.332222222222222
Q3,1992-09-15,ca_mg_l,4.793333333333333
Q3,1992-09-15,amm_ug_l,NA
Q3,1992-09-22,k_mg_l,0.9677777777777778
Q3,1992-09-22,nitrate_ug_l,73.77777777777777
Q3,1992-09-22,mg_mg_l,3.2533333333333334
Q3,1992-09-22,ca_mg_l,4.623333333333333
Q3,1992-09-22,amm_ug_l,NA
Q3,1992-09-29,k_mg_l,0.9688888888888889
Q3,1992-09-29,nitrate_ug_l,61.333333333333336
Q3,1992-09-29,mg_mg_l,3.268888888888889
Q3,1992-09-29,ca_mg_l,4.631111111111111
Q3,1992-09-29,amm_ug_l,NA
Q3,1992-10-06,k_mg_l,0.9655555555555556
Q3,1992-10-06,nitrate_ug_l,51.111111111111114
Q3,1992-10-06,mg_mg_l,3.2311111111111113
Q3,1992-10-06,ca_mg_l,4.5488888888888885
Q3,1992-10-06,amm_ug_l,NA
Q3,1992-10-13,k_mg_l,1.1066666666666667
Q3,1992-10-13,nitrate_ug_l,37.888888888888886
Q3,1992-10-13,mg_mg_l,3.688888888888889
Q3,1992-10-13,ca_mg_l,5.147777777777778
Q3,1992-10-13,amm_ug_l,NA
Q3,1992-10-20,k_mg_l,1.0811111111111111
Q3,1992-10-20,nitrate_ug_l,35.111111111111114
Q3,1992-10-20,mg_mg_l,3.5233333333333334
Q3,1992-10-20,ca_mg_l,4.859999999999999
Q3,1992-10-20,amm_ug_l,NA
Q3,1992-10-27,k_mg_l,1.0844444444444445
Q3,1992-10-27,nitrate_ug_l,38.625
Q3,1992-10-27,mg_mg_l,3.3244444444444445
Q3,1992-10-27,ca_mg_l,4.664444444444444
Q3,1992-10-27,amm_ug_l,NA
Q3,1992-11-03,k_mg_l,1.0977777777777777
Q3,1992-11-03,nitrate_ug_l,40.285714285714285
Q3,1992-11-03,mg_mg_l,3.2466666666666666
Q3,1992-11-03,ca_mg_l,4.528888888888889
Q3,1992-11-03,amm_ug_l,NA
Q3,1992-11-10,k_mg_l,1.0844444444444445
Q3,1992-11-10,nitrate_ug_l,27.666666666666668
Q3,1992-11-10,mg_mg_l,3.2144444444444447
Q3,1992-11-10,ca_mg_l,4.453333333333333
Q3,1992-11-10,amm_ug_l,NA
Q3,1992-11-17,k_mg_l,1.0744444444444445
Q3,1992-11-17,nitrate_ug_l,16.2
Q3,1992-11-17,mg_mg_l,3.3033333333333332
Q3,1992-11-17,ca_mg_l,4.516666666666667
Q3,1992-11-17,amm_ug_l,NA
Q3,1992-11-24,k_mg_l,0.9766666666666667
Q3,1992-11-24,nitrate_ug_l,16.75
Q3,1992-11-24,mg_mg_l,3.3166666666666664
Q3,1992-11-24,ca_mg_l,4.501111111111111
Q3,1992-11-24,amm_ug_l,NA
Q3,1992-12-01,k_mg_l,0.9811111111111112
Q3,1992-12-01,nitrate_ug_l,19
Q3,1992-12-01,mg_mg_l,3.3022222222222224
Q3,1992-12-01,ca_mg_l,4.435555555555555
Q3,1992-12-01,amm_ug_l,NA
Q3,1992-12-08,k_mg_l,0.9722222222222222
Q3,1992-12-08,nitrate_ug_l,22
Q3,1992-12-08,mg_mg_l,3.358888888888889
Q3,1992-12-08,ca_mg_l,4.488888888888889
Q3,1992-12-08,amm_ug_l,NA
Q3,1992-12-15,k_mg_l,0.8588888888888889
Q3,1992-12-15,nitrate_ug_l,21
Q3,1992-12-15,mg_mg_l,2.898888888888889
Q3,1992-12-15,ca_mg_l,3.8555555555555556
Q3,1992-12-15,amm_ug_l,NA
Q3,1992-12-22,k_mg_l,0.8255555555555556
Q3,1992-12-22,nitrate_ug_l,NA
Q3,1992-12-22,mg_mg_l,2.8022222222222224
Q3,1992-12-22,ca_mg_l,3.8133333333333335
Q3,1992-12-22,amm_ug_l,NA
Q3,1992-12-22,k_mg_l,0.8255555555555556
Q3,1992-12-22,nitrate_ug_l,NA
Q3,1992-12-22,mg_mg_l,2.8022222222222224
Q3,1992-12-22,ca_mg_l,3.8133333333333335
Q3,1992-12-22,amm_ug_l,NA
Q3,1992-12-29,k_mg_l,0.8222222222222222
Q3,1992-12-29,nitrate_ug_l,NA
Q3,1992-12-29,mg_mg_l,2.97
Q3,1992-12-29,ca_mg_l,3.9411111111111112
Q3,1992-12-29,amm_ug_l,NA
Q3,1993-01-05,k_mg_l,0.8122222222222223
Q3,1993-01-05,nitrate_ug_l,207
Q3,1993-01-05,mg_mg_l,3.0211111111111113
Q3,1993-01-05,ca_mg_l,4.0377777777777775
Q3,1993-01-05,amm_ug_l,NA
Q3,1993-01-12,k_mg_l,0.7977777777777778
Q3,1993-01-12,nitrate_ug_l,110
Q3,1993-01-12,mg_mg_l,3.08
Q3,1993-01-12,ca_mg_l,4.104444444444445
Q3,1993-01-12,amm_ug_l,NA
Q3,1993-01-19,k_mg_l,0.81
Q3,1993-01-19,nitrate_ug_l,143.33333333333334
Q3,1993-01-19,mg_mg_l,3.131111111111111
Q3,1993-01-19,ca_mg_l,4.247777777777777
Q3,1993-01-19,amm_ug_l,NA
Q3,1993-01-26,k_mg_l,0.8322222222222222
Q3,1993-01-26,nitrate_ug_l,123.25
Q3,1993-01-26,mg_mg_l,3.1333333333333333
Q3,1993-01-26,ca_mg_l,4.238888888888889
Q3,1993-01-26,amm_ug_l,NA
Q3,1993-02-02,k_mg_l,0.8200000000000001
Q3,1993-02-02,nitrate_ug_l,121.8
Q3,1993-02-02,mg_mg_l,3.187777777777778
Q3,1993-02-02,ca_mg_l,4.3566666666666665
Q3,1993-02-02,amm_ug_l,NA
Q3,1993-02-09,k_mg_l,0.8233333333333334
Q3,1993-02-09,nitrate_ug_l,129.5
Q3,1993-02-09,mg_mg_l,3.256666666666667
Q3,1993-02-09,ca_mg_l,4.522222222222222
Q3,1993-02-09,amm_ug_l,NA
Q3,1993-02-16,k_mg_l,0.81
Q3,1993-02-16,nitrate_ug_l,134.14285714285714
Q3,1993-02-16,mg_mg_l,3.292222222222222
Q3,1993-02-16,ca_mg_l,4.667777777777777
Q3,1993-02-16,amm_ug_l,NA
Q3,1993-02-23,k_mg_l,0.8555555555555555
Q3,1993-02-23,nitrate_ug_l,136.875
Q3,1993-02-23,mg_mg_l,3.421111111111111
Q3,1993-02-23,ca_mg_l,4.7877777777777775
Q3,1993-02-23,amm_ug_l,NA
Q3,1993-03-02,k_mg_l,0.8344444444444444
Q3,1993-03-02,nitrate_ug_l,137.77777777777777
Q3,1993-03-02,mg_mg_l,3.6277777777777778
Q3,1993-03-02,ca_mg_l,4.54
Q3,1993-03-02,amm_ug_l,NA
Q3,1993-03-09,k_mg_l,0.8122222222222222
Q3,1993-03-09,nitrate_ug_l,129.125
Q3,1993-03-09,mg_mg_l,3.571111111111111
Q3,1993-03-09,ca_mg_l,4.424444444444444
Q3,1993-03-09,amm_ug_l,NA
Q3,1993-03-16,k_mg_l,0.8433333333333333
Q3,1993-03-16,nitrate_ug_l,145.71428571428572
Q3,1993-03-16,mg_mg_l,3.488888888888889
Q3,1993-03-16,ca_mg_l,4.303333333333334
Q3,1993-03-16,amm_ug_l,NA
Q3,1993-03-23,k_mg_l,0.8855555555555555
Q3,1993-03-23,nitrate_ug_l,135
Q3,1993-03-23,mg_mg_l,3.4144444444444444
Q3,1993-03-23,ca_mg_l,4.1755555555555555
Q3,1993-03-23,amm_ug_l,NA
Q3,1993-03-30,k_mg_l,0.8633333333333333
Q3,1993-03-30,nitrate_ug_l,149.4
Q3,1993-03-30,mg_mg_l,3.3666666666666667
Q3,1993-03-30,ca_mg_l,4.165555555555556
Q3,1993-03-30,amm_ug_l,NA
Q3,1993-04-06,k_mg_l,0.8577777777777778
Q3,1993-04-06,nitrate_ug_l,129.4
Q3,1993-04-06,mg_mg_l,3.3233333333333333
Q3,1993-04-06,ca_mg_l,4.1433333333333335
Q3,1993-04-06,amm_ug_l,NA
Q3,1993-04-13,k_mg_l,0.8624999999999999
Q3,1993-04-13,nitrate_ug_l,119.75
Q3,1993-04-13,mg_mg_l,3.265
Q3,1993-04-13,ca_mg_l,3.9675
Q3,1993-04-13,amm_ug_l,NA
Q3,1993-04-20,k_mg_l,0.8312499999999999
Q3,1993-04-20,nitrate_ug_l,81.25
Q3,1993-04-20,mg_mg_l,3.22375
Q3,1993-04-20,ca_mg_l,3.88375
Q3,1993-04-20,amm_ug_l,NA
Q3,1993-04-27,k_mg_l,0.7949999999999999
Q3,1993-04-27,nitrate_ug_l,51.25
Q3,1993-04-27,mg_mg_l,3.0925
Q3,1993-04-27,ca_mg_l,3.72125
Q3,1993-04-27,amm_ug_l,NA
Q3,1993-05-04,k_mg_l,0.855
Q3,1993-05-04,nitrate_ug_l,20
Q3,1993-05-04,mg_mg_l,3.0212499999999998
Q3,1993-05-04,ca_mg_l,4.2162500000000005
Q3,1993-05-04,amm_ug_l,NA
Q3,1993-05-11,k_mg_l,0.855
Q3,1993-05-11,nitrate_ug_l,59
Q3,1993-05-11,mg_mg_l,3.0637499999999998
Q3,1993-05-11,ca_mg_l,4.31625
Q3,1993-05-11,amm_ug_l,NA
Q3,1993-05-18,k_mg_l,0.8225
Q3,1993-05-18,nitrate_ug_l,59
Q3,1993-05-18,mg_mg_l,3.09125
Q3,1993-05-18,ca_mg_l,4.40625
Q3,1993-05-18,amm_ug_l,NA
Q3,1993-05-25,k_mg_l,0.7737499999999999
Q3,1993-05-25,nitrate_ug_l,59
Q3,1993-05-25,mg_mg_l,2.9475
Q3,1993-05-25,ca_mg_l,4.48375
Q3,1993-05-25,amm_ug_l,NA
Q3,1993-06-01,k_mg_l,0.78875
Q3,1993-06-01,nitrate_ug_l,59
Q3,1993-06-01,mg_mg_l,2.80625
Q3,1993-06-01,ca_mg_l,4.5112499999999995
Q3,1993-06-01,amm_ug_l,NA
Q3,1993-06-08,k_mg_l,0.8025
Q3,1993-06-08,nitrate_ug_l,60.25
Q3,1993-06-08,mg_mg_l,2.8337499999999998
Q3,1993-06-08,ca_mg_l,4.5737499999999995
Q3,1993-06-08,amm_ug_l,NA
Q3,1993-06-15,k_mg_l,0.8088888888888889
Q3,1993-06-15,nitrate_ug_l,65.4
Q3,1993-06-15,mg_mg_l,2.891111111111111
Q3,1993-06-15,ca_mg_l,4.6066666666666665
Q3,1993-06-15,amm_ug_l,NA
Q3,1993-06-15,k_mg_l,0.8088888888888889
Q3,1993-06-15,nitrate_ug_l,65.4
Q3,1993-06-15,mg_mg_l,2.891111111111111
Q3,1993-06-15,ca_mg_l,4.6066666666666665
Q3,1993-06-15,amm_ug_l,NA
Q3,1993-06-22,k_mg_l,0.8555555555555555
Q3,1993-06-22,nitrate_ug_l,79.8
Q3,1993-06-22,mg_mg_l,3.022222222222222
Q3,1993-06-22,ca_mg_l,4.791111111111111
Q3,1993-06-22,amm_ug_l,NA
Q3,1993-06-29,k_mg_l,0.8766666666666667
Q3,1993-06-29,nitrate_ug_l,137.4
Q3,1993-06-29,mg_mg_l,3.1577777777777776
Q3,1993-06-29,ca_mg_l,4.943333333333333
Q3,1993-06-29,amm_ug_l,NA
Q3,1993-07-06,k_mg_l,0.8355555555555556
Q3,1993-07-06,nitrate_ug_l,117.5
Q3,1993-07-06,mg_mg_l,2.931111111111111
Q3,1993-07-06,ca_mg_l,4.708888888888889
Q3,1993-07-06,amm_ug_l,NA
Q3,1993-07-13,k_mg_l,0.8355555555555556
Q3,1993-07-13,nitrate_ug_l,102.83333333333333
Q3,1993-07-13,mg_mg_l,2.95
Q3,1993-07-13,ca_mg_l,4.687777777777778
Q3,1993-07-13,amm_ug_l,NA
Q3,1993-07-20,k_mg_l,0.88
Q3,1993-07-20,nitrate_ug_l,102.83333333333333
Q3,1993-07-20,mg_mg_l,3.0733333333333333
Q3,1993-07-20,ca_mg_l,4.811111111111111
Q3,1993-07-20,amm_ug_l,NA
Q3,1993-07-27,k_mg_l,0.86
Q3,1993-07-27,nitrate_ug_l,105.85714285714286
Q3,1993-07-27,mg_mg_l,3.2311111111111113
Q3,1993-07-27,ca_mg_l,4.848888888888889
Q3,1993-07-27,amm_ug_l,NA
Q3,1993-08-03,k_mg_l,0.8766666666666667
Q3,1993-08-03,nitrate_ug_l,99
Q3,1993-08-03,mg_mg_l,3.44875
Q3,1993-08-03,ca_mg_l,4.842222222222222
Q3,1993-08-03,amm_ug_l,NA
Q3,1993-08-10,k_mg_l,0.8522222222222222
Q3,1993-08-10,nitrate_ug_l,103.5
Q3,1993-08-10,mg_mg_l,3.43375
Q3,1993-08-10,ca_mg_l,4.774444444444445
Q3,1993-08-10,amm_ug_l,NA
Q3,1993-08-17,k_mg_l,0.8633333333333334
Q3,1993-08-17,nitrate_ug_l,94.75
Q3,1993-08-17,mg_mg_l,3.39625
Q3,1993-08-17,ca_mg_l,4.736666666666666
Q3,1993-08-17,amm_ug_l,NA
Q3,1993-08-24,k_mg_l,0.8166666666666667
Q3,1993-08-24,nitrate_ug_l,85.75
Q3,1993-08-24,mg_mg_l,3.0425
Q3,1993-08-24,ca_mg_l,4.437777777777778
Q3,1993-08-24,amm_ug_l,NA
Q3,1993-08-31,k_mg_l,0.8022222222222222
Q3,1993-08-31,nitrate_ug_l,46
Q3,1993-08-31,mg_mg_l,2.98
Q3,1993-08-31,ca_mg_l,4.377777777777778
Q3,1993-08-31,amm_ug_l,NA
Q3,1993-09-07,k_mg_l,0.7944444444444444
Q3,1993-09-07,nitrate_ug_l,50
Q3,1993-09-07,mg_mg_l,3.1
Q3,1993-09-07,ca_mg_l,4.5
Q3,1993-09-07,amm_ug_l,NA
Q3,1993-09-14,k_mg_l,0.8044444444444444
Q3,1993-09-14,nitrate_ug_l,43.666666666666664
Q3,1993-09-14,mg_mg_l,3.0775
Q3,1993-09-14,ca_mg_l,4.526666666666666
Q3,1993-09-14,amm_ug_l,NA
Q3,1993-09-21,k_mg_l,0.77
Q3,1993-09-21,nitrate_ug_l,43.666666666666664
Q3,1993-09-21,mg_mg_l,2.86625
Q3,1993-09-21,ca_mg_l,4.335555555555556
Q3,1993-09-21,amm_ug_l,NA
Q3,1993-09-28,k_mg_l,0.8222222222222222
Q3,1993-09-28,nitrate_ug_l,32
Q3,1993-09-28,mg_mg_l,2.9525
Q3,1993-09-28,ca_mg_l,4.387777777777778
Q3,1993-09-28,amm_ug_l,NA
Q3,1993-10-05,k_mg_l,0.7966666666666666
Q3,1993-10-05,nitrate_ug_l,28.2
Q3,1993-10-05,mg_mg_l,2.8833333333333333
Q3,1993-10-05,ca_mg_l,4.331111111111111
Q3,1993-10-05,amm_ug_l,NA
Q3,1993-10-13,k_mg_l,0.849
Q3,1993-10-13,nitrate_ug_l,21
Q3,1993-10-13,mg_mg_l,3.017
Q3,1993-10-13,ca_mg_l,4.534
Q3,1993-10-13,amm_ug_l,NA
Q3,1993-10-19,k_mg_l,0.8366666666666667
Q3,1993-10-19,nitrate_ug_l,22.25
Q3,1993-10-19,mg_mg_l,3.013333333333333
Q3,1993-10-19,ca_mg_l,4.5344444444444445
Q3,1993-10-19,amm_ug_l,NA
Q3,1993-10-26,k_mg_l,0.8877777777777778
Q3,1993-10-26,nitrate_ug_l,25.75
Q3,1993-10-26,mg_mg_l,3.1944444444444446
Q3,1993-10-26,ca_mg_l,4.55
Q3,1993-10-26,amm_ug_l,NA
Q3,1993-11-02,k_mg_l,0.8922222222222222
Q3,1993-11-02,nitrate_ug_l,32.333333333333336
Q3,1993-11-02,mg_mg_l,3.157777777777778
Q3,1993-11-02,ca_mg_l,4.448888888888889
Q3,1993-11-02,amm_ug_l,NA
Q3,1993-11-09,k_mg_l,0.8955555555555555
Q3,1993-11-09,nitrate_ug_l,32.333333333333336
Q3,1993-11-09,mg_mg_l,2.937777777777778
Q3,1993-11-09,ca_mg_l,4.338888888888889
Q3,1993-11-09,amm_ug_l,NA
Q3,1993-11-16,k_mg_l,0.8833333333333333
Q3,1993-11-16,nitrate_ug_l,32.333333333333336
Q3,1993-11-16,mg_mg_l,2.7577777777777777
Q3,1993-11-16,ca_mg_l,4.225555555555555
Q3,1993-11-16,amm_ug_l,NA
Q3,1993-11-23,k_mg_l,0.9055555555555556
Q3,1993-11-23,nitrate_ug_l,32.333333333333336
Q3,1993-11-23,mg_mg_l,2.672222222222222
Q3,1993-11-23,ca_mg_l,4.2877777777777775
Q3,1993-11-23,amm_ug_l,NA
Q3,1993-11-30,k_mg_l,0.8533333333333333
Q3,1993-11-30,nitrate_ug_l,17.666666666666668
Q3,1993-11-30,mg_mg_l,2.631111111111111
Q3,1993-11-30,ca_mg_l,4.245555555555556
Q3,1993-11-30,amm_ug_l,NA
Q3,1993-12-07,k_mg_l,0.8488888888888889
Q3,1993-12-07,nitrate_ug_l,17.25
Q3,1993-12-07,mg_mg_l,2.7177777777777776
Q3,1993-12-07,ca_mg_l,4.316666666666666
Q3,1993-12-07,amm_ug_l,NA
Q3,1993-12-14,k_mg_l,0.8333333333333334
Q3,1993-12-14,nitrate_ug_l,17.25
Q3,1993-12-14,mg_mg_l,2.7
Q3,1993-12-14,ca_mg_l,4.25
Q3,1993-12-14,amm_ug_l,NA
Q3,1993-12-21,k_mg_l,0.8077777777777778
Q3,1993-12-21,nitrate_ug_l,16
Q3,1993-12-21,mg_mg_l,2.6155555555555554
Q3,1993-12-21,ca_mg_l,4.054444444444444
Q3,1993-12-21,amm_ug_l,NA
Q3,1993-12-28,k_mg_l,0.7866666666666666
Q3,1993-12-28,nitrate_ug_l,13
Q3,1993-12-28,mg_mg_l,2.48
Q3,1993-12-28,ca_mg_l,3.9722222222222223
Q3,1993-12-28,amm_ug_l,NA
Q3,1994-01-04,k_mg_l,0.8
Q3,1994-01-04,nitrate_ug_l,13
Q3,1994-01-04,mg_mg_l,2.5555555555555554
Q3,1994-01-04,ca_mg_l,4.126666666666667
Q3,1994-01-04,amm_ug_l,NA
Q3,1994-01-11,k_mg_l,0.8188888888888889
Q3,1994-01-11,nitrate_ug_l,12.666666666666666
Q3,1994-01-11,mg_mg_l,2.7544444444444443
Q3,1994-01-11,ca_mg_l,4.2122222222222225
Q3,1994-01-11,amm_ug_l,NA
Q3,1994-01-18,k_mg_l,0.8377777777777777
Q3,1994-01-18,nitrate_ug_l,11
Q3,1994-01-18,mg_mg_l,2.973333333333333
Q3,1994-01-18,ca_mg_l,4.366666666666666
Q3,1994-01-18,amm_ug_l,NA
Q3,1994-01-25,k_mg_l,0.8188888888888889
Q3,1994-01-25,nitrate_ug_l,11
Q3,1994-01-25,mg_mg_l,3.201111111111111
Q3,1994-01-25,ca_mg_l,4.514444444444444
Q3,1994-01-25,amm_ug_l,NA
Q3,1994-02-01,k_mg_l,0.85
Q3,1994-02-01,nitrate_ug_l,12.5
Q3,1994-02-01,mg_mg_l,3.2377777777777776
Q3,1994-02-01,ca_mg_l,4.621111111111111
Q3,1994-02-01,amm_ug_l,NA
Q3,1994-02-08,k_mg_l,0.8733333333333333
Q3,1994-02-08,nitrate_ug_l,11.75
Q3,1994-02-08,mg_mg_l,3.2933333333333334
Q3,1994-02-08,ca_mg_l,4.794444444444444
Q3,1994-02-08,amm_ug_l,NA
Q3,1994-02-15,k_mg_l,0.8633333333333333
Q3,1994-02-15,nitrate_ug_l,38.6
Q3,1994-02-15,mg_mg_l,3.2955555555555556
Q3,1994-02-15,ca_mg_l,4.845555555555555
Q3,1994-02-15,amm_ug_l,NA
Q3,1994-02-22,k_mg_l,0.9011111111111111
Q3,1994-02-22,nitrate_ug_l,55.666666666666664
Q3,1994-02-22,mg_mg_l,3.312222222222222
Q3,1994-02-22,ca_mg_l,4.912222222222222
Q3,1994-02-22,amm_ug_l,NA
Q3,1994-03-01,k_mg_l,0.8922222222222222
Q3,1994-03-01,nitrate_ug_l,50.857142857142854
Q3,1994-03-01,mg_mg_l,3.4788888888888887
Q3,1994-03-01,ca_mg_l,5.181111111111111
Q3,1994-03-01,amm_ug_l,NA
Q3,1994-03-08,k_mg_l,0.8744444444444445
Q3,1994-03-08,nitrate_ug_l,45.625
Q3,1994-03-08,mg_mg_l,3.531111111111111
Q3,1994-03-08,ca_mg_l,5.302222222222222
Q3,1994-03-08,amm_ug_l,NA
Q3,1994-03-15,k_mg_l,0.8666666666666667
Q3,1994-03-15,nitrate_ug_l,47
Q3,1994-03-15,mg_mg_l,3.4477777777777776
Q3,1994-03-15,ca_mg_l,5.197777777777778
Q3,1994-03-15,amm_ug_l,NA
Q3,1994-03-22,k_mg_l,0.8622222222222222
Q3,1994-03-22,nitrate_ug_l,49
Q3,1994-03-22,mg_mg_l,3.3666666666666667
Q3,1994-03-22,ca_mg_l,5.066666666666666
Q3,1994-03-22,amm_ug_l,NA
Q3,1994-03-29,k_mg_l,0.8633333333333333
Q3,1994-03-29,nitrate_ug_l,46.22222222222222
Q3,1994-03-29,mg_mg_l,3.3533333333333335
Q3,1994-03-29,ca_mg_l,5.017777777777778
Q3,1994-03-29,amm_ug_l,NA
Q3,1994-04-05,k_mg_l,0.8711111111111112
Q3,1994-04-05,nitrate_ug_l,47.22222222222222
Q3,1994-04-05,mg_mg_l,3.4588888888888887
Q3,1994-04-05,ca_mg_l,5.131111111111111
Q3,1994-04-05,amm_ug_l,NA
Q3,1994-04-12,k_mg_l,0.8688888888888889
Q3,1994-04-12,nitrate_ug_l,46.666666666666664
Q3,1994-04-12,mg_mg_l,3.4744444444444444
Q3,1994-04-12,ca_mg_l,5.105555555555555
Q3,1994-04-12,amm_ug_l,NA
Q3,1994-04-19,k_mg_l,0.8666666666666667
Q3,1994-04-19,nitrate_ug_l,31.666666666666668
Q3,1994-04-19,mg_mg_l,3.5444444444444443
Q3,1994-04-19,ca_mg_l,5.2011111111111115
Q3,1994-04-19,amm_ug_l,NA
Q3,1994-04-26,k_mg_l,0.8555555555555555
Q3,1994-04-26,nitrate_ug_l,17.11111111111111
Q3,1994-04-26,mg_mg_l,3.5833333333333335
Q3,1994-04-26,ca_mg_l,5.291111111111111
Q3,1994-04-26,amm_ug_l,NA
Q3,1994-05-03,k_mg_l,0.881
Q3,1994-05-03,nitrate_ug_l,29
Q3,1994-05-03,mg_mg_l,3.44
Q3,1994-05-03,ca_mg_l,5.02
Q3,1994-05-03,amm_ug_l,NA
Q3,1994-05-10,k_mg_l,0.893
Q3,1994-05-10,nitrate_ug_l,28.77777777777778
Q3,1994-05-10,mg_mg_l,3.457
Q3,1994-05-10,ca_mg_l,5.003
Q3,1994-05-10,amm_ug_l,NA
Q3,1994-05-17,k_mg_l,0.882
Q3,1994-05-17,nitrate_ug_l,42.333333333333336
Q3,1994-05-17,mg_mg_l,3.565
Q3,1994-05-17,ca_mg_l,5.155
Q3,1994-05-17,amm_ug_l,NA
Q3,1994-05-24,k_mg_l,0.907
Q3,1994-05-24,nitrate_ug_l,52.111111111111114
Q3,1994-05-24,mg_mg_l,3.657
Q3,1994-05-24,ca_mg_l,5.294
Q3,1994-05-24,amm_ug_l,NA
Q3,1994-05-31,k_mg_l,0.902
Q3,1994-05-31,nitrate_ug_l,55.625
Q3,1994-05-31,mg_mg_l,3.6559999999999997
Q3,1994-05-31,ca_mg_l,5.271
Q3,1994-05-31,amm_ug_l,NA
Q3,1994-06-07,k_mg_l,0.882
Q3,1994-06-07,nitrate_ug_l,60
Q3,1994-06-07,mg_mg_l,3.528
Q3,1994-06-07,ca_mg_l,5.069
Q3,1994-06-07,amm_ug_l,NA
Q3,1994-06-14,k_mg_l,0.867
Q3,1994-06-14,nitrate_ug_l,68.66666666666667
Q3,1994-06-14,mg_mg_l,3.491
Q3,1994-06-14,ca_mg_l,5.009
Q3,1994-06-14,amm_ug_l,NA
Q3,1994-06-21,k_mg_l,0.887
Q3,1994-06-21,nitrate_ug_l,80.2
Q3,1994-06-21,mg_mg_l,3.475
Q3,1994-06-21,ca_mg_l,4.959
Q3,1994-06-21,amm_ug_l,NA
Q3,1994-06-28,k_mg_l,0.888
Q3,1994-06-28,nitrate_ug_l,97.75
Q3,1994-06-28,mg_mg_l,3.54
Q3,1994-06-28,ca_mg_l,5
Q3,1994-06-28,amm_ug_l,NA
Q3,1994-06-30,k_mg_l,0.867
Q3,1994-06-30,nitrate_ug_l,97.75
Q3,1994-06-30,mg_mg_l,3.541
Q3,1994-06-30,ca_mg_l,5
Q3,1994-06-30,amm_ug_l,NA
Q3,1994-07-05,k_mg_l,0.8422222222222222
Q3,1994-07-05,nitrate_ug_l,87.33333333333333
Q3,1994-07-05,mg_mg_l,3.683333333333333
Q3,1994-07-05,ca_mg_l,5.221111111111111
Q3,1994-07-05,amm_ug_l,NA
Q3,1994-07-12,k_mg_l,0.8588888888888889
Q3,1994-07-12,nitrate_ug_l,127.5
Q3,1994-07-12,mg_mg_l,3.761111111111111
Q3,1994-07-12,ca_mg_l,5.363333333333333
Q3,1994-07-12,amm_ug_l,NA
Q3,1994-07-19,k_mg_l,0.86
Q3,1994-07-19,nitrate_ug_l,110
Q3,1994-07-19,mg_mg_l,3.7577777777777777
Q3,1994-07-19,ca_mg_l,5.338888888888889
Q3,1994-07-19,amm_ug_l,NA
Q3,1994-07-26,k_mg_l,0.8433333333333334
Q3,1994-07-26,nitrate_ug_l,NA
Q3,1994-07-26,mg_mg_l,3.522222222222222
Q3,1994-07-26,ca_mg_l,4.98
Q3,1994-07-26,amm_ug_l,NA
Q3,1994-08-02,k_mg_l,0.8511111111111112
Q3,1994-08-02,nitrate_ug_l,NA
Q3,1994-08-02,mg_mg_l,3.521111111111111
Q3,1994-08-02,ca_mg_l,5.023333333333333
Q3,1994-08-02,amm_ug_l,NA
Q3,1994-08-09,k_mg_l,0.8544444444444445
Q3,1994-08-09,nitrate_ug_l,NA
Q3,1994-08-09,mg_mg_l,3.5577777777777775
Q3,1994-08-09,ca_mg_l,5.13
Q3,1994-08-09,amm_ug_l,NA
Q3,1994-08-16,k_mg_l,0.8544444444444445
Q3,1994-08-16,nitrate_ug_l,NA
Q3,1994-08-16,mg_mg_l,3.5255555555555556
Q3,1994-08-16,ca_mg_l,5.05
Q3,1994-08-16,amm_ug_l,NA
Q3,1994-08-23,k_mg_l,0.8533333333333333
Q3,1994-08-23,nitrate_ug_l,NA
Q3,1994-08-23,mg_mg_l,3.5033333333333334
Q3,1994-08-23,ca_mg_l,5.065555555555555
Q3,1994-08-23,amm_ug_l,NA
Q3,1994-08-30,k_mg_l,0.8577777777777778
Q3,1994-08-30,nitrate_ug_l,NA
Q3,1994-08-30,mg_mg_l,3.3277777777777775
Q3,1994-08-30,ca_mg_l,4.845555555555555
Q3,1994-08-30,amm_ug_l,NA
Q3,1994-09-06,k_mg_l,0.8855555555555555
Q3,1994-09-06,nitrate_ug_l,NA
Q3,1994-09-06,mg_mg_l,3.3266666666666667
Q3,1994-09-06,ca_mg_l,4.86
Q3,1994-09-06,amm_ug_l,NA
Q3,1994-09-13,k_mg_l,0.86
Q3,1994-09-13,nitrate_ug_l,NA
Q3,1994-09-13,mg_mg_l,3.0555555555555554
Q3,1994-09-13,ca_mg_l,4.437777777777778
Q3,1994-09-13,amm_ug_l,NA
Q3,1994-09-20,k_mg_l,0.8688888888888889
Q3,1994-09-20,nitrate_ug_l,NA
Q3,1994-09-20,mg_mg_l,2.986666666666667
Q3,1994-09-20,ca_mg_l,4.337777777777777
Q3,1994-09-20,amm_ug_l,NA
Q3,1994-09-27,k_mg_l,0.8644444444444445
Q3,1994-09-27,nitrate_ug_l,NA
Q3,1994-09-27,mg_mg_l,3.1544444444444446
Q3,1994-09-27,ca_mg_l,4.561111111111111
Q3,1994-09-27,amm_ug_l,NA
Q3,1994-10-04,k_mg_l,0.8466666666666667
Q3,1994-10-04,nitrate_ug_l,NA
Q3,1994-10-04,mg_mg_l,3.081111111111111
Q3,1994-10-04,ca_mg_l,4.41
Q3,1994-10-04,amm_ug_l,NA
Q3,1994-10-11,k_mg_l,0.8322222222222222
Q3,1994-10-11,nitrate_ug_l,NA
Q3,1994-10-11,mg_mg_l,2.9966666666666666
Q3,1994-10-11,ca_mg_l,4.238888888888889
Q3,1994-10-11,amm_ug_l,NA
Q3,1994-10-18,k_mg_l,0.8333333333333334
Q3,1994-10-18,nitrate_ug_l,NA
Q3,1994-10-18,mg_mg_l,2.9988888888888887
Q3,1994-10-18,ca_mg_l,4.2877777777777775
Q3,1994-10-18,amm_ug_l,NA
Q3,1994-10-25,k_mg_l,0.8733333333333333
Q3,1994-10-25,nitrate_ug_l,NA
Q3,1994-10-25,mg_mg_l,3.0411111111111113
Q3,1994-10-25,ca_mg_l,4.308888888888889
Q3,1994-10-25,amm_ug_l,NA
Q3,1994-11-01,k_mg_l,0.8477777777777777
Q3,1994-11-01,nitrate_ug_l,NA
Q3,1994-11-01,mg_mg_l,3.082222222222222
Q3,1994-11-01,ca_mg_l,4.412222222222222
Q3,1994-11-01,amm_ug_l,NA
Q3,1994-11-08,k_mg_l,0.83625
Q3,1994-11-08,nitrate_ug_l,NA
Q3,1994-11-08,mg_mg_l,3.02875
Q3,1994-11-08,ca_mg_l,4.3125
Q3,1994-11-08,amm_ug_l,NA
Q3,1994-11-15,k_mg_l,0.8442857142857143
Q3,1994-11-15,nitrate_ug_l,NA
Q3,1994-11-15,mg_mg_l,3.1471428571428572
Q3,1994-11-15,ca_mg_l,4.474285714285714
Q3,1994-11-15,amm_ug_l,NA
Q3,1994-11-22,k_mg_l,0.8516666666666667
Q3,1994-11-22,nitrate_ug_l,NA
Q3,1994-11-22,mg_mg_l,3.163333333333333
Q3,1994-11-22,ca_mg_l,4.495
Q3,1994-11-22,amm_ug_l,NA
Q3,1994-11-29,k_mg_l,0.85
Q3,1994-11-29,nitrate_ug_l,NA
Q3,1994-11-29,mg_mg_l,3.198
Q3,1994-11-29,ca_mg_l,4.586
Q3,1994-11-29,amm_ug_l,NA
Q3,1994-12-06,k_mg_l,0.895
Q3,1994-12-06,nitrate_ug_l,NA
Q3,1994-12-06,mg_mg_l,3.28
Q3,1994-12-06,ca_mg_l,4.7375
Q3,1994-12-06,amm_ug_l,NA
Q3,1994-12-13,k_mg_l,0.9500000000000001
Q3,1994-12-13,nitrate_ug_l,NA
Q3,1994-12-13,mg_mg_l,3.3833333333333333
Q3,1994-12-13,ca_mg_l,4.93
Q3,1994-12-13,amm_ug_l,NA
Q3,1994-12-20,k_mg_l,1.0350000000000001
Q3,1994-12-20,nitrate_ug_l,NA
Q3,1994-12-20,mg_mg_l,3.5199999999999996
Q3,1994-12-20,ca_mg_l,5.109999999999999
Q3,1994-12-20,amm_ug_l,NA
Q3,1994-12-27,k_mg_l,0.8
Q3,1994-12-27,nitrate_ug_l,NA
Q3,1994-12-27,mg_mg_l,3.26
Q3,1994-12-27,ca_mg_l,4.85
Q3,1994-12-27,amm_ug_l,NA
MPR,1989-05-16,k_mg_l,0.6855555555555556
MPR,1989-05-16,nitrate_ug_l,59.625
MPR,1989-05-16,mg_mg_l,1.96
MPR,1989-05-16,ca_mg_l,6.483333333333333
MPR,1989-05-16,amm_ug_l,NA
MPR,1989-05-23,k_mg_l,0.675
MPR,1989-05-23,nitrate_ug_l,58.285714285714285
MPR,1989-05-23,mg_mg_l,1.965
MPR,1989-05-23,ca_mg_l,6.525
MPR,1989-05-23,amm_ug_l,NA
MPR,1989-05-30,k_mg_l,0.67125
MPR,1989-05-30,nitrate_ug_l,49.857142857142854
MPR,1989-05-30,mg_mg_l,1.85125
MPR,1989-05-30,ca_mg_l,6.4975000000000005
MPR,1989-05-30,amm_ug_l,NA
MPR,1989-06-06,k_mg_l,0.675
MPR,1989-06-06,nitrate_ug_l,51.42857142857143
MPR,1989-06-06,mg_mg_l,1.85875
MPR,1989-06-06,ca_mg_l,6.73375
MPR,1989-06-06,amm_ug_l,NA
MPR,1989-06-13,k_mg_l,0.68875
MPR,1989-06-13,nitrate_ug_l,65.42857142857143
MPR,1989-06-13,mg_mg_l,1.87875
MPR,1989-06-13,ca_mg_l,6.83375
MPR,1989-06-13,amm_ug_l,NA
MPR,1989-06-20,k_mg_l,0.7
MPR,1989-06-20,nitrate_ug_l,61.285714285714285
MPR,1989-06-20,mg_mg_l,1.855
MPR,1989-06-20,ca_mg_l,6.93
MPR,1989-06-20,amm_ug_l,NA
MPR,1989-06-27,k_mg_l,0.69375
MPR,1989-06-27,nitrate_ug_l,67.42857142857143
MPR,1989-06-27,mg_mg_l,1.75375
MPR,1989-06-27,ca_mg_l,6.6
MPR,1989-06-27,amm_ug_l,NA
MPR,1989-07-05,k_mg_l,0.67625
MPR,1989-07-05,nitrate_ug_l,62.625
MPR,1989-07-05,mg_mg_l,1.5314285714285714
MPR,1989-07-05,ca_mg_l,6.15875
MPR,1989-07-05,amm_ug_l,NA
MPR,1989-07-11,k_mg_l,0.6842857142857143
MPR,1989-07-11,nitrate_ug_l,70.14285714285714
MPR,1989-07-11,mg_mg_l,1.65
MPR,1989-07-11,ca_mg_l,6.585714285714285
MPR,1989-07-11,amm_ug_l,NA
MPR,1989-07-26,k_mg_l,0.6614285714285714
MPR,1989-07-26,nitrate_ug_l,73.71428571428571
MPR,1989-07-26,mg_mg_l,1.5783333333333334
MPR,1989-07-26,ca_mg_l,6.252857142857143
MPR,1989-07-26,amm_ug_l,NA
MPR,1989-08-01,k_mg_l,0.6566666666666666
MPR,1989-08-01,nitrate_ug_l,84.33333333333333
MPR,1989-08-01,mg_mg_l,1.594
MPR,1989-08-01,ca_mg_l,6.136666666666667
MPR,1989-08-01,amm_ug_l,NA
MPR,1989-08-08,k_mg_l,0.7033333333333334
MPR,1989-08-08,nitrate_ug_l,82.66666666666667
MPR,1989-08-08,mg_mg_l,1.83
MPR,1989-08-08,ca_mg_l,5.65
MPR,1989-08-08,amm_ug_l,NA
MPR,1989-08-15,k_mg_l,0.755
MPR,1989-08-15,nitrate_ug_l,64
MPR,1989-08-15,mg_mg_l,1.898
MPR,1989-08-15,ca_mg_l,5.74
MPR,1989-08-15,amm_ug_l,NA
MPR,1989-08-22,k_mg_l,0.758
MPR,1989-08-22,nitrate_ug_l,68.6
MPR,1989-08-22,mg_mg_l,1.9049999999999998
MPR,1989-08-22,ca_mg_l,5.402
MPR,1989-08-22,amm_ug_l,NA
MPR,1989-08-29,k_mg_l,0.87
MPR,1989-08-29,nitrate_ug_l,95.2
MPR,1989-08-29,mg_mg_l,2.17
MPR,1989-08-29,ca_mg_l,6.04
MPR,1989-08-29,amm_ug_l,NA
MPR,1989-09-12,k_mg_l,1.078
MPR,1989-09-12,nitrate_ug_l,212.2
MPR,1989-09-12,mg_mg_l,2.094
MPR,1989-09-12,ca_mg_l,6.5600000000000005
MPR,1989-09-12,amm_ug_l,NA
MPR,1989-10-03,k_mg_l,1.16
MPR,1989-10-03,nitrate_ug_l,250.14285714285714
MPR,1989-10-03,mg_mg_l,2.236666666666667
MPR,1989-10-03,ca_mg_l,7.4350000000000005
MPR,1989-10-03,amm_ug_l,NA
MPR,1989-10-10,k_mg_l,1.1316666666666666
MPR,1989-10-10,nitrate_ug_l,240.14285714285714
MPR,1989-10-10,mg_mg_l,2.1933333333333334
MPR,1989-10-10,ca_mg_l,8.528333333333334
MPR,1989-10-10,amm_ug_l,NA
MPR,1989-10-24,k_mg_l,0.9328571428571428
MPR,1989-10-24,nitrate_ug_l,230.85714285714286
MPR,1989-10-24,mg_mg_l,2.4316666666666666
MPR,1989-10-24,ca_mg_l,7.891666666666667
MPR,1989-10-24,amm_ug_l,NA
MPR,1989-11-07,k_mg_l,0.98875
MPR,1989-11-07,nitrate_ug_l,221.14285714285714
MPR,1989-11-07,mg_mg_l,2.407142857142857
MPR,1989-11-07,ca_mg_l,8.175714285714285
MPR,1989-11-07,amm_ug_l,NA
MPR,1989-11-14,k_mg_l,0.915
MPR,1989-11-14,nitrate_ug_l,149.57142857142858
MPR,1989-11-14,mg_mg_l,2.5114285714285716
MPR,1989-11-14,ca_mg_l,8.735714285714286
MPR,1989-11-14,amm_ug_l,NA
MPR,1989-11-21,k_mg_l,0.8825000000000001
MPR,1989-11-21,nitrate_ug_l,112.71428571428571
MPR,1989-11-21,mg_mg_l,2.572857142857143
MPR,1989-11-21,ca_mg_l,9.21857142857143
MPR,1989-11-21,amm_ug_l,NA
MPR,1989-11-28,k_mg_l,0.9
MPR,1989-11-28,nitrate_ug_l,85.85714285714286
MPR,1989-11-28,mg_mg_l,2.5187500000000003
MPR,1989-11-28,ca_mg_l,9.15375
MPR,1989-11-28,amm_ug_l,NA
MPR,1989-12-05,k_mg_l,0.9077777777777778
MPR,1989-12-05,nitrate_ug_l,109.42857142857143
MPR,1989-12-05,mg_mg_l,2.47625
MPR,1989-12-05,ca_mg_l,9.0525
MPR,1989-12-05,amm_ug_l,NA
MPR,1989-12-12,k_mg_l,0.93
MPR,1989-12-12,nitrate_ug_l,138.71428571428572
MPR,1989-12-12,mg_mg_l,2.445
MPR,1989-12-12,ca_mg_l,9.08125
MPR,1989-12-12,amm_ug_l,NA
MPR,1989-12-19,k_mg_l,1.0122222222222221
MPR,1989-12-19,nitrate_ug_l,181.85714285714286
MPR,1989-12-19,mg_mg_l,2.28625
MPR,1989-12-19,ca_mg_l,9.74
MPR,1989-12-19,amm_ug_l,NA
MPR,1989-12-26,k_mg_l,1.1088888888888888
MPR,1989-12-26,nitrate_ug_l,163.125
MPR,1989-12-26,mg_mg_l,2.276666666666667
MPR,1989-12-26,ca_mg_l,9.663333333333334
MPR,1989-12-26,amm_ug_l,NA
MPR,1990-01-02,k_mg_l,1.1322222222222222
MPR,1990-01-02,nitrate_ug_l,172
MPR,1990-01-02,mg_mg_l,2.22
MPR,1990-01-02,ca_mg_l,9.39375
MPR,1990-01-02,amm_ug_l,NA
MPR,1990-01-09,k_mg_l,1.0566666666666666
MPR,1990-01-09,nitrate_ug_l,170.66666666666666
MPR,1990-01-09,mg_mg_l,2.2911111111111113
MPR,1990-01-09,ca_mg_l,9.86125
MPR,1990-01-09,amm_ug_l,NA
MPR,1990-01-16,k_mg_l,1.0744444444444445
MPR,1990-01-16,nitrate_ug_l,195.11111111111111
MPR,1990-01-16,mg_mg_l,2.1222222222222222
MPR,1990-01-16,ca_mg_l,8.98875
MPR,1990-01-16,amm_ug_l,NA
MPR,1990-01-23,k_mg_l,1.0688888888888888
MPR,1990-01-23,nitrate_ug_l,209.22222222222223
MPR,1990-01-23,mg_mg_l,2.106666666666667
MPR,1990-01-23,ca_mg_l,8.71
MPR,1990-01-23,amm_ug_l,NA
MPR,1990-01-30,k_mg_l,1.0855555555555556
MPR,1990-01-30,nitrate_ug_l,243.88888888888889
MPR,1990-01-30,mg_mg_l,2.048888888888889
MPR,1990-01-30,ca_mg_l,8.305
MPR,1990-01-30,amm_ug_l,NA
MPR,1990-02-06,k_mg_l,1.08
MPR,1990-02-06,nitrate_ug_l,220.33333333333334
MPR,1990-02-06,mg_mg_l,2.0533333333333332
MPR,1990-02-06,ca_mg_l,8.18625
MPR,1990-02-06,amm_ug_l,NA
MPR,1990-02-13,k_mg_l,1.0755555555555556
MPR,1990-02-13,nitrate_ug_l,210.22222222222223
MPR,1990-02-13,mg_mg_l,2.0633333333333335
MPR,1990-02-13,ca_mg_l,8.12375
MPR,1990-02-13,amm_ug_l,NA
MPR,1990-02-20,k_mg_l,1.0544444444444445
MPR,1990-02-20,nitrate_ug_l,190.44444444444446
MPR,1990-02-20,mg_mg_l,2.042222222222222
MPR,1990-02-20,ca_mg_l,8.08375
MPR,1990-02-20,amm_ug_l,NA
MPR,1990-02-27,k_mg_l,1.0333333333333332
MPR,1990-02-27,nitrate_ug_l,188
MPR,1990-02-27,mg_mg_l,2.0655555555555556
MPR,1990-02-27,ca_mg_l,8.2625
MPR,1990-02-27,amm_ug_l,NA
MPR,1990-03-06,k_mg_l,1.0322222222222222
MPR,1990-03-06,nitrate_ug_l,180.55555555555554
MPR,1990-03-06,mg_mg_l,2.0611111111111113
MPR,1990-03-06,ca_mg_l,8.338888888888889
MPR,1990-03-06,amm_ug_l,NA
MPR,1990-03-13,k_mg_l,1.0266666666666666
MPR,1990-03-13,nitrate_ug_l,164.66666666666666
MPR,1990-03-13,mg_mg_l,2.0611111111111113
MPR,1990-03-13,ca_mg_l,8.394444444444444
MPR,1990-03-13,amm_ug_l,NA
MPR,1990-03-20,k_mg_l,1.0022222222222221
MPR,1990-03-20,nitrate_ug_l,155.44444444444446
MPR,1990-03-20,mg_mg_l,2.138888888888889
MPR,1990-03-20,ca_mg_l,8.891111111111112
MPR,1990-03-20,amm_ug_l,NA
MPR,1990-03-27,k_mg_l,1.0077777777777777
MPR,1990-03-27,nitrate_ug_l,143.33333333333334
MPR,1990-03-27,mg_mg_l,2.152222222222222
MPR,1990-03-27,ca_mg_l,9.083333333333334
MPR,1990-03-27,amm_ug_l,NA
MPR,1990-04-03,k_mg_l,0.9944444444444445
MPR,1990-04-03,nitrate_ug_l,130.11111111111111
MPR,1990-04-03,mg_mg_l,2.207777777777778
MPR,1990-04-03,ca_mg_l,9.503333333333334
MPR,1990-04-03,amm_ug_l,NA
MPR,1990-04-10,k_mg_l,1.0033333333333334
MPR,1990-04-10,nitrate_ug_l,140
MPR,1990-04-10,mg_mg_l,2.1944444444444446
MPR,1990-04-10,ca_mg_l,9.551111111111112
MPR,1990-04-10,amm_ug_l,NA
MPR,1990-04-17,k_mg_l,1.0033333333333334
MPR,1990-04-17,nitrate_ug_l,149.88888888888889
MPR,1990-04-17,mg_mg_l,2.16
MPR,1990-04-17,ca_mg_l,9.3966666666666665
MPR,1990-04-17,amm_ug_l,NA
MPR,1990-04-24,k_mg_l,0.9977777777777778
MPR,1990-04-24,nitrate_ug_l,155.88888888888889
MPR,1990-04-24,mg_mg_l,2.1555555555555554
MPR,1990-04-24,ca_mg_l,9.324444444444445
MPR,1990-04-24,amm_ug_l,NA
MPR,1990-05-01,k_mg_l,0.9844444444444445
MPR,1990-05-01,nitrate_ug_l,181.11111111111111
MPR,1990-05-01,mg_mg_l,2.0633333333333335
MPR,1990-05-01,ca_mg_l,8.854444444444445
MPR,1990-05-01,amm_ug_l,NA
MPR,1990-05-08,k_mg_l,0.9777777777777777
MPR,1990-05-08,nitrate_ug_l,175.11111111111111
MPR,1990-05-08,mg_mg_l,2.0944444444444446
MPR,1990-05-08,ca_mg_l,8.975555555555555
MPR,1990-05-08,amm_ug_l,NA
MPR,1990-05-15,k_mg_l,0.9666666666666667
MPR,1990-05-15,nitrate_ug_l,190.22222222222223
MPR,1990-05-15,mg_mg_l,2.0844444444444443
MPR,1990-05-15,ca_mg_l,8.913333333333334
MPR,1990-05-15,amm_ug_l,NA
MPR,1990-05-22,k_mg_l,0.9566666666666667
MPR,1990-05-22,nitrate_ug_l,163.55555555555554
MPR,1990-05-22,mg_mg_l,2.1355555555555554
MPR,1990-05-22,ca_mg_l,8.998888888888889
MPR,1990-05-22,amm_ug_l,NA
MPR,1990-05-29,k_mg_l,0.9544444444444444
MPR,1990-05-29,nitrate_ug_l,187
MPR,1990-05-29,mg_mg_l,2.002222222222222
MPR,1990-05-29,ca_mg_l,8.342222222222222
MPR,1990-05-29,amm_ug_l,NA
MPR,1990-06-05,k_mg_l,0.9299999999999999
MPR,1990-06-05,nitrate_ug_l,175.66666666666666
MPR,1990-06-05,mg_mg_l,2.0355555555555553
MPR,1990-06-05,ca_mg_l,8.523333333333333
MPR,1990-06-05,amm_ug_l,NA
MPR,1990-06-12,k_mg_l,0.9166666666666666
MPR,1990-06-12,nitrate_ug_l,163.33333333333334
MPR,1990-06-12,mg_mg_l,2.1166666666666667
MPR,1990-06-12,ca_mg_l,8.823333333333332
MPR,1990-06-12,amm_ug_l,NA
MPR,1990-06-19,k_mg_l,0.8977777777777778
MPR,1990-06-19,nitrate_ug_l,177.33333333333334
MPR,1990-06-19,mg_mg_l,2.01
MPR,1990-06-19,ca_mg_l,8.57
MPR,1990-06-19,amm_ug_l,NA
MPR,1990-06-26,k_mg_l,0.8877777777777778
MPR,1990-06-26,nitrate_ug_l,171
MPR,1990-06-26,mg_mg_l,2.0355555555555553
MPR,1990-06-26,ca_mg_l,8.762222222222222
MPR,1990-06-26,amm_ug_l,NA
MPR,1990-07-03,k_mg_l,0.8855555555555555
MPR,1990-07-03,nitrate_ug_l,154.11111111111111
MPR,1990-07-03,mg_mg_l,2.101111111111111
MPR,1990-07-03,ca_mg_l,9.19111111111111
MPR,1990-07-03,amm_ug_l,NA
MPR,1990-07-10,k_mg_l,0.8744444444444445
MPR,1990-07-10,nitrate_ug_l,152.22222222222223
MPR,1990-07-10,mg_mg_l,2.0677777777777777
MPR,1990-07-10,ca_mg_l,9.076666666666666
MPR,1990-07-10,amm_ug_l,NA
MPR,1990-07-17,k_mg_l,0.8688888888888888
MPR,1990-07-17,nitrate_ug_l,142.66666666666666
MPR,1990-07-17,mg_mg_l,2.0544444444444445
MPR,1990-07-17,ca_mg_l,9.086666666666666
MPR,1990-07-17,amm_ug_l,NA
MPR,1990-07-24,k_mg_l,0.8655555555555555
MPR,1990-07-24,nitrate_ug_l,155.88888888888889
MPR,1990-07-24,mg_mg_l,2.0122222222222224
MPR,1990-07-24,ca_mg_l,9.01
MPR,1990-07-24,amm_ug_l,NA
MPR,1990-07-31,k_mg_l,0.8522222222222222
MPR,1990-07-31,nitrate_ug_l,131.88888888888889
MPR,1990-07-31,mg_mg_l,2.1422222222222222
MPR,1990-07-31,ca_mg_l,9.635555555555555
MPR,1990-07-31,amm_ug_l,NA
MPR,1990-08-07,k_mg_l,0.8422222222222222
MPR,1990-08-07,nitrate_ug_l,128.88888888888889
MPR,1990-08-07,mg_mg_l,2.1055555555555556
MPR,1990-08-07,ca_mg_l,9.421111111111111
MPR,1990-08-07,amm_ug_l,NA
MPR,1990-08-14,k_mg_l,0.84
MPR,1990-08-14,nitrate_ug_l,130.88888888888889
MPR,1990-08-14,mg_mg_l,2.0155555555555553
MPR,1990-08-14,ca_mg_l,9.071111111111112
MPR,1990-08-14,amm_ug_l,NA
MPR,1990-08-21,k_mg_l,0.8344444444444444
MPR,1990-08-21,nitrate_ug_l,108.55555555555556
MPR,1990-08-21,mg_mg_l,2.128888888888889
MPR,1990-08-21,ca_mg_l,9.212222222222222
MPR,1990-08-21,amm_ug_l,NA
MPR,1990-08-28,k_mg_l,0.8266666666666667
MPR,1990-08-28,nitrate_ug_l,113.33333333333333
MPR,1990-08-28,mg_mg_l,2.0844444444444443
MPR,1990-08-28,ca_mg_l,8.973333333333333
MPR,1990-08-28,amm_ug_l,NA
MPR,1990-09-04,k_mg_l,0.8111111111111111
MPR,1990-09-04,nitrate_ug_l,118.66666666666667
MPR,1990-09-04,mg_mg_l,1.9944444444444445
MPR,1990-09-04,ca_mg_l,8.337777777777777
MPR,1990-09-04,amm_ug_l,NA
MPR,1990-09-11,k_mg_l,0.8011111111111111
MPR,1990-09-11,nitrate_ug_l,107
MPR,1990-09-11,mg_mg_l,1.96
MPR,1990-09-11,ca_mg_l,8.11
MPR,1990-09-11,amm_ug_l,NA
MPR,1990-09-18,k_mg_l,0.7911111111111111
MPR,1990-09-18,nitrate_ug_l,112
MPR,1990-09-18,mg_mg_l,1.9744444444444444
MPR,1990-09-18,ca_mg_l,7.933333333333334
MPR,1990-09-18,amm_ug_l,NA
MPR,1990-09-25,k_mg_l,0.7855555555555556
MPR,1990-09-25,nitrate_ug_l,117.25
MPR,1990-09-25,mg_mg_l,2.0355555555555553
MPR,1990-09-25,ca_mg_l,8.05111111111111
MPR,1990-09-25,amm_ug_l,NA
MPR,1990-10-02,k_mg_l,0.77
MPR,1990-10-02,nitrate_ug_l,126.125
MPR,1990-10-02,mg_mg_l,1.9877777777777779
MPR,1990-10-02,ca_mg_l,7.89
MPR,1990-10-02,amm_ug_l,NA
MPR,1990-10-09,k_mg_l,0.7633333333333333
MPR,1990-10-09,nitrate_ug_l,142.125
MPR,1990-10-09,mg_mg_l,1.7955555555555556
MPR,1990-10-09,ca_mg_l,6.92
MPR,1990-10-09,amm_ug_l,NA
MPR,1990-10-16,k_mg_l,0.7355555555555555
MPR,1990-10-16,nitrate_ug_l,138.375
MPR,1990-10-16,mg_mg_l,1.83
MPR,1990-10-16,ca_mg_l,7.078888888888889
MPR,1990-10-16,amm_ug_l,NA
MPR,1990-10-23,k_mg_l,0.7111111111111111
MPR,1990-10-23,nitrate_ug_l,141.75
MPR,1990-10-23,mg_mg_l,1.8266666666666667
MPR,1990-10-23,ca_mg_l,7.238888888888889
MPR,1990-10-23,amm_ug_l,NA
MPR,1990-10-30,k_mg_l,0.725
MPR,1990-10-30,nitrate_ug_l,136.88888888888889
MPR,1990-10-30,mg_mg_l,1.903
MPR,1990-10-30,ca_mg_l,7.232
MPR,1990-10-30,amm_ug_l,NA
MPR,1990-11-06,k_mg_l,0.7266666666666667
MPR,1990-11-06,nitrate_ug_l,137.375
MPR,1990-11-06,mg_mg_l,1.9633333333333334
MPR,1990-11-06,ca_mg_l,7.547777777777777
MPR,1990-11-06,amm_ug_l,NA
MPR,1990-11-13,k_mg_l,0.7277777777777777
MPR,1990-11-13,nitrate_ug_l,152.375
MPR,1990-11-13,mg_mg_l,1.98
MPR,1990-11-13,ca_mg_l,7.78
MPR,1990-11-13,amm_ug_l,NA
MPR,1990-11-20,k_mg_l,0.7077777777777777
MPR,1990-11-20,nitrate_ug_l,152.375
MPR,1990-11-20,mg_mg_l,1.95
MPR,1990-11-20,ca_mg_l,7.7877777777777775
MPR,1990-11-20,amm_ug_l,NA
MPR,1990-11-27,k_mg_l,0.66
MPR,1990-11-27,nitrate_ug_l,146.375
MPR,1990-11-27,mg_mg_l,2.062222222222222
MPR,1990-11-27,ca_mg_l,7.295555555555556
MPR,1990-11-27,amm_ug_l,NA
MPR,1990-12-04,k_mg_l,0.6533333333333333
MPR,1990-12-04,nitrate_ug_l,136.75
MPR,1990-12-04,mg_mg_l,2.1144444444444446
MPR,1990-12-04,ca_mg_l,6.934444444444445
MPR,1990-12-04,amm_ug_l,NA
MPR,1990-12-11,k_mg_l,0.6488888888888888
MPR,1990-12-11,nitrate_ug_l,139
MPR,1990-12-11,mg_mg_l,2.25
MPR,1990-12-11,ca_mg_l,7.6322222222222225
MPR,1990-12-11,amm_ug_l,NA
MPR,1990-12-18,k_mg_l,0.6622222222222223
MPR,1990-12-18,nitrate_ug_l,135.75
MPR,1990-12-18,mg_mg_l,2.2555555555555555
MPR,1990-12-18,ca_mg_l,7.608888888888889
MPR,1990-12-18,amm_ug_l,NA
MPR,1990-12-25,k_mg_l,0.6688888888888889
MPR,1990-12-25,nitrate_ug_l,142.5
MPR,1990-12-25,mg_mg_l,2.1688888888888886
MPR,1990-12-25,ca_mg_l,7.18
MPR,1990-12-25,amm_ug_l,NA
MPR,1990-12-31,k_mg_l,0.6577777777777778
MPR,1990-12-31,nitrate_ug_l,132.75
MPR,1990-12-31,mg_mg_l,2.0233333333333334
MPR,1990-12-31,ca_mg_l,6.872222222222222
MPR,1990-12-31,amm_ug_l,NA
MPR,1991-01-08,k_mg_l,0.6266666666666667
MPR,1991-01-08,nitrate_ug_l,129.14285714285714
MPR,1991-01-08,mg_mg_l,2.1244444444444444
MPR,1991-01-08,ca_mg_l,7.308888888888889
MPR,1991-01-08,amm_ug_l,NA
MPR,1991-01-15,k_mg_l,0.8411111111111111
MPR,1991-01-15,nitrate_ug_l,127.28571428571429
MPR,1991-01-15,mg_mg_l,2.148888888888889
MPR,1991-01-15,ca_mg_l,7.403333333333333
MPR,1991-01-15,amm_ug_l,NA
MPR,1991-01-22,k_mg_l,0.86
MPR,1991-01-22,nitrate_ug_l,131.875
MPR,1991-01-22,mg_mg_l,2.0966666666666667
MPR,1991-01-22,ca_mg_l,7.225555555555555
MPR,1991-01-22,amm_ug_l,NA
MPR,1991-01-29,k_mg_l,0.8911111111111112
MPR,1991-01-29,nitrate_ug_l,133.125
MPR,1991-01-29,mg_mg_l,1.9633333333333334
MPR,1991-01-29,ca_mg_l,7.50125
MPR,1991-01-29,amm_ug_l,NA
MPR,1991-02-05,k_mg_l,0.8922222222222222
MPR,1991-02-05,nitrate_ug_l,121.625
MPR,1991-02-05,mg_mg_l,1.9511111111111112
MPR,1991-02-05,ca_mg_l,7.41875
MPR,1991-02-05,amm_ug_l,NA
MPR,1991-02-12,k_mg_l,0.9022222222222223
MPR,1991-02-12,nitrate_ug_l,96
MPR,1991-02-12,mg_mg_l,1.9011111111111112
MPR,1991-02-12,ca_mg_l,7.14625
MPR,1991-02-12,amm_ug_l,NA
MPR,1991-02-19,k_mg_l,0.9225
MPR,1991-02-19,nitrate_ug_l,100.71428571428571
MPR,1991-02-19,mg_mg_l,1.85
MPR,1991-02-19,ca_mg_l,6.807142857142857
MPR,1991-02-19,amm_ug_l,NA
MPR,1991-02-26,k_mg_l,0.95125
MPR,1991-02-26,nitrate_ug_l,79.42857142857143
MPR,1991-02-26,mg_mg_l,1.84625
MPR,1991-02-26,ca_mg_l,6.574285714285715
MPR,1991-02-26,amm_ug_l,NA
MPR,1991-03-05,k_mg_l,0.97375
MPR,1991-03-05,nitrate_ug_l,82.71428571428571
MPR,1991-03-05,mg_mg_l,1.73125
MPR,1991-03-05,ca_mg_l,6.0928571428571425
MPR,1991-03-05,amm_ug_l,NA
MPR,1991-03-12,k_mg_l,0.9812500000000001
MPR,1991-03-12,nitrate_ug_l,76.375
MPR,1991-03-12,mg_mg_l,1.575
MPR,1991-03-12,ca_mg_l,5.574285714285714
MPR,1991-03-12,amm_ug_l,NA
MPR,1991-03-19,k_mg_l,0.735
MPR,1991-03-19,nitrate_ug_l,71.5
MPR,1991-03-19,mg_mg_l,1.4075
MPR,1991-03-19,ca_mg_l,4.887142857142857
MPR,1991-03-19,amm_ug_l,NA
MPR,1991-03-26,k_mg_l,0.73125
MPR,1991-03-26,nitrate_ug_l,56.625
MPR,1991-03-26,mg_mg_l,1.3771428571428572
MPR,1991-03-26,ca_mg_l,4.551666666666667
MPR,1991-03-26,amm_ug_l,NA
MPR,1991-04-02,k_mg_l,0.7457142857142857
MPR,1991-04-02,nitrate_ug_l,41.25
MPR,1991-04-02,mg_mg_l,1.1228571428571428
MPR,1991-04-02,ca_mg_l,4.551666666666667
MPR,1991-04-02,amm_ug_l,NA
MPR,1991-04-15,k_mg_l,0.77
MPR,1991-04-15,nitrate_ug_l,52.22222222222222
MPR,1991-04-15,mg_mg_l,0.86875
MPR,1991-04-15,ca_mg_l,4.635
MPR,1991-04-15,amm_ug_l,NA
MPR,1991-04-23,k_mg_l,0.7733333333333333
MPR,1991-04-23,nitrate_ug_l,55
MPR,1991-04-23,mg_mg_l,0.8314285714285714
MPR,1991-04-23,ca_mg_l,4.7
MPR,1991-04-23,amm_ug_l,NA
MPR,1991-04-30,k_mg_l,0.7633333333333333
MPR,1991-04-30,nitrate_ug_l,47.888888888888886
MPR,1991-04-30,mg_mg_l,0.7657142857142857
MPR,1991-04-30,ca_mg_l,4.928
MPR,1991-04-30,amm_ug_l,NA
MPR,1991-05-07,k_mg_l,0.75
MPR,1991-05-07,nitrate_ug_l,57.111111111111114
MPR,1991-05-07,mg_mg_l,0.7185714285714285
MPR,1991-05-07,ca_mg_l,5.128
MPR,1991-05-07,amm_ug_l,NA
MPR,1991-05-14,k_mg_l,0.7716666666666667
MPR,1991-05-14,nitrate_ug_l,68.55555555555556
MPR,1991-05-14,mg_mg_l,0.7285714285714285
MPR,1991-05-14,ca_mg_l,5.136
MPR,1991-05-14,amm_ug_l,NA
MPR,1991-05-21,k_mg_l,0.8200000000000001
MPR,1991-05-21,nitrate_ug_l,63
MPR,1991-05-21,mg_mg_l,0.9271428571428572
MPR,1991-05-21,ca_mg_l,5.034
MPR,1991-05-21,amm_ug_l,NA
MPR,1991-05-28,k_mg_l,0.81
MPR,1991-05-28,nitrate_ug_l,59.111111111111114
MPR,1991-05-28,mg_mg_l,1.09
MPR,1991-05-28,ca_mg_l,4.958333333333333
MPR,1991-05-28,amm_ug_l,NA
MPR,1991-06-04,k_mg_l,0.7857142857142857
MPR,1991-06-04,nitrate_ug_l,59.111111111111114
MPR,1991-06-04,mg_mg_l,1.35
MPR,1991-06-04,ca_mg_l,4.8585714285714285
MPR,1991-06-04,amm_ug_l,NA
MPR,1991-06-11,k_mg_l,0.7728571428571429
MPR,1991-06-11,nitrate_ug_l,58.333333333333336
MPR,1991-06-11,mg_mg_l,1.61625
MPR,1991-06-11,ca_mg_l,5.595714285714285
MPR,1991-06-11,amm_ug_l,NA
MPR,1991-06-18,k_mg_l,0.77375
MPR,1991-06-18,nitrate_ug_l,57.125
MPR,1991-06-18,mg_mg_l,1.96875
MPR,1991-06-18,ca_mg_l,6.26
MPR,1991-06-18,amm_ug_l,NA
MPR,1991-06-25,k_mg_l,0.7666666666666667
MPR,1991-06-25,nitrate_ug_l,57.57142857142857
MPR,1991-06-25,mg_mg_l,2.0722222222222224
MPR,1991-06-25,ca_mg_l,6.807777777777778
MPR,1991-06-25,amm_ug_l,NA
MPR,1991-07-02,k_mg_l,0.7988888888888889
MPR,1991-07-02,nitrate_ug_l,72.28571428571429
MPR,1991-07-02,mg_mg_l,2.3055555555555554
MPR,1991-07-02,ca_mg_l,7.207777777777777
MPR,1991-07-02,amm_ug_l,NA
MPR,1991-07-09,k_mg_l,0.8144444444444444
MPR,1991-07-09,nitrate_ug_l,54.714285714285715
MPR,1991-07-09,mg_mg_l,2.46
MPR,1991-07-09,ca_mg_l,7.501111111111111
MPR,1991-07-09,amm_ug_l,NA
MPR,1991-07-16,k_mg_l,0.8477777777777779
MPR,1991-07-16,nitrate_ug_l,43.42857142857143
MPR,1991-07-16,mg_mg_l,2.6633333333333336
MPR,1991-07-16,ca_mg_l,8.184444444444445
MPR,1991-07-16,amm_ug_l,NA
MPR,1991-07-23,k_mg_l,0.8222222222222223
MPR,1991-07-23,nitrate_ug_l,52.142857142857146
MPR,1991-07-23,mg_mg_l,2.681111111111111
MPR,1991-07-23,ca_mg_l,8.598888888888888
MPR,1991-07-23,amm_ug_l,NA
MPR,1991-07-30,k_mg_l,0.8222222222222223
MPR,1991-07-30,nitrate_ug_l,64.14285714285714
MPR,1991-07-30,mg_mg_l,2.756666666666667
MPR,1991-07-30,ca_mg_l,9.314444444444444
MPR,1991-07-30,amm_ug_l,NA
MPR,1991-08-06,k_mg_l,0.8366666666666667
MPR,1991-08-06,nitrate_ug_l,80.14285714285714
MPR,1991-08-06,mg_mg_l,2.6966666666666668
MPR,1991-08-06,ca_mg_l,9.527777777777779
MPR,1991-08-06,amm_ug_l,NA
MPR,1991-08-13,k_mg_l,0.8411111111111111
MPR,1991-08-13,nitrate_ug_l,80.42857142857143
MPR,1991-08-13,mg_mg_l,2.61
MPR,1991-08-13,ca_mg_l,9.283333333333333
MPR,1991-08-13,amm_ug_l,NA
MPR,1991-08-20,k_mg_l,0.8388888888888889
MPR,1991-08-20,nitrate_ug_l,106
MPR,1991-08-20,mg_mg_l,2.4766666666666666
MPR,1991-08-20,ca_mg_l,8.877777777777778
MPR,1991-08-20,amm_ug_l,NA
MPR,1991-08-27,k_mg_l,0.8444444444444444
MPR,1991-08-27,nitrate_ug_l,105.77777777777777
MPR,1991-08-27,mg_mg_l,2.41
MPR,1991-08-27,ca_mg_l,8.448888888888888
MPR,1991-08-27,amm_ug_l,NA
MPR,1991-09-03,k_mg_l,0.8150000000000001
MPR,1991-09-03,nitrate_ug_l,105.55555555555556
MPR,1991-09-03,mg_mg_l,2.34
MPR,1991-09-03,ca_mg_l,8.4125
MPR,1991-09-03,amm_ug_l,NA
MPR,1991-09-10,k_mg_l,0.7362500000000001
MPR,1991-09-10,nitrate_ug_l,115
MPR,1991-09-10,mg_mg_l,2.1350000000000002
MPR,1991-09-10,ca_mg_l,7.61
MPR,1991-09-10,amm_ug_l,NA
MPR,1991-09-17,k_mg_l,0.7277777777777777
MPR,1991-09-17,nitrate_ug_l,120.2
MPR,1991-09-17,mg_mg_l,2.131111111111111
MPR,1991-09-17,ca_mg_l,7.283333333333333
MPR,1991-09-17,amm_ug_l,NA
MPR,1991-09-24,k_mg_l,0.72
MPR,1991-09-24,nitrate_ug_l,124
MPR,1991-09-24,mg_mg_l,2.09875
MPR,1991-09-24,ca_mg_l,7.154999999999999
MPR,1991-09-24,amm_ug_l,NA
MPR,1991-10-01,k_mg_l,0.74
MPR,1991-10-01,nitrate_ug_l,126.22222222222223
MPR,1991-10-01,mg_mg_l,2.01375
MPR,1991-10-01,ca_mg_l,6.6175
MPR,1991-10-01,amm_ug_l,NA
MPR,1991-10-08,k_mg_l,0.7275
MPR,1991-10-08,nitrate_ug_l,113.77777777777777
MPR,1991-10-08,mg_mg_l,1.9975
MPR,1991-10-08,ca_mg_l,6.654999999999999
MPR,1991-10-08,amm_ug_l,NA
MPR,1991-10-15,k_mg_l,0.72125
MPR,1991-10-15,nitrate_ug_l,118.88888888888889
MPR,1991-10-15,mg_mg_l,1.975
MPR,1991-10-15,ca_mg_l,6.5337499999999995
MPR,1991-10-15,amm_ug_l,NA
MPR,1991-10-22,k_mg_l,0.6577777777777778
MPR,1991-10-22,nitrate_ug_l,105.6
MPR,1991-10-22,mg_mg_l,1.8233333333333335
MPR,1991-10-22,ca_mg_l,6.1033333333333335
MPR,1991-10-22,amm_ug_l,NA
MPR,1991-10-29,k_mg_l,0.6522222222222223
MPR,1991-10-29,nitrate_ug_l,105.1
MPR,1991-10-29,mg_mg_l,1.8233333333333335
MPR,1991-10-29,ca_mg_l,6.414444444444444
MPR,1991-10-29,amm_ug_l,NA
MPR,1991-11-05,k_mg_l,0.6522222222222223
MPR,1991-11-05,nitrate_ug_l,104.88888888888889
MPR,1991-11-05,mg_mg_l,1.8233333333333335
MPR,1991-11-05,ca_mg_l,6.414444444444444
MPR,1991-11-05,amm_ug_l,NA
MPR,1991-11-12,k_mg_l,0.7377777777777778
MPR,1991-11-12,nitrate_ug_l,115.55555555555556
MPR,1991-11-12,mg_mg_l,1.9333333333333333
MPR,1991-11-12,ca_mg_l,6.985555555555556
MPR,1991-11-12,amm_ug_l,NA
MPR,1991-11-18,k_mg_l,0.7244444444444444
MPR,1991-11-18,nitrate_ug_l,110.33333333333333
MPR,1991-11-18,mg_mg_l,1.8922222222222222
MPR,1991-11-18,ca_mg_l,7.097777777777778
MPR,1991-11-18,amm_ug_l,NA
MPR,1991-11-26,k_mg_l,0.71
MPR,1991-11-26,nitrate_ug_l,119.44444444444444
MPR,1991-11-26,mg_mg_l,1.8522222222222222
MPR,1991-11-26,ca_mg_l,7.178888888888889
MPR,1991-11-26,amm_ug_l,NA
MPR,1991-12-03,k_mg_l,0.7033333333333334
MPR,1991-12-03,nitrate_ug_l,117.22222222222223
MPR,1991-12-03,mg_mg_l,1.8444444444444446
MPR,1991-12-03,ca_mg_l,7.438888888888889
MPR,1991-12-03,amm_ug_l,NA
MPR,1991-12-10,k_mg_l,0.7266666666666667
MPR,1991-12-10,nitrate_ug_l,136
MPR,1991-12-10,mg_mg_l,1.8744444444444444
MPR,1991-12-10,ca_mg_l,7.7411111111111115
MPR,1991-12-10,amm_ug_l,NA
MPR,1991-12-17,k_mg_l,0.7444444444444445
MPR,1991-12-17,nitrate_ug_l,128.11111111111111
MPR,1991-12-17,mg_mg_l,1.9277777777777778
MPR,1991-12-17,ca_mg_l,8.153333333333332
MPR,1991-12-17,amm_ug_l,NA
MPR,1991-12-23,k_mg_l,0.8244444444444444
MPR,1991-12-23,nitrate_ug_l,117.77777777777777
MPR,1991-12-23,mg_mg_l,2.183333333333333
MPR,1991-12-23,ca_mg_l,9.377777777777778
MPR,1991-12-23,amm_ug_l,NA
MPR,1991-12-30,k_mg_l,0.8488888888888889
MPR,1991-12-30,nitrate_ug_l,124.66666666666667
MPR,1991-12-30,mg_mg_l,2.161111111111111
MPR,1991-12-30,ca_mg_l,10.015555555555556
MPR,1991-12-30,amm_ug_l,NA
MPR,1992-01-07,k_mg_l,0.8611111111111112
MPR,1992-01-07,nitrate_ug_l,136
MPR,1992-01-07,mg_mg_l,2.1233333333333335
MPR,1992-01-07,ca_mg_l,10.646666666666667
MPR,1992-01-07,amm_ug_l,NA
MPR,1992-01-14,k_mg_l,0.9322222222222222
MPR,1992-01-14,nitrate_ug_l,126.33333333333333
MPR,1992-01-14,mg_mg_l,2.2111111111111112
MPR,1992-01-14,ca_mg_l,11.133333333333333
MPR,1992-01-14,amm_ug_l,NA
MPR,1992-01-21,k_mg_l,0.9555555555555556
MPR,1992-01-21,nitrate_ug_l,122.22222222222223
MPR,1992-01-21,mg_mg_l,2.2533333333333334
MPR,1992-01-21,ca_mg_l,11.153333333333332
MPR,1992-01-21,amm_ug_l,NA
MPR,1992-01-28,k_mg_l,0.9711111111111111
MPR,1992-01-28,nitrate_ug_l,123.875
MPR,1992-01-28,mg_mg_l,2.178888888888889
MPR,1992-01-28,ca_mg_l,10.386666666666667
MPR,1992-01-28,amm_ug_l,NA
MPR,1992-02-04,k_mg_l,1.0077777777777779
MPR,1992-02-04,nitrate_ug_l,118.625
MPR,1992-02-04,mg_mg_l,2.1333333333333333
MPR,1992-02-04,ca_mg_l,10.328888888888889
MPR,1992-02-04,amm_ug_l,NA
MPR,1992-02-11,k_mg_l,1.0277777777777777
MPR,1992-02-11,nitrate_ug_l,109.375
MPR,1992-02-11,mg_mg_l,2.292222222222222
MPR,1992-02-11,ca_mg_l,9.848888888888888
MPR,1992-02-11,amm_ug_l,NA
MPR,1992-02-18,k_mg_l,0.9533333333333334
MPR,1992-02-18,nitrate_ug_l,108.375
MPR,1992-02-18,mg_mg_l,2.8133333333333335
MPR,1992-02-18,ca_mg_l,9.7325
MPR,1992-02-18,amm_ug_l,NA
MPR,1992-02-25,k_mg_l,0.9188888888888889
MPR,1992-02-25,nitrate_ug_l,107.375
MPR,1992-02-25,mg_mg_l,2.7511111111111113
MPR,1992-02-25,ca_mg_l,9.365
MPR,1992-02-25,amm_ug_l,NA
MPR,1992-03-03,k_mg_l,0.9422222222222223
MPR,1992-03-03,nitrate_ug_l,88.5
MPR,1992-03-03,mg_mg_l,2.8088888888888888
MPR,1992-03-03,ca_mg_l,8.68875
MPR,1992-03-03,amm_ug_l,NA
MPR,1992-03-10,k_mg_l,0.9322222222222223
MPR,1992-03-10,nitrate_ug_l,75.875
MPR,1992-03-10,mg_mg_l,2.783333333333333
MPR,1992-03-10,ca_mg_l,7.734999999999999
MPR,1992-03-10,amm_ug_l,NA
MPR,1992-03-17,k_mg_l,0.8422222222222222
MPR,1992-03-17,nitrate_ug_l,65.75
MPR,1992-03-17,mg_mg_l,2.743333333333333
MPR,1992-03-17,ca_mg_l,7.3774999999999995
MPR,1992-03-17,amm_ug_l,NA
MPR,1992-03-24,k_mg_l,0.8433333333333334
MPR,1992-03-24,nitrate_ug_l,63.875
MPR,1992-03-24,mg_mg_l,2.741111111111111
MPR,1992-03-24,ca_mg_l,7.512499999999999
MPR,1992-03-24,amm_ug_l,NA
MPR,1992-04-01,k_mg_l,0.8190000000000001
MPR,1992-04-01,nitrate_ug_l,65.66666666666667
MPR,1992-04-01,mg_mg_l,2.541
MPR,1992-04-01,ca_mg_l,7.42
MPR,1992-04-01,amm_ug_l,NA
MPR,1992-04-07,k_mg_l,0.7877777777777778
MPR,1992-04-07,nitrate_ug_l,67.375
MPR,1992-04-07,mg_mg_l,2.628888888888889
MPR,1992-04-07,ca_mg_l,7.28
MPR,1992-04-07,amm_ug_l,NA
MPR,1992-04-14,k_mg_l,0.7688888888888888
MPR,1992-04-14,nitrate_ug_l,56
MPR,1992-04-14,mg_mg_l,2.482222222222222
MPR,1992-04-14,ca_mg_l,7.74125
MPR,1992-04-14,amm_ug_l,NA
MPR,1992-04-21,k_mg_l,0.8288888888888889
MPR,1992-04-21,nitrate_ug_l,54.375
MPR,1992-04-21,mg_mg_l,1.8177777777777777
MPR,1992-04-21,ca_mg_l,7.38
MPR,1992-04-21,amm_ug_l,NA
MPR,1992-04-28,k_mg_l,0.8366666666666667
MPR,1992-04-28,nitrate_ug_l,54.625
MPR,1992-04-28,mg_mg_l,1.7522222222222221
MPR,1992-04-28,ca_mg_l,7.101111111111111
MPR,1992-04-28,amm_ug_l,NA
MPR,1992-05-05,k_mg_l,0.8088888888888889
MPR,1992-05-05,nitrate_ug_l,51.5
MPR,1992-05-05,mg_mg_l,1.7622222222222221
MPR,1992-05-05,ca_mg_l,7.138888888888889
MPR,1992-05-05,amm_ug_l,NA
MPR,1992-05-12,k_mg_l,0.8322222222222222
MPR,1992-05-12,nitrate_ug_l,42.625
MPR,1992-05-12,mg_mg_l,1.8611111111111112
MPR,1992-05-12,ca_mg_l,7.36
MPR,1992-05-12,amm_ug_l,NA
MPR,1992-05-19,k_mg_l,0.83
MPR,1992-05-19,nitrate_ug_l,44.5
MPR,1992-05-19,mg_mg_l,1.9277777777777778
MPR,1992-05-19,ca_mg_l,7.561111111111111
MPR,1992-05-19,amm_ug_l,NA
MPR,1992-05-26,k_mg_l,0.8088888888888889
MPR,1992-05-26,nitrate_ug_l,37.75
MPR,1992-05-26,mg_mg_l,1.8977777777777778
MPR,1992-05-26,ca_mg_l,7.321111111111112
MPR,1992-05-26,amm_ug_l,NA
MPR,1992-06-02,k_mg_l,0.7966666666666666
MPR,1992-06-02,nitrate_ug_l,38.111111111111114
MPR,1992-06-02,mg_mg_l,1.961111111111111
MPR,1992-06-02,ca_mg_l,7.605555555555556
MPR,1992-06-02,amm_ug_l,NA
MPR,1992-06-09,k_mg_l,0.82
MPR,1992-06-09,nitrate_ug_l,30.555555555555557
MPR,1992-06-09,mg_mg_l,2.101111111111111
MPR,1992-06-09,ca_mg_l,8.156666666666666
MPR,1992-06-09,amm_ug_l,NA
MPR,1992-06-16,k_mg_l,0.7833333333333333
MPR,1992-06-16,nitrate_ug_l,34.22222222222222
MPR,1992-06-16,mg_mg_l,1.9733333333333334
MPR,1992-06-16,ca_mg_l,7.65
MPR,1992-06-16,amm_ug_l,NA
MPR,1992-06-23,k_mg_l,0.7744444444444444
MPR,1992-06-23,nitrate_ug_l,38.111111111111114
MPR,1992-06-23,mg_mg_l,2.088888888888889
MPR,1992-06-23,ca_mg_l,8.1466666666666665
MPR,1992-06-23,amm_ug_l,NA
MPR,1992-06-30,k_mg_l,0.7933333333333333
MPR,1992-06-30,nitrate_ug_l,43.666666666666664
MPR,1992-06-30,mg_mg_l,2.1577777777777776
MPR,1992-06-30,ca_mg_l,8.5
MPR,1992-06-30,amm_ug_l,NA
MPR,1992-07-07,k_mg_l,0.8222222222222222
MPR,1992-07-07,nitrate_ug_l,48
MPR,1992-07-07,mg_mg_l,2.214444444444444
MPR,1992-07-07,ca_mg_l,8.653333333333332
MPR,1992-07-07,amm_ug_l,NA
MPR,1992-07-14,k_mg_l,0.8166666666666667
MPR,1992-07-14,nitrate_ug_l,45.888888888888886
MPR,1992-07-14,mg_mg_l,2.2222222222222223
MPR,1992-07-14,ca_mg_l,8.637777777777778
MPR,1992-07-14,amm_ug_l,NA
MPR,1992-07-21,k_mg_l,0.8522222222222222
MPR,1992-07-21,nitrate_ug_l,42.333333333333336
MPR,1992-07-21,mg_mg_l,2.1944444444444446
MPR,1992-07-21,ca_mg_l,8.62111111111111
MPR,1992-07-21,amm_ug_l,NA
MPR,1992-07-28,k_mg_l,0.8433333333333334
MPR,1992-07-28,nitrate_ug_l,39.888888888888886
MPR,1992-07-28,mg_mg_l,2.17
MPR,1992-07-28,ca_mg_l,8.593333333333334
MPR,1992-07-28,amm_ug_l,NA
MPR,1992-08-04,k_mg_l,0.8288888888888889
MPR,1992-08-04,nitrate_ug_l,45.22222222222222
MPR,1992-08-04,mg_mg_l,2.1733333333333333
MPR,1992-08-04,ca_mg_l,8.617777777777778
MPR,1992-08-04,amm_ug_l,NA
MPR,1992-08-11,k_mg_l,0.8233333333333334
MPR,1992-08-11,nitrate_ug_l,62.111111111111114
MPR,1992-08-11,mg_mg_l,2.2022222222222223
MPR,1992-08-11,ca_mg_l,8.783333333333333
MPR,1992-08-11,amm_ug_l,NA
MPR,1992-08-18,k_mg_l,0.8444444444444444
MPR,1992-08-18,nitrate_ug_l,59.55555555555556
MPR,1992-08-18,mg_mg_l,2.378888888888889
MPR,1992-08-18,ca_mg_l,9.58
MPR,1992-08-18,amm_ug_l,NA
MPR,1992-08-25,k_mg_l,0.8466666666666667
MPR,1992-08-25,nitrate_ug_l,52.55555555555556
MPR,1992-08-25,mg_mg_l,2.39
MPR,1992-08-25,ca_mg_l,9.634444444444444
MPR,1992-08-25,amm_ug_l,NA
MPR,1992-09-01,k_mg_l,0.9
MPR,1992-09-01,nitrate_ug_l,46.44444444444444
MPR,1992-09-01,mg_mg_l,2.4855555555555555
MPR,1992-09-01,ca_mg_l,10.154444444444444
MPR,1992-09-01,amm_ug_l,NA
MPR,1992-09-08,k_mg_l,0.8355555555555556
MPR,1992-09-08,nitrate_ug_l,44.77777777777778
MPR,1992-09-08,mg_mg_l,2.2866666666666666
MPR,1992-09-08,ca_mg_l,9.565555555555555
MPR,1992-09-08,amm_ug_l,NA
MPR,1992-09-15,k_mg_l,0.7966666666666666
MPR,1992-09-15,nitrate_ug_l,51
MPR,1992-09-15,mg_mg_l,2.098888888888889
MPR,1992-09-15,ca_mg_l,8.85
MPR,1992-09-15,amm_ug_l,NA
MPR,1992-09-22,k_mg_l,0.7344444444444445
MPR,1992-09-22,nitrate_ug_l,52.22222222222222
MPR,1992-09-22,mg_mg_l,2.0366666666666666
MPR,1992-09-22,ca_mg_l,8.482222222222221
MPR,1992-09-22,amm_ug_l,NA
MPR,1992-09-29,k_mg_l,0.7355555555555555
MPR,1992-09-29,nitrate_ug_l,56.125
MPR,1992-09-29,mg_mg_l,2.0255555555555556
MPR,1992-09-29,ca_mg_l,8.397777777777778
MPR,1992-09-29,amm_ug_l,NA
MPR,1992-10-06,k_mg_l,0.7622222222222222
MPR,1992-10-06,nitrate_ug_l,49.625
MPR,1992-10-06,mg_mg_l,2.013333333333333
MPR,1992-10-06,ca_mg_l,8.262222222222222
MPR,1992-10-06,amm_ug_l,NA
MPR,1992-10-13,k_mg_l,0.7511111111111112
MPR,1992-10-13,nitrate_ug_l,31.5
MPR,1992-10-13,mg_mg_l,1.9644444444444444
MPR,1992-10-13,ca_mg_l,8.053333333333333
MPR,1992-10-13,amm_ug_l,NA
MPR,1992-10-20,k_mg_l,0.7066666666666667
MPR,1992-10-20,nitrate_ug_l,30.25
MPR,1992-10-20,mg_mg_l,1.8377777777777777
MPR,1992-10-20,ca_mg_l,7.623333333333333
MPR,1992-10-20,amm_ug_l,NA
MPR,1992-10-27,k_mg_l,0.70625
MPR,1992-10-27,nitrate_ug_l,33.57142857142857
MPR,1992-10-27,mg_mg_l,1.77125
MPR,1992-10-27,ca_mg_l,7.395
MPR,1992-10-27,amm_ug_l,NA
MPR,1992-11-03,k_mg_l,0.62
MPR,1992-11-03,nitrate_ug_l,35.166666666666664
MPR,1992-11-03,mg_mg_l,1.5975
MPR,1992-11-03,ca_mg_l,6.53125
MPR,1992-11-03,amm_ug_l,NA
MPR,1992-11-10,k_mg_l,0.6475
MPR,1992-11-10,nitrate_ug_l,31.6
MPR,1992-11-10,mg_mg_l,1.66625
MPR,1992-11-10,ca_mg_l,6.685
MPR,1992-11-10,amm_ug_l,NA
MPR,1992-11-17,k_mg_l,0.6825
MPR,1992-11-17,nitrate_ug_l,23
MPR,1992-11-17,mg_mg_l,1.79875
MPR,1992-11-17,ca_mg_l,7.22
MPR,1992-11-17,amm_ug_l,NA
MPR,1992-11-24,k_mg_l,0.68125
MPR,1992-11-24,nitrate_ug_l,23.333333333333332
MPR,1992-11-24,mg_mg_l,1.83625
MPR,1992-11-24,ca_mg_l,7.39375
MPR,1992-11-24,amm_ug_l,NA
MPR,1992-12-01,k_mg_l,0.69125
MPR,1992-12-01,nitrate_ug_l,23.333333333333332
MPR,1992-12-01,mg_mg_l,1.88625
MPR,1992-12-01,ca_mg_l,7.592499999999999
MPR,1992-12-01,amm_ug_l,NA
MPR,1992-12-08,k_mg_l,0.67125
MPR,1992-12-08,nitrate_ug_l,16.5
MPR,1992-12-08,mg_mg_l,1.89375
MPR,1992-12-08,ca_mg_l,7.6274999999999995
MPR,1992-12-08,amm_ug_l,NA
MPR,1992-12-15,k_mg_l,0.68375
MPR,1992-12-15,nitrate_ug_l,14
MPR,1992-12-15,mg_mg_l,1.9225
MPR,1992-12-15,ca_mg_l,7.77375
MPR,1992-12-15,amm_ug_l,NA
MPR,1992-12-22,k_mg_l,0.70625
MPR,1992-12-22,nitrate_ug_l,NA
MPR,1992-12-22,mg_mg_l,1.8975
MPR,1992-12-22,ca_mg_l,7.55875
MPR,1992-12-22,amm_ug_l,NA
MPR,1992-12-29,k_mg_l,0.7255555555555555
MPR,1992-12-29,nitrate_ug_l,NA
MPR,1992-12-29,mg_mg_l,1.9188888888888889
MPR,1992-12-29,ca_mg_l,7.552222222222222
MPR,1992-12-29,amm_ug_l,NA
MPR,1993-01-05,k_mg_l,0.7222222222222222
MPR,1993-01-05,nitrate_ug_l,78
MPR,1993-01-05,mg_mg_l,1.981111111111111
MPR,1993-01-05,ca_mg_l,7.802222222222222
MPR,1993-01-05,amm_ug_l,NA
MPR,1993-01-12,k_mg_l,0.7388888888888889
MPR,1993-01-12,nitrate_ug_l,77
MPR,1993-01-12,mg_mg_l,2.0277777777777777
MPR,1993-01-12,ca_mg_l,7.973333333333334
MPR,1993-01-12,amm_ug_l,NA
MPR,1993-01-19,k_mg_l,0.7344444444444445
MPR,1993-01-19,nitrate_ug_l,84.33333333333333
MPR,1993-01-19,mg_mg_l,2.0566666666666666
MPR,1993-01-19,ca_mg_l,8.046666666666667
MPR,1993-01-19,amm_ug_l,NA
MPR,1993-01-26,k_mg_l,0.7577777777777778
MPR,1993-01-26,nitrate_ug_l,74.75
MPR,1993-01-26,mg_mg_l,2.101111111111111
MPR,1993-01-26,ca_mg_l,8.245555555555555
MPR,1993-01-26,amm_ug_l,NA
MPR,1993-02-02,k_mg_l,0.7533333333333333
MPR,1993-02-02,nitrate_ug_l,86.2
MPR,1993-02-02,mg_mg_l,2.1422222222222222
MPR,1993-02-02,ca_mg_l,8.356666666666667
MPR,1993-02-02,amm_ug_l,NA
MPR,1993-02-09,k_mg_l,0.7611111111111111
MPR,1993-02-09,nitrate_ug_l,91.66666666666667
MPR,1993-02-09,mg_mg_l,2.1966666666666668
MPR,1993-02-09,ca_mg_l,8.618888888888888
MPR,1993-02-09,amm_ug_l,NA
MPR,1993-02-16,k_mg_l,0.7688888888888888
MPR,1993-02-16,nitrate_ug_l,86.71428571428571
MPR,1993-02-16,mg_mg_l,2.223333333333333
MPR,1993-02-16,ca_mg_l,8.782222222222222
MPR,1993-02-16,amm_ug_l,NA
MPR,1993-02-23,k_mg_l,0.8166666666666667
MPR,1993-02-23,nitrate_ug_l,84.875
MPR,1993-02-23,mg_mg_l,2.341111111111111
MPR,1993-02-23,ca_mg_l,9.244444444444444
MPR,1993-02-23,amm_ug_l,NA
MPR,1993-03-02,k_mg_l,0.8055555555555556
MPR,1993-03-02,nitrate_ug_l,81.33333333333333
MPR,1993-03-02,mg_mg_l,2.371111111111111
MPR,1993-03-02,ca_mg_l,9.314444444444444
MPR,1993-03-02,amm_ug_l,NA
MPR,1993-03-09,k_mg_l,0.8533333333333334
MPR,1993-03-09,nitrate_ug_l,80.22222222222223
MPR,1993-03-09,mg_mg_l,2.3055555555555554
MPR,1993-03-09,ca_mg_l,9.028888888888888
MPR,1993-03-09,amm_ug_l,NA
MPR,1993-03-16,k_mg_l,0.8277777777777778
MPR,1993-03-16,nitrate_ug_l,74.55555555555556
MPR,1993-03-16,mg_mg_l,2.216666666666667
MPR,1993-03-16,ca_mg_l,8.661111111111111
MPR,1993-03-16,amm_ug_l,NA
MPR,1993-03-23,k_mg_l,0.8311111111111111
MPR,1993-03-23,nitrate_ug_l,71.88888888888889
MPR,1993-03-23,mg_mg_l,2.1855555555555557
MPR,1993-03-23,ca_mg_l,8.606666666666667
MPR,1993-03-23,amm_ug_l,NA
MPR,1993-03-30,k_mg_l,0.8388888888888889
MPR,1993-03-30,nitrate_ug_l,68
MPR,1993-03-30,mg_mg_l,2.098888888888889
MPR,1993-03-30,ca_mg_l,8.282222222222222
MPR,1993-03-30,amm_ug_l,NA
MPR,1993-04-06,k_mg_l,0.8422222222222222
MPR,1993-04-06,nitrate_ug_l,60
MPR,1993-04-06,mg_mg_l,2.026666666666667
MPR,1993-04-06,ca_mg_l,8.072222222222223
MPR,1993-04-06,amm_ug_l,NA
MPR,1993-04-13,k_mg_l,0.84
MPR,1993-04-13,nitrate_ug_l,52.125
MPR,1993-04-13,mg_mg_l,2.013333333333333
MPR,1993-04-13,ca_mg_l,7.963333333333333
MPR,1993-04-13,amm_ug_l,NA
MPR,1993-04-20,k_mg_l,0.8288888888888889
MPR,1993-04-20,nitrate_ug_l,47.125
MPR,1993-04-20,mg_mg_l,1.9366666666666665
MPR,1993-04-20,ca_mg_l,7.583333333333333
MPR,1993-04-20,amm_ug_l,NA
MPR,1993-04-27,k_mg_l,0.8344444444444444
MPR,1993-04-27,nitrate_ug_l,43.57142857142857
MPR,1993-04-27,mg_mg_l,1.89
MPR,1993-04-27,ca_mg_l,7.302222222222222
MPR,1993-04-27,amm_ug_l,NA
MPR,1993-05-04,k_mg_l,0.8555555555555555
MPR,1993-05-04,nitrate_ug_l,42
MPR,1993-05-04,mg_mg_l,1.9933333333333334
MPR,1993-05-04,ca_mg_l,7.9944444444444445
MPR,1993-05-04,amm_ug_l,NA
MPR,1993-05-11,k_mg_l,0.8077777777777778
MPR,1993-05-11,nitrate_ug_l,55.333333333333336
MPR,1993-05-11,mg_mg_l,2.051111111111111
MPR,1993-05-11,ca_mg_l,8.234444444444444
MPR,1993-05-11,amm_ug_l,NA
MPR,1993-05-18,k_mg_l,0.8033333333333333
MPR,1993-05-18,nitrate_ug_l,61.4
MPR,1993-05-18,mg_mg_l,2.091111111111111
MPR,1993-05-18,ca_mg_l,8.48
MPR,1993-05-18,amm_ug_l,NA
MPR,1993-05-25,k_mg_l,0.7977777777777778
MPR,1993-05-25,nitrate_ug_l,58
MPR,1993-05-25,mg_mg_l,2.102222222222222
MPR,1993-05-25,ca_mg_l,8.527777777777779
MPR,1993-05-25,amm_ug_l,NA
MPR,1993-06-01,k_mg_l,0.7788888888888889
MPR,1993-06-01,nitrate_ug_l,73.66666666666667
MPR,1993-06-01,mg_mg_l,2.0188888888888887
MPR,1993-06-01,ca_mg_l,8.6
MPR,1993-06-01,amm_ug_l,NA
MPR,1993-06-08,k_mg_l,0.7733333333333333
MPR,1993-06-08,nitrate_ug_l,56.75
MPR,1993-06-08,mg_mg_l,2.0855555555555556
MPR,1993-06-08,ca_mg_l,8.884444444444444
MPR,1993-06-08,amm_ug_l,NA
MPR,1993-06-15,k_mg_l,0.76625
MPR,1993-06-15,nitrate_ug_l,57
MPR,1993-06-15,mg_mg_l,2.05375
MPR,1993-06-15,ca_mg_l,8.865
MPR,1993-06-15,amm_ug_l,NA
MPR,1993-06-15,k_mg_l,0.76625
MPR,1993-06-15,nitrate_ug_l,57
MPR,1993-06-15,mg_mg_l,2.05375
MPR,1993-06-15,ca_mg_l,8.865
MPR,1993-06-15,amm_ug_l,NA
MPR,1993-06-22,k_mg_l,0.79875
MPR,1993-06-22,nitrate_ug_l,64.66666666666667
MPR,1993-06-22,mg_mg_l,2.135
MPR,1993-06-22,ca_mg_l,9.17875
MPR,1993-06-22,amm_ug_l,NA
MPR,1993-06-29,k_mg_l,0.79375
MPR,1993-06-29,nitrate_ug_l,63
MPR,1993-06-29,mg_mg_l,2.23625
MPR,1993-06-29,ca_mg_l,9.6325
MPR,1993-06-29,amm_ug_l,NA
MPR,1993-07-06,k_mg_l,0.7675
MPR,1993-07-06,nitrate_ug_l,63
MPR,1993-07-06,mg_mg_l,2.01
MPR,1993-07-06,ca_mg_l,8.5875
MPR,1993-07-06,amm_ug_l,NA
MPR,1993-07-13,k_mg_l,0.8075
MPR,1993-07-13,nitrate_ug_l,50.75
MPR,1993-07-13,mg_mg_l,1.97375
MPR,1993-07-13,ca_mg_l,8.455
MPR,1993-07-13,amm_ug_l,NA
MPR,1993-07-20,k_mg_l,0.8412499999999999
MPR,1993-07-20,nitrate_ug_l,51.8
MPR,1993-07-20,mg_mg_l,2.0575
MPR,1993-07-20,ca_mg_l,8.77875
MPR,1993-07-20,amm_ug_l,NA
MPR,1993-07-27,k_mg_l,0.8412499999999999
MPR,1993-07-27,nitrate_ug_l,52.166666666666664
MPR,1993-07-27,mg_mg_l,2.03625
MPR,1993-07-27,ca_mg_l,8.76375
MPR,1993-07-27,amm_ug_l,NA
MPR,1993-08-03,k_mg_l,0.7975
MPR,1993-08-03,nitrate_ug_l,45.57142857142857
MPR,1993-08-03,mg_mg_l,2.1
MPR,1993-08-03,ca_mg_l,8.68
MPR,1993-08-03,amm_ug_l,NA
MPR,1993-08-10,k_mg_l,0.81125
MPR,1993-08-10,nitrate_ug_l,47.42857142857143
MPR,1993-08-10,mg_mg_l,2.06
MPR,1993-08-10,ca_mg_l,8.4175
MPR,1993-08-10,amm_ug_l,NA
MPR,1993-08-17,k_mg_l,0.8
MPR,1993-08-17,nitrate_ug_l,50.25
MPR,1993-08-17,mg_mg_l,2.068888888888889
MPR,1993-08-17,ca_mg_l,8.374444444444444
MPR,1993-08-17,amm_ug_l,NA
MPR,1993-08-24,k_mg_l,0.7566666666666667
MPR,1993-08-24,nitrate_ug_l,46.25
MPR,1993-08-24,mg_mg_l,1.9266666666666667
MPR,1993-08-24,ca_mg_l,8.078888888888889
MPR,1993-08-24,amm_ug_l,NA
MPR,1993-08-31,k_mg_l,0.7377777777777778
MPR,1993-08-31,nitrate_ug_l,49.375
MPR,1993-08-31,mg_mg_l,1.8233333333333333
MPR,1993-08-31,ca_mg_l,7.654444444444445
MPR,1993-08-31,amm_ug_l,NA
MPR,1993-09-07,k_mg_l,0.7211111111111111
MPR,1993-09-07,nitrate_ug_l,49.111111111111114
MPR,1993-09-07,mg_mg_l,1.9766666666666666
MPR,1993-09-07,ca_mg_l,8.001111111111111
MPR,1993-09-07,amm_ug_l,NA
MPR,1993-09-14,k_mg_l,0.6866666666666666
MPR,1993-09-14,nitrate_ug_l,38.888888888888886
MPR,1993-09-14,mg_mg_l,1.9444444444444444
MPR,1993-09-14,ca_mg_l,7.8822222222222225
MPR,1993-09-14,amm_ug_l,NA
MPR,1993-09-21,k_mg_l,0.7022222222222222
MPR,1993-09-21,nitrate_ug_l,38.55555555555556
MPR,1993-09-21,mg_mg_l,1.8755555555555556
MPR,1993-09-21,ca_mg_l,7.435555555555555
MPR,1993-09-21,amm_ug_l,NA
MPR,1993-09-28,k_mg_l,0.7222222222222222
MPR,1993-09-28,nitrate_ug_l,34.44444444444444
MPR,1993-09-28,mg_mg_l,1.968888888888889
MPR,1993-09-28,ca_mg_l,7.585555555555556
MPR,1993-09-28,amm_ug_l,NA
MPR,1993-10-05,k_mg_l,0.75
MPR,1993-10-05,nitrate_ug_l,35.888888888888886
MPR,1993-10-05,mg_mg_l,1.9622222222222223
MPR,1993-10-05,ca_mg_l,7.404444444444445
MPR,1993-10-05,amm_ug_l,NA
MPR,1993-10-13,k_mg_l,0.719
MPR,1993-10-13,nitrate_ug_l,39.55555555555556
MPR,1993-10-13,mg_mg_l,2.021
MPR,1993-10-13,ca_mg_l,7.74
MPR,1993-10-13,amm_ug_l,NA
MPR,1993-10-19,k_mg_l,0.72
MPR,1993-10-19,nitrate_ug_l,35.75
MPR,1993-10-19,mg_mg_l,2.0077777777777777
MPR,1993-10-19,ca_mg_l,7.707777777777777
MPR,1993-10-19,amm_ug_l,NA
MPR,1993-10-26,k_mg_l,0.7255555555555555
MPR,1993-10-26,nitrate_ug_l,37.875
MPR,1993-10-26,mg_mg_l,2.0244444444444443
MPR,1993-10-26,ca_mg_l,7.538888888888889
MPR,1993-10-26,amm_ug_l,NA
MPR,1993-11-02,k_mg_l,0.6633333333333333
MPR,1993-11-02,nitrate_ug_l,31.428571428571427
MPR,1993-11-02,mg_mg_l,1.8855555555555557
MPR,1993-11-02,ca_mg_l,7.6025
MPR,1993-11-02,amm_ug_l,NA
MPR,1993-11-09,k_mg_l,0.6577777777777778
MPR,1993-11-09,nitrate_ug_l,28.833333333333332
MPR,1993-11-09,mg_mg_l,1.6811111111111112
MPR,1993-11-09,ca_mg_l,7.39625
MPR,1993-11-09,amm_ug_l,NA
MPR,1993-11-16,k_mg_l,0.5988888888888889
MPR,1993-11-16,nitrate_ug_l,33.2
MPR,1993-11-16,mg_mg_l,1.5222222222222221
MPR,1993-11-16,ca_mg_l,6.6
MPR,1993-11-16,amm_ug_l,NA
MPR,1993-11-23,k_mg_l,0.5433333333333333
MPR,1993-11-23,nitrate_ug_l,28.25
MPR,1993-11-23,mg_mg_l,1.4211111111111112
MPR,1993-11-23,ca_mg_l,6.67
MPR,1993-11-23,amm_ug_l,NA
MPR,1993-11-30,k_mg_l,0.5044444444444445
MPR,1993-11-30,nitrate_ug_l,32
MPR,1993-11-30,mg_mg_l,1.35
MPR,1993-11-30,ca_mg_l,6.56625
MPR,1993-11-30,amm_ug_l,NA
MPR,1993-12-07,k_mg_l,0.5
MPR,1993-12-07,nitrate_ug_l,27.333333333333332
MPR,1993-12-07,mg_mg_l,1.4144444444444444
MPR,1993-12-07,ca_mg_l,6.8625
MPR,1993-12-07,amm_ug_l,NA
MPR,1993-12-14,k_mg_l,0.5166666666666667
MPR,1993-12-14,nitrate_ug_l,22.75
MPR,1993-12-14,mg_mg_l,1.3844444444444444
MPR,1993-12-14,ca_mg_l,6.7875
MPR,1993-12-14,amm_ug_l,NA
MPR,1993-12-21,k_mg_l,0.5
MPR,1993-12-21,nitrate_ug_l,13
MPR,1993-12-21,mg_mg_l,1.3522222222222222
MPR,1993-12-21,ca_mg_l,6.5525
MPR,1993-12-21,amm_ug_l,NA
MPR,1993-12-28,k_mg_l,0.48888888888888893
MPR,1993-12-28,nitrate_ug_l,6.333333333333333
MPR,1993-12-28,mg_mg_l,1.3166666666666667
MPR,1993-12-28,ca_mg_l,6.35375
MPR,1993-12-28,amm_ug_l,NA
MPR,1994-01-04,k_mg_l,0.5444444444444445
MPR,1994-01-04,nitrate_ug_l,6.333333333333333
MPR,1994-01-04,mg_mg_l,1.49
MPR,1994-01-04,ca_mg_l,6.597777777777778
MPR,1994-01-04,amm_ug_l,NA
MPR,1994-01-11,k_mg_l,0.5700000000000001
MPR,1994-01-11,nitrate_ug_l,6.333333333333333
MPR,1994-01-11,mg_mg_l,1.6344444444444444
MPR,1994-01-11,ca_mg_l,6.863333333333333
MPR,1994-01-11,amm_ug_l,NA
MPR,1994-01-18,k_mg_l,0.6366666666666667
MPR,1994-01-18,nitrate_ug_l,6.333333333333333
MPR,1994-01-18,mg_mg_l,1.8822222222222222
MPR,1994-01-18,ca_mg_l,8
MPR,1994-01-18,amm_ug_l,NA
MPR,1994-01-25,k_mg_l,0.6655555555555556
MPR,1994-01-25,nitrate_ug_l,7
MPR,1994-01-25,mg_mg_l,2.0533333333333332
MPR,1994-01-25,ca_mg_l,8.462222222222222
MPR,1994-01-25,amm_ug_l,NA
MPR,1994-02-01,k_mg_l,0.6855555555555556
MPR,1994-02-01,nitrate_ug_l,7
MPR,1994-02-01,mg_mg_l,2.0877777777777777
MPR,1994-02-01,ca_mg_l,8.717777777777778
MPR,1994-02-01,amm_ug_l,NA
MPR,1994-02-08,k_mg_l,0.7155555555555556
MPR,1994-02-08,nitrate_ug_l,7.666666666666667
MPR,1994-02-08,mg_mg_l,2.1622222222222223
MPR,1994-02-08,ca_mg_l,9.238888888888889
MPR,1994-02-08,amm_ug_l,NA
MPR,1994-02-15,k_mg_l,0.7166666666666667
MPR,1994-02-15,nitrate_ug_l,7
MPR,1994-02-15,mg_mg_l,2.12
MPR,1994-02-15,ca_mg_l,9.064444444444444
MPR,1994-02-15,amm_ug_l,NA
MPR,1994-02-22,k_mg_l,0.7233333333333334
MPR,1994-02-22,nitrate_ug_l,7
MPR,1994-02-22,mg_mg_l,2.1
MPR,1994-02-22,ca_mg_l,9.082222222222223
MPR,1994-02-22,amm_ug_l,NA
MPR,1994-03-01,k_mg_l,0.7455555555555555
MPR,1994-03-01,nitrate_ug_l,14
MPR,1994-03-01,mg_mg_l,2.258888888888889
MPR,1994-03-01,ca_mg_l,9.84
MPR,1994-03-01,amm_ug_l,NA
MPR,1994-03-08,k_mg_l,0.7488888888888889
MPR,1994-03-08,nitrate_ug_l,18.333333333333332
MPR,1994-03-08,mg_mg_l,2.3155555555555556
MPR,1994-03-08,ca_mg_l,10.178888888888888
MPR,1994-03-08,amm_ug_l,NA
MPR,1994-03-15,k_mg_l,0.7277777777777777
MPR,1994-03-15,nitrate_ug_l,18.5
MPR,1994-03-15,mg_mg_l,2.2044444444444444
MPR,1994-03-15,ca_mg_l,9.652222222222223
MPR,1994-03-15,amm_ug_l,NA
MPR,1994-03-22,k_mg_l,0.7588888888888888
MPR,1994-03-22,nitrate_ug_l,18.4
MPR,1994-03-22,mg_mg_l,2.1155555555555554
MPR,1994-03-22,ca_mg_l,9.256666666666666
MPR,1994-03-22,amm_ug_l,NA
MPR,1994-03-29,k_mg_l,0.76
MPR,1994-03-29,nitrate_ug_l,20.4
MPR,1994-03-29,mg_mg_l,2.0877777777777777
MPR,1994-03-29,ca_mg_l,9.147777777777778
MPR,1994-03-29,amm_ug_l,NA
MPR,1994-04-05,k_mg_l,0.8077777777777777
MPR,1994-04-05,nitrate_ug_l,21.833333333333332
MPR,1994-04-05,mg_mg_l,2.183333333333333
MPR,1994-04-05,ca_mg_l,9.177777777777777
MPR,1994-04-05,amm_ug_l,NA
MPR,1994-04-12,k_mg_l,0.8044444444444444
MPR,1994-04-12,nitrate_ug_l,20.428571428571427
MPR,1994-04-12,mg_mg_l,2.1333333333333333
MPR,1994-04-12,ca_mg_l,8.774444444444445
MPR,1994-04-12,amm_ug_l,NA
MPR,1994-04-19,k_mg_l,0.8344444444444444
MPR,1994-04-19,nitrate_ug_l,19.75
MPR,1994-04-19,mg_mg_l,2.2422222222222223
MPR,1994-04-19,ca_mg_l,9.238888888888889
MPR,1994-04-19,amm_ug_l,NA
MPR,1994-04-26,k_mg_l,0.86
MPR,1994-04-26,nitrate_ug_l,19.11111111111111
MPR,1994-04-26,mg_mg_l,2.3177777777777777
MPR,1994-04-26,ca_mg_l,9.436666666666667
MPR,1994-04-26,amm_ug_l,NA
MPR,1994-05-03,k_mg_l,0.8688888888888888
MPR,1994-05-03,nitrate_ug_l,19.125
MPR,1994-05-03,mg_mg_l,2.28
MPR,1994-05-03,ca_mg_l,9.242222222222223
MPR,1994-05-03,amm_ug_l,NA
MPR,1994-05-10,k_mg_l,0.8755555555555555
MPR,1994-05-10,nitrate_ug_l,17.25
MPR,1994-05-10,mg_mg_l,2.2744444444444443
MPR,1994-05-10,ca_mg_l,9.082222222222223
MPR,1994-05-10,amm_ug_l,NA
MPR,1994-05-17,k_mg_l,0.8633333333333333
MPR,1994-05-17,nitrate_ug_l,19.625
MPR,1994-05-17,mg_mg_l,2.3433333333333333
MPR,1994-05-17,ca_mg_l,8.848888888888888
MPR,1994-05-17,amm_ug_l,NA
MPR,1994-05-24,k_mg_l,0.8277777777777777
MPR,1994-05-24,nitrate_ug_l,24.75
MPR,1994-05-24,mg_mg_l,2.3544444444444443
MPR,1994-05-24,ca_mg_l,8.94111111111111
MPR,1994-05-24,amm_ug_l,NA
MPR,1994-05-31,k_mg_l,0.8588888888888889
MPR,1994-05-31,nitrate_ug_l,25.571428571428573
MPR,1994-05-31,mg_mg_l,2.367777777777778
MPR,1994-05-31,ca_mg_l,9.13888888888889
MPR,1994-05-31,amm_ug_l,NA
MPR,1994-06-07,k_mg_l,0.8066666666666666
MPR,1994-06-07,nitrate_ug_l,25
MPR,1994-06-07,mg_mg_l,2.25
MPR,1994-06-07,ca_mg_l,8.89
MPR,1994-06-07,amm_ug_l,NA
MPR,1994-06-14,k_mg_l,0.8155555555555556
MPR,1994-06-14,nitrate_ug_l,52.833333333333336
MPR,1994-06-14,mg_mg_l,2.421111111111111
MPR,1994-06-14,ca_mg_l,8.524444444444445
MPR,1994-06-14,amm_ug_l,NA
MPR,1994-06-21,k_mg_l,0.7933333333333333
MPR,1994-06-21,nitrate_ug_l,60.4
MPR,1994-06-21,mg_mg_l,2.38
MPR,1994-06-21,ca_mg_l,8.644444444444444
MPR,1994-06-21,amm_ug_l,NA
MPR,1994-06-28,k_mg_l,0.7944444444444444
MPR,1994-06-28,nitrate_ug_l,72
MPR,1994-06-28,mg_mg_l,2.3644444444444446
MPR,1994-06-28,ca_mg_l,8.825555555555555
MPR,1994-06-28,amm_ug_l,NA
MPR,1994-07-05,k_mg_l,0.8177777777777778
MPR,1994-07-05,nitrate_ug_l,72
MPR,1994-07-05,mg_mg_l,2.4966666666666666
MPR,1994-07-05,ca_mg_l,9.112222222222222
MPR,1994-07-05,amm_ug_l,NA
MPR,1994-07-12,k_mg_l,0.8333333333333334
MPR,1994-07-12,nitrate_ug_l,92
MPR,1994-07-12,mg_mg_l,2.4566666666666666
MPR,1994-07-12,ca_mg_l,8.907777777777778
MPR,1994-07-12,amm_ug_l,NA
MPR,1994-07-19,k_mg_l,0.8666666666666667
MPR,1994-07-19,nitrate_ug_l,119
MPR,1994-07-19,mg_mg_l,2.5
MPR,1994-07-19,ca_mg_l,9.666666666666666
MPR,1994-07-19,amm_ug_l,NA
MPR,1994-07-26,k_mg_l,0.8722222222222222
MPR,1994-07-26,nitrate_ug_l,179
MPR,1994-07-26,mg_mg_l,2.428888888888889
MPR,1994-07-26,ca_mg_l,9.212222222222222
MPR,1994-07-26,amm_ug_l,NA
MPR,1994-08-02,k_mg_l,0.8633333333333333
MPR,1994-08-02,nitrate_ug_l,179
MPR,1994-08-02,mg_mg_l,2.3844444444444446
MPR,1994-08-02,ca_mg_l,9.04111111111111
MPR,1994-08-02,amm_ug_l,NA
MPR,1994-08-09,k_mg_l,0.8766666666666667
MPR,1994-08-09,nitrate_ug_l,179
MPR,1994-08-09,mg_mg_l,2.4122222222222223
MPR,1994-08-09,ca_mg_l,9.397777777777778
MPR,1994-08-09,amm_ug_l,NA
MPR,1994-08-16,k_mg_l,0.8611111111111112
MPR,1994-08-16,nitrate_ug_l,NA
MPR,1994-08-16,mg_mg_l,2.203333333333333
MPR,1994-08-16,ca_mg_l,9.7155555555555555
MPR,1994-08-16,amm_ug_l,NA
MPR,1994-08-23,k_mg_l,0.8744444444444445
MPR,1994-08-23,nitrate_ug_l,NA
MPR,1994-08-23,mg_mg_l,2.21
MPR,1994-08-23,ca_mg_l,9.744444444444444
MPR,1994-08-23,amm_ug_l,NA
MPR,1994-08-30,k_mg_l,0.8522222222222222
MPR,1994-08-30,nitrate_ug_l,NA
MPR,1994-08-30,mg_mg_l,2.1222222222222222
MPR,1994-08-30,ca_mg_l,9.213333333333333
MPR,1994-08-30,amm_ug_l,NA
MPR,1994-09-06,k_mg_l,0.8288888888888889
MPR,1994-09-06,nitrate_ug_l,NA
MPR,1994-09-06,mg_mg_l,2.0155555555555558
MPR,1994-09-06,ca_mg_l,9.007777777777777
MPR,1994-09-06,amm_ug_l,NA
MPR,1994-09-13,k_mg_l,0.7911111111111111
MPR,1994-09-13,nitrate_ug_l,NA
MPR,1994-09-13,mg_mg_l,1.9244444444444444
MPR,1994-09-13,ca_mg_l,8.734444444444444
MPR,1994-09-13,amm_ug_l,NA
MPR,1994-09-20,k_mg_l,0.7844444444444444
MPR,1994-09-20,nitrate_ug_l,NA
MPR,1994-09-20,mg_mg_l,1.8944444444444444
MPR,1994-09-20,ca_mg_l,8.686666666666667
MPR,1994-09-20,amm_ug_l,NA
MPR,1994-09-27,k_mg_l,0.7644444444444445
MPR,1994-09-27,nitrate_ug_l,NA
MPR,1994-09-27,mg_mg_l,1.93
MPR,1994-09-27,ca_mg_l,8.956666666666667
MPR,1994-09-27,amm_ug_l,NA
MPR,1994-10-04,k_mg_l,0.75
MPR,1994-10-04,nitrate_ug_l,80
MPR,1994-10-04,mg_mg_l,1.958888888888889
MPR,1994-10-04,ca_mg_l,8.556666666666667
MPR,1994-10-04,amm_ug_l,NA
MPR,1994-10-11,k_mg_l,0.7577777777777778
MPR,1994-10-11,nitrate_ug_l,43
MPR,1994-10-11,mg_mg_l,2.0055555555555555
MPR,1994-10-11,ca_mg_l,7.890000000000001
MPR,1994-10-11,amm_ug_l,NA
MPR,1994-10-18,k_mg_l,0.7422222222222222
MPR,1994-10-18,nitrate_ug_l,43
MPR,1994-10-18,mg_mg_l,2.017777777777778
MPR,1994-10-18,ca_mg_l,7.891111111111111
MPR,1994-10-18,amm_ug_l,NA
MPR,1994-10-25,k_mg_l,0.7177777777777777
MPR,1994-10-25,nitrate_ug_l,43
MPR,1994-10-25,mg_mg_l,2.0155555555555558
MPR,1994-10-25,ca_mg_l,7.73
MPR,1994-10-25,amm_ug_l,NA
MPR,1994-11-01,k_mg_l,0.7133333333333334
MPR,1994-11-01,nitrate_ug_l,43
MPR,1994-11-01,mg_mg_l,2.0877777777777777
MPR,1994-11-01,ca_mg_l,7.992222222222222
MPR,1994-11-01,amm_ug_l,NA
MPR,1994-11-08,k_mg_l,0.7
MPR,1994-11-08,nitrate_ug_l,43
MPR,1994-11-08,mg_mg_l,2.0625
MPR,1994-11-08,ca_mg_l,7.76625
MPR,1994-11-08,amm_ug_l,NA
MPR,1994-11-15,k_mg_l,0.71
MPR,1994-11-15,nitrate_ug_l,43
MPR,1994-11-15,mg_mg_l,2.162857142857143
MPR,1994-11-15,ca_mg_l,8.038571428571428
MPR,1994-11-15,amm_ug_l,NA
MPR,1994-11-22,k_mg_l,0.7066666666666667
MPR,1994-11-22,nitrate_ug_l,43
MPR,1994-11-22,mg_mg_l,2.18
MPR,1994-11-22,ca_mg_l,7.808333333333334
MPR,1994-11-22,amm_ug_l,NA
MPR,1994-11-29,k_mg_l,0.738
MPR,1994-11-29,nitrate_ug_l,43
MPR,1994-11-29,mg_mg_l,2.338
MPR,1994-11-29,ca_mg_l,8.16
MPR,1994-11-29,amm_ug_l,NA
MPR,1994-12-06,k_mg_l,0.7
MPR,1994-12-06,nitrate_ug_l,6
MPR,1994-12-06,mg_mg_l,2.35
MPR,1994-12-06,ca_mg_l,8.465
MPR,1994-12-06,amm_ug_l,NA
MPR,1994-12-13,k_mg_l,0.6266666666666667
MPR,1994-12-13,nitrate_ug_l,NA
MPR,1994-12-13,mg_mg_l,2.15
MPR,1994-12-13,ca_mg_l,9.15
MPR,1994-12-13,amm_ug_l,NA
MPR,1994-12-20,k_mg_l,0.64
MPR,1994-12-20,nitrate_ug_l,NA
MPR,1994-12-20,mg_mg_l,2.25
MPR,1994-12-20,ca_mg_l,9.645
MPR,1994-12-20,amm_ug_l,NA
MPR,1994-12-27,k_mg_l,0.61
MPR,1994-12-27,nitrate_ug_l,NA
MPR,1994-12-27,mg_mg_l,2.28
MPR,1994-12-27,ca_mg_l,9.25
MPR,1994-12-27,amm_ug_l,NA
